SeriousDlqin2yrs,RevolvingUtilizationOfUnsecuredLines,age,NumberOfTime30-59DaysPastDueNotWorse,DebtRatio,MonthlyIncome,NumberOfOpenCreditLinesAndLoans,NumberOfTimes90DaysLate,NumberRealEstateLoansOrLines,NumberOfTime60-89DaysPastDueNotWorse,NumberOfDependents,PD
0,0.029689737,57,0,0.283244418,10121.0,7,0,1,0,0.0,0.06698641
0,0.0,57,0,0.14256225,7750.0,9,0,1,0,0.0,0.08059807
0,0.036569165,48,0,0.236293951,6000.0,6,0,2,0,3.0,0.10435224
0,1.018330787,41,0,0.163137729,4958.0,4,0,0,0,0.0,0.6332024
0,0.798650169,34,0,0.295274271,8950.0,8,0,2,0,0.0,0.38438264
0,0.04593505,78,0,0.007199177,5833.0,11,0,0,0,1.0,0.06108087
0,0.301055343,54,0,0.255097258,8533.0,12,0,1,0,0.0,0.1801337
0,0.133724418,44,0,0.259474278,6200.0,9,0,2,0,2.0,0.12670872
1,0.9999999,55,0,0.132851696,4982.0,1,1,0,0,0.0,0.8503278
0,0.0,33,0,0.009175931,5666.0,9,0,0,0,0.0,0.14553085
0,0.0,44,0,0.608531437,4500.0,13,0,2,0,2.0,0.14438903
0,0.881514811,62,0,0.489179104,2679.0,4,0,1,0,0.0,0.40922207
0,0.345982257,58,0,0.514371407,4000.0,6,0,1,0,0.0,0.19117203
0,0.074144247,74,0,0.009249377,5621.0,6,0,0,0,1.0,0.116234906
0,0.508254824,47,0,0.58369593,7813.0,9,0,1,0,1.0,0.48501658
0,0.005455228,81,0,0.479004666,4500.0,17,0,2,0,0.0,0.0832721
1,0.419627554,63,1,0.438756124,10000.0,13,1,2,0,0.0,0.74749106
0,0.004136176,41,0,0.472323285,7695.0,9,0,2,0,0.0,0.12037429
0,0.795932437,25,1,0.037756802,1800.0,3,0,0,0,0.0,0.74733734
0,0.066611829,34,0,0.206383489,8333.0,5,0,1,0,0.0,0.09080967
0,0.06323366,46,0,0.191144965,4200.0,6,0,1,0,1.0,0.10365057
0,0.291630852,45,1,0.554770789,7503.0,17,0,4,0,0.0,0.61517924
1,0.147334739,54,0,0.031626085,3572.0,8,0,0,0,1.0,0.17172138
0,0.451736404,62,0,0.180824373,16739.0,8,0,2,0,0.0,0.08857245
0,0.023732354,44,0,0.544645535,10000.0,11,0,1,0,2.0,0.13545004
0,0.822400231,63,0,0.515793683,2500.0,12,0,0,0,0.0,0.5830555
0,0.023455168,64,0,0.253984607,16500.0,28,0,2,0,1.0,0.09545062
0,0.032074198,57,0,0.548886738,3098.0,8,0,1,0,0.0,0.13967393
0,0.737815546,37,2,168.0,1.0,3,1,0,0,0.0,0.7481972
0,0.604395604,36,0,0.710350955,2250.0,18,0,0,0,0.0,0.6745544
0,0.9999999,53,0,0.0,1333.0,0,0,0,0,0.0,0.7521238
0,0.158859813,53,0,0.435405953,6416.0,12,0,1,0,1.0,0.21812089
0,0.004755344,62,0,0.402355776,7470.0,10,0,3,0,2.0,0.14314766
0,0.0,30,0,0.0,2000.0,3,0,0,0,0.0,0.17917846
0,0.9999999,71,0,0.0,8000.0,0,0,0,0,0.0,0.3981395
0,0.798624547,69,0,0.445263684,8001.0,8,0,2,1,0.0,0.66199183
1,0.762408771,39,0,0.529433543,2700.0,6,0,0,0,4.0,0.6000622
0,0.047997333,57,0,0.260353469,7581.0,4,0,1,0,1.0,0.056542665
1,0.787511231,48,2,1.554174067,1688.0,6,1,1,1,3.0,0.9503983
0,0.102774497,51,0,0.162936832,9070.0,9,0,1,0,1.0,0.10555933
0,0.072853674,84,0,0.017301038,2600.0,4,0,0,0,1.0,0.06393017
0,0.05234587,65,1,1.280929768,4000.0,11,0,4,0,0.0,0.694853
0,0.478023726,43,0,0.162941961,5995.0,3,1,1,0,2.0,0.73401767
0,0.063982976,72,0,0.036049682,3300.0,4,0,0,0,1.0,0.08378311
0,0.098284692,30,0,0.450387051,1420.0,7,0,0,0,0.0,0.2072317
0,0.188430487,47,0,0.429893438,7131.0,5,0,1,0,2.0,0.18430237
0,0.0,55,0,0.0,6900.0,2,0,0,0,0.0,0.08918108
0,0.0,55,0,0.585793137,4166.0,7,0,1,0,0.0,0.13271546
0,0.779088729,52,0,0.258882342,5600.0,9,0,1,0,0.0,0.47827092
0,0.969549289,57,0,0.598955392,7083.0,24,0,2,0,1.0,0.5124716
0,0.142738779,47,0,0.367907261,4916.0,8,0,1,0,2.0,0.15574618
0,0.0,53,0,0.188540573,20000.0,16,0,2,0,4.0,0.096742004
0,0.0,71,0,0.423326134,3703.0,13,0,1,0,0.0,0.07375358
0,0.0,33,0,0.479658606,3514.0,11,0,1,0,0.0,0.2523709
0,0.078049835,45,0,0.569960023,1750.0,10,0,2,0,0.0,0.23528768
0,0.224367989,47,0,0.280226164,12910.0,5,0,1,0,5.0,0.06483305
0,0.727946115,57,0,0.272429309,18000.0,8,0,2,0,4.0,0.25368
0,0.076211301,49,0,0.205577612,10326.0,7,0,1,0,1.0,0.056080986
0,0.9999999,34,0,3210.0,0.0,2,0,1,0,2.0,0.24666868
0,0.989400353,51,0,0.87424362,3800.0,6,0,2,0,0.0,0.6037117
0,0.023256695,67,0,0.005346294,4114.0,4,0,0,0,0.0,0.027285276
0,0.206618815,42,0,0.390540776,5750.0,8,0,2,0,3.0,0.14180505
0,0.0,34,0,0.29843963,6600.0,10,0,0,0,2.0,0.23984474
0,0.023899403,58,0,0.119847812,4730.0,4,0,0,0,1.0,0.04859981
0,0.012477239,66,0,0.085793137,8333.0,5,0,0,0,2.0,0.09619774
0,0.250974903,33,0,0.061297685,3066.0,4,0,0,0,0.0,0.25418577
0,0.375968651,60,0,0.275497572,10500.0,14,0,2,0,0.0,0.21085258
0,0.954499082,31,0,0.235159342,4800.0,10,0,0,0,2.0,0.65861976
0,0.228519196,40,0,0.175637394,6000.0,8,0,0,0,0.0,0.1589896
0,0.033461782,44,0,1.243362832,4067.0,5,0,2,0,1.0,0.20224592
0,0.17727829,65,0,0.02413417,7333.0,2,0,0,0,0.0,0.105340004
0,0.049011809,49,0,1.015912481,4021.0,16,0,2,0,2.0,0.32440805
0,0.064647345,65,0,0.393034826,200.0,4,0,0,0,0.0,0.10676853
0,0.110994158,85,0,0.026076159,2415.0,1,0,0,0,0.0,0.03952261
0,0.151233951,63,1,0.064693197,5100.0,7,0,0,0,1.0,0.4298808
0,0.246042779,70,0,0.318729785,3400.0,7,0,0,0,0.0,0.17425643
0,0.740293974,28,0,0.681751179,6783.0,9,0,1,0,0.0,0.511774
0,0.024162279,75,0,0.006293965,2700.0,10,0,0,0,0.0,0.061381068
0,4.23e-05,51,0,0.06587473,8333.0,7,0,0,0,1.0,0.15046641
1,0.979486886,59,0,1.168943685,3000.0,9,0,2,0,1.0,0.6731552
1,0.9999999,35,0,0.075274961,7000.0,1,2,0,1,3.0,0.95214176
0,0.200448239,57,1,0.289618397,6000.0,15,0,2,0,0.0,0.4052475
0,0.9999999,22,0,0.011976048,500.0,0,0,0,0,0.0,0.3112022
0,0.002943509,60,0,0.000821018,7307.0,7,0,0,0,2.0,0.04954231
0,0.417553954,62,0,0.466055446,4580.0,11,0,1,0,1.0,0.2734576
0,0.9999999,28,0,0.264532173,3216.0,5,0,0,0,0.0,0.6151836
0,0.229448971,60,0,0.357169322,8096.0,15,0,1,0,1.0,0.18995066
0,0.11045178,63,0,0.311815713,11416.0,20,0,1,1,1.0,0.401461
0,0.192080876,34,0,0.402780387,5322.0,8,0,1,0,4.0,0.23073906
0,0.0,58,0,0.151310457,3700.0,6,0,1,0,0.0,0.12772867
0,0.661195142,59,0,0.709907014,8710.0,20,0,5,0,0.0,0.66039026
0,0.138601336,46,0,0.641245358,3500.0,23,0,2,0,0.0,0.25518078
0,0.10603311,60,0,0.139124058,15000.0,7,0,1,0,0.0,0.039284315
0,0.840257721,33,1,0.561643836,2700.0,8,0,0,0,0.0,0.7463882
0,0.0,43,0,0.0,2300.0,8,0,0,0,1.0,0.06106745
0,0.429343707,73,0,0.335827216,7083.0,23,0,0,0,0.0,0.30930555
0,0.0,50,0,0.0,1200.0,4,0,0,0,0.0,0.11552769
0,0.000212721,57,0,0.165278241,3000.0,4,0,0,0,2.0,0.20902659
0,0.008246998,52,0,0.363145096,3700.0,3,0,1,0,2.0,0.086176
0,0.068769134,67,0,0.291585421,6666.0,13,0,2,0,3.0,0.18221565
0,0.484589112,37,0,0.373803742,7000.0,10,0,1,0,2.0,0.35153925
0,0.01585557,64,0,0.112411607,4100.0,10,0,1,0,0.0,0.049140036
0,0.0,25,1,0.05891636,1900.0,2,0,0,0,0.0,0.563083
1,0.0,60,3,0.292697378,6750.0,5,1,1,2,0.0,0.94320786
0,0.012461753,54,0,0.222196691,4351.0,11,0,1,0,0.0,0.13295646
0,0.132091359,36,0,0.461418307,3200.0,8,0,2,0,1.0,0.18874294
0,0.07087744,58,0,0.275158248,7740.0,18,0,1,0,0.0,0.20092104
1,0.960691923,42,0,1.241580483,3770.0,29,1,2,1,3.0,0.9369311
0,0.02966865,53,0,0.305562676,3900.0,15,0,1,1,0.0,0.4692259
0,0.9999999,34,0,1.810841984,2600.0,7,0,2,0,0.0,0.59834397
0,0.053967137,68,1,0.74690124,2500.0,9,0,1,0,0.0,0.34865654
0,0.9999999,47,0,0.757432255,3800.0,2,1,0,3,2.0,0.95601356
0,0.034868996,81,0,0.017391304,4484.0,6,0,0,0,0.0,0.024734654
0,0.294756011,59,0,0.563535912,4886.0,20,0,3,0,3.0,0.33918634
1,0.76147208,46,0,0.494569902,5800.0,7,0,1,0,2.0,0.46473753
0,0.009004321,46,0,0.017327557,3000.0,7,0,0,0,0.0,0.13500291
0,0.528879393,59,0,0.639218915,8500.0,19,0,1,0,0.0,0.32979143
0,0.408433359,42,0,0.468075437,4400.0,7,0,1,0,1.0,0.3063504
0,0.019811546,56,0,0.067488752,6000.0,19,0,1,0,0.0,0.1192704
0,0.0,56,1,0.500549945,10000.0,8,0,2,0,2.0,0.25932717
0,0.982120773,51,0,0.328345802,9623.0,9,0,2,0,1.0,0.44797572
0,0.008867272,58,0,0.256641604,5984.0,10,0,1,0,1.0,0.061105173
0,0.723202695,30,0,12.31840796,200.0,9,0,2,0,0.0,0.4705417
0,0.065258947,53,0,0.172982774,5514.0,13,0,1,0,0.0,0.09736959
0,0.046441004,41,0,0.447881961,2100.0,3,0,1,0,0.0,0.09602089
0,0.0,53,0,0.37652226,5008.0,12,0,2,0,2.0,0.22430173
0,0.81821487,66,0,0.098320813,4525.0,12,0,0,0,0.0,0.34286517
0,0.428398505,45,0,0.339366516,3756.0,8,0,1,0,0.0,0.272323
0,0.851893513,31,0,0.155576382,3200.0,2,0,0,0,0.0,0.47488362
0,0.227737854,53,0,1.372434018,3750.0,12,0,2,0,0.0,0.43385383
0,0.034390557,65,0,0.225815144,3710.0,10,0,0,0,1.0,0.14440416
0,0.132956425,48,0,0.630987182,4446.0,7,0,1,0,2.0,0.2071325
0,0.9999999,67,0,0.384271513,17000.0,9,0,3,0,0.0,0.33957127
0,0.35698725,67,0,0.10936357,2733.0,2,0,0,0,0.0,0.23153567
0,0.103955339,59,0,0.241543734,6710.0,17,0,2,0,1.0,0.074639454
0,0.0,59,0,0.033996762,10500.0,9,0,0,0,0.0,0.07613479
0,0.653869226,62,0,0.389566613,6229.0,6,0,1,0,3.0,0.35396573
0,0.042296246,42,0,0.268591772,7583.0,13,0,2,0,3.0,0.09507158
0,0.005216938,74,0,1.0,0.0,4,0,0,0,0.0,0.043802198
0,0.397824817,55,0,0.116446579,9995.0,6,0,1,0,1.0,0.1640654
0,0.0,41,2,0.287486179,20800.0,12,0,1,1,5.0,0.5322995
1,0.221007496,61,0,0.618258353,3800.0,10,0,2,0,0.0,0.22775242
0,0.030723037,37,0,0.513137558,5175.0,10,0,2,0,0.0,0.21515703
0,0.523856126,39,0,0.340653662,7740.0,13,0,1,0,1.0,0.41210422
0,0.0,51,0,0.355552363,6960.0,7,0,1,0,0.0,0.14798206
0,0.016361242,57,0,0.220898258,12000.0,24,0,1,0,2.0,0.09477036
0,0.014174482,74,0,0.037446286,3257.0,9,0,0,0,1.0,0.22096106
0,0.317984571,64,0,0.251974347,18866.0,12,0,2,0,0.0,0.0787472
0,0.041004229,29,1,0.316184191,6666.0,12,0,1,0,0.0,0.28204644
0,0.010522704,86,0,0.196695096,1875.0,10,0,1,0,0.0,0.07404647
0,0.195046916,33,0,0.398522382,2300.0,10,0,1,0,1.0,0.32530266
0,0.033715834,66,0,0.382860867,3068.0,8,0,1,0,0.0,0.11292001
0,0.002205726,64,0,0.160641711,14024.0,17,0,1,0,0.0,0.05871669
0,0.034645112,65,0,0.125189985,12500.0,4,0,1,0,1.0,0.032653343
1,0.944375952,41,5,0.285031155,6900.0,10,2,0,0,3.0,0.9395304
0,1.262719106,65,0,0.464468288,17800.0,20,0,3,0,1.0,0.43240485
0,0.077792264,27,1,0.206042956,2746.0,3,3,0,2,0.0,0.96309924
0,0.212264597,32,0,0.087685915,25750.0,10,0,1,0,3.0,0.15485768
1,0.867949444,62,1,0.456806283,4583.0,15,0,1,0,3.0,0.7868774
0,0.319600499,61,0,0.00137228,5100.0,4,0,0,0,1.0,0.32842633
0,0.160904619,65,0,0.004999929,70000.0,4,0,0,0,1.0,0.053853568
0,0.280571731,52,0,0.089955022,2000.0,7,0,0,0,0.0,0.29688856
0,0.469248033,42,1,0.168598939,5088.0,9,0,0,0,0.0,0.5516912
0,0.046224118,52,0,0.139815533,11600.0,11,0,2,0,0.0,0.12518881
0,0.016842105,58,0,0.096195977,5020.0,9,0,0,0,0.0,0.122939624
0,0.785020281,29,2,0.323823458,4100.0,7,2,0,0,0.0,0.9296551
0,0.0,35,0,0.33406406,8210.0,7,0,1,0,1.0,0.14888719
0,0.0,26,0,0.378197998,898.0,2,0,0,0,0.0,0.22433618
0,0.880013332,62,0,0.138469039,2050.0,8,0,0,0,0.0,0.56008035
0,0.632247596,68,0,0.143485651,10000.0,9,0,0,0,1.0,0.15798344
0,0.012465836,56,0,0.000749513,6670.0,3,0,0,0,0.0,0.08471562
0,0.822798178,54,0,0.943071369,3600.0,20,3,2,1,1.0,0.9407145
0,0.237594957,55,0,0.151469252,3300.0,7,0,0,0,0.0,0.2557041
0,0.968561258,49,0,0.133397313,8335.0,4,0,0,1,1.0,0.7669905
0,0.930027989,29,0,0.333833083,2000.0,4,0,0,0,0.0,0.5251606
0,0.02623575,63,0,0.007635253,4583.0,7,0,0,0,0.0,0.077209465
0,0.99222395,50,1,0.149300156,4500.0,4,1,0,0,1.0,0.8845464
0,0.04621108,51,0,0.114222144,40000.0,11,0,2,0,2.0,0.123374045
0,0.102286833,52,1,0.352252166,10500.0,13,0,1,0,0.0,0.28069517
0,0.861055556,51,1,0.352599179,5847.0,16,0,0,0,0.0,0.803963
0,0.9999999,71,0,0.469458988,9167.0,4,0,2,0,0.0,0.28903058
0,0.16341229,43,0,0.537355671,8833.0,11,0,3,0,2.0,0.35674664
0,0.558110472,42,0,0.038080334,3833.0,4,0,0,0,4.0,0.54535824
0,0.103714071,58,0,0.234177854,9906.0,26,0,2,0,0.0,0.1631651
0,0.054696594,59,0,0.264021247,6400.0,18,0,1,0,3.0,0.1506353
0,0.372319763,78,0,0.517775752,5484.0,6,0,1,0,0.0,0.15783049
0,0.014715048,67,0,0.511622094,4000.0,6,0,1,0,0.0,0.0576632
0,0.084037973,71,0,1.092529389,2636.0,18,0,2,0,0.0,0.24673875
0,0.022244284,58,0,0.078427016,4500.0,8,0,0,0,2.0,0.099242575
0,0.9999999,43,1,0.761809548,4000.0,6,0,1,0,2.0,0.74130315
0,0.007189449,40,0,0.299041336,9700.0,11,0,2,0,2.0,0.09102916
0,0.119103305,56,0,0.497229917,4331.0,16,0,2,0,1.0,0.24890913
0,0.027762241,48,0,0.250121497,6172.0,7,0,1,0,1.0,0.0885044
0,0.191137775,45,2,1.228532485,2200.0,11,0,1,0,2.0,0.70860374
0,0.9999999,49,1,1.117339529,3442.0,5,0,1,0,2.0,0.72984225
1,0.256510533,29,1,8901.0,0.0,17,0,9,0,1.0,0.9278829
0,0.024931671,39,0,0.555737705,4879.0,6,0,3,0,2.0,0.27098456
0,0.041247422,54,0,0.002279818,8333.0,3,0,0,0,0.0,0.07660684
0,0.625966251,40,0,0.043387199,48700.0,11,0,2,0,0.0,0.45778272
0,0.003349833,57,0,0.253005041,5157.0,2,0,1,0,1.0,0.05369833
0,0.289095196,49,0,0.505382997,8080.0,24,0,2,0,2.0,0.1732855
0,0.514817451,48,0,0.764411811,6400.0,19,0,1,0,1.0,0.66733176
0,0.002367408,40,0,0.585828343,1001.0,12,0,0,0,0.0,0.1685352
0,0.17259292,60,0,0.144097679,19000.0,12,0,2,0,0.0,0.0682803
0,0.172293148,50,0,0.829564682,6500.0,21,0,4,0,0.0,0.5131349
0,0.104464253,50,0,0.48193096,7415.0,20,0,2,0,2.0,0.18279281
0,0.052907426,38,0,0.410797744,6204.0,12,0,1,0,3.0,0.20261128
0,0.038919167,32,0,0.158508159,8150.0,5,0,1,0,2.0,0.06552034
0,0.006891076,87,0,0.005994006,1000.0,10,0,0,0,0.0,0.06368114
0,0.034938062,79,0,0.006268437,8135.0,3,0,0,0,0.0,0.030856386
0,0.139057396,41,0,0.046804527,11750.0,5,0,0,0,2.0,0.11572656
0,0.186890655,54,0,0.655589124,3640.0,7,0,1,0,1.0,0.16481727
0,0.509936183,38,0,0.801389327,3166.0,7,0,2,0,1.0,0.45747033
0,0.070283889,57,0,0.53444789,7416.0,9,0,3,0,1.0,0.2892306
0,0.481633336,52,0,0.313835771,5333.0,3,0,1,0,0.0,0.23684905
0,0.287054067,39,1,0.368283777,5750.0,15,0,2,0,0.0,0.39651763
1,0.538991525,41,5,1.279906698,3000.0,10,1,2,0,3.0,0.9385038
0,0.335712013,41,0,0.648859731,3200.0,3,0,2,0,0.0,0.28273824
0,0.0,30,1,0.678464307,5000.0,13,0,2,0,0.0,0.5997144
0,0.114706004,80,0,0.117110544,2740.0,2,0,0,0,0.0,0.06498924
0,0.0,56,0,0.733152828,3323.0,12,0,1,0,1.0,0.24418677
0,0.029424906,69,0,0.486895925,6600.0,10,0,1,0,0.0,0.05636108
0,0.023462917,41,0,0.532546745,10000.0,10,0,3,0,0.0,0.31018054
0,0.047908462,64,0,0.310384231,7000.0,13,0,3,0,0.0,0.089482166
0,0.234588471,73,0,0.607874016,634.0,8,0,1,0,0.0,0.093066216
0,0.487216112,31,0,0.143245342,2575.0,7,0,0,0,0.0,0.23687421
0,0.125554653,28,0,0.44761508,4800.0,5,0,2,0,0.0,0.30994138
0,0.725116039,45,0,0.52308528,1840.0,8,0,0,0,3.0,0.5757068
0,0.076352576,93,0,0.027941553,3900.0,2,0,0,0,0.0,0.021750271
0,0.036761211,57,0,0.202425736,15417.0,22,0,2,0,0.0,0.13743745
0,0.66189968,64,1,0.277611652,10366.0,11,1,1,0,0.0,0.72040737
0,0.720249045,37,0,0.608956854,1830.0,18,0,0,0,3.0,0.7562496
0,0.335748245,49,0,0.199609306,5630.0,8,0,0,0,2.0,0.26121816
0,0.365649586,45,0,0.278418705,6500.0,7,0,1,0,3.0,0.23860309
0,0.144547041,51,0,0.539878731,8575.0,12,0,1,0,1.0,0.20177513
0,0.091311998,60,1,0.106532737,13638.0,14,0,1,0,0.0,0.1871882
0,0.788289896,26,0,0.427857589,1600.0,11,1,0,0,0.0,0.9280819
0,0.199956046,27,0,0.19046058,6100.0,10,0,0,0,1.0,0.2972172
0,0.026996625,23,0,0.007308161,820.0,4,0,0,0,0.0,0.080923125
0,0.164391463,35,0,0.01561524,1600.0,2,0,0,0,0.0,0.16707514
0,0.819601087,54,0,5.054228914,8500.0,35,0,2,0,0.0,0.21575016
0,0.011332956,47,0,0.001176332,8500.0,2,0,0,0,1.0,0.09535788
0,0.112559113,52,0,0.371942778,6500.0,18,0,1,0,0.0,0.16716667
0,0.207056117,37,1,0.532917063,7366.0,17,0,1,0,2.0,0.5012868
1,0.9999999,44,1,0.399580021,6666.0,7,2,1,0,1.0,0.9184007
0,0.318015336,38,0,0.446901517,3888.0,20,0,1,0,4.0,0.3908349
0,0.007607175,45,0,0.00659868,5000.0,5,0,0,0,1.0,0.066946104
0,0.9999999,37,0,0.0,4690.0,1,0,0,0,0.0,0.52302283
0,0.362145618,35,0,0.279696041,7500.0,10,0,0,0,0.0,0.27741963
0,0.0,73,0,0.201996323,7613.0,3,0,2,0,0.0,0.0921479
0,0.040547951,74,0,0.020736901,5400.0,5,0,0,0,0.0,0.029697603
0,0.084416512,38,0,0.105910956,6580.0,7,0,0,0,0.0,0.10123439
0,0.192194427,46,1,0.611997144,4200.0,9,0,1,0,2.0,0.55472326
0,0.029271663,42,0,0.18064247,4793.0,6,0,1,0,1.0,0.080281354
0,0.389547097,44,3,0.512801756,4100.0,11,0,2,0,1.0,0.656613
1,1.194825559,59,0,0.409217102,1800.0,3,3,1,3,0.0,0.9732049
0,0.466613355,28,0,0.14474651,1360.0,4,0,0,0,0.0,0.2218103
0,0.072850169,67,0,1.012435991,4100.0,9,0,2,0,1.0,0.26886988
0,0.850271658,64,0,0.513302487,6915.0,4,0,1,0,0.0,0.20786355
0,0.001703672,67,0,0.422915417,5000.0,7,0,2,0,2.0,0.04923344
0,0.999597342,32,0,0.273678836,3916.0,12,0,0,0,0.0,0.67131054
0,0.0,59,1,0.227422615,9400.0,14,0,1,0,1.0,0.31947058
0,0.728363561,66,1,0.625858465,3348.0,7,0,1,0,0.0,0.4890404
1,0.960856616,56,1,0.248805586,2720.0,10,1,0,0,1.0,0.9245153
0,0.017392351,54,0,0.274483678,1500.0,7,0,0,0,0.0,0.13543786
0,0.0,75,0,0.0,3900.0,6,0,0,0,0.0,0.010680998
0,0.464688971,29,0,0.13034188,6083.0,9,0,0,0,0.0,0.28063095
0,0.030298485,37,0,0.314575412,3944.0,7,0,1,0,1.0,0.090846665
0,0.008922443,50,0,2.479927284,6600.0,16,0,3,0,0.0,0.2221778
0,0.629229766,54,0,2.298507463,200.0,6,0,0,0,1.0,0.31419948
0,0.016449589,38,0,0.051561912,7970.0,3,0,0,0,0.0,0.063622236
0,0.0,61,0,0.240268552,14000.0,7,0,3,0,0.0,0.086851895
0,0.072531575,57,0,0.071380471,1484.0,12,0,0,0,0.0,0.24108449
0,0.062492951,40,0,1.011247188,4000.0,15,0,3,0,1.0,0.52781767
0,0.00349965,32,0,0.95430945,1925.0,9,0,1,0,3.0,0.16971676
0,0.0,44,0,0.401638357,8300.0,4,0,2,0,4.0,0.112417415
0,0.001619165,54,0,0.571618921,1500.0,11,0,0,0,0.0,0.12080578
0,0.084688547,67,0,0.728930169,5813.0,13,0,2,0,0.0,0.17465779
0,0.456154172,48,0,0.03124566,7200.0,1,0,0,0,2.0,0.3572742
1,0.024560965,27,0,1.432783608,2000.0,5,1,1,0,0.0,0.78474534
0,0.036178564,76,0,0.342841909,3750.0,16,0,2,0,0.0,0.11686496
0,0.052907443,65,0,0.055403303,13500.0,4,0,0,0,0.0,0.034727775
0,0.020845934,69,0,0.155384176,3500.0,3,0,0,0,0.0,0.039946824
0,0.335988,46,0,0.523052209,6224.0,7,0,2,0,0.0,0.310608
0,0.021894278,63,0,0.449275362,5864.0,9,0,2,0,0.0,0.1240859
0,0.10708913,64,0,0.407858861,12469.0,23,0,3,0,1.0,0.18101157
0,0.118588927,54,0,0.072372865,10362.0,8,0,1,0,0.0,0.051731944
0,0.204431823,60,0,0.04269573,10000.0,6,0,0,0,1.0,0.17646319
0,0.165060318,67,0,0.343914021,4000.0,11,0,1,0,0.0,0.13475703
0,0.048870542,63,0,0.195322196,10474.0,5,0,2,0,1.0,0.031225622
0,0.757471736,51,0,0.284708533,3550.0,4,0,0,0,1.0,0.49963155
0,0.103508878,36,0,0.385589594,5842.0,8,0,2,0,3.0,0.11931227
0,0.125485783,55,1,0.312306853,5500.0,22,0,1,0,0.0,0.4475195
0,0.712050745,43,0,0.657153245,5500.0,20,0,2,0,1.0,0.66084546
0,0.20901617,36,0,0.381667449,6392.0,12,0,2,0,2.0,0.25723132
0,0.026129095,55,1,0.367650588,12500.0,23,0,2,0,2.0,0.41049784
0,0.189950924,58,0,0.289630119,9083.0,13,0,2,0,1.0,0.094000615
0,0.9999999,63,0,0.315698573,11000.0,5,0,2,0,2.0,0.1532868
0,0.030458157,73,0,0.403942294,7000.0,8,0,3,0,1.0,0.1743261
0,0.788249625,38,1,0.600127389,7849.0,17,0,2,0,3.0,0.74590164
0,0.0,59,0,0.0,5750.0,3,0,0,0,0.0,0.08380074
0,1.060967988,57,2,0.314037193,3333.0,2,0,0,0,0.0,0.891152
0,0.9999999,29,0,0.0,1700.0,1,0,0,0,0.0,0.64275634
0,0.538922156,32,0,0.004514673,1771.0,1,0,0,0,0.0,0.55543905
0,0.003649939,47,0,0.179277108,6224.0,7,0,1,0,1.0,0.05936303
1,0.658544156,53,0,0.951917573,5240.0,17,0,4,1,1.0,0.88309854
0,0.745093532,31,0,0.571154308,4166.0,11,0,1,0,0.0,0.64395535
0,0.300021806,74,1,0.295710121,2400.0,11,0,1,0,0.0,0.5233401
0,0.0,67,0,0.003498251,2000.0,6,0,0,0,0.0,0.1019791
0,0.003116843,46,2,0.418681913,12942.0,14,0,3,0,2.0,0.2882072
0,0.9999999,33,0,0.830939829,5500.0,12,0,2,0,1.0,0.7421446
0,0.003771321,26,0,0.231896935,2250.0,4,0,0,0,0.0,0.095822
0,0.017636813,69,0,0.018691589,3958.0,11,0,0,0,0.0,0.037486814
1,1.953488372,38,0,0.153500141,3556.0,5,0,0,0,2.0,0.6513956
0,0.0,72,0,0.283648658,13900.0,10,0,2,0,0.0,0.12195234
0,0.183431131,54,0,0.235874848,6583.0,9,0,1,0,0.0,0.14984562
0,0.178964154,56,0,0.552930754,6772.0,6,0,1,0,1.0,0.12350326
0,0.167737773,75,1,1.009223674,1300.0,8,0,1,0,0.0,0.29974523
0,0.703877747,58,0,0.263838297,14000.0,11,0,0,0,3.0,0.36829177
1,0.752234316,47,0,0.443575419,2684.0,10,0,1,0,2.0,0.5432755
0,0.025450801,74,0,0.31404848,7466.0,14,0,1,0,2.0,0.0880136
0,0.010009462,86,1,0.000633312,9473.0,9,0,0,0,0.0,0.0670949
1,0.137196324,47,1,0.724629499,7084.0,10,0,2,0,2.0,0.4860495
0,0.0,22,0,0.012180268,820.0,2,0,0,0,0.0,0.1136522
0,0.015212865,59,0,0.151041054,8500.0,9,0,1,0,0.0,0.0817964
0,0.242737738,45,0,0.304829871,7846.0,8,0,2,0,4.0,0.15125108
1,0.981517952,54,7,0.506766917,3324.0,10,0,1,0,1.0,0.88299704
0,0.289939075,60,1,0.765489674,1500.0,16,0,0,0,0.0,0.5013143
1,0.911941165,35,0,0.589483612,4240.0,7,0,1,0,1.0,0.64493257
0,0.590277268,66,1,0.458756874,6000.0,9,0,1,0,0.0,0.4863709
0,0.9999999,36,0,0.0,4975.0,0,0,0,0,0.0,0.6634614
0,0.0,73,3,0.065993598,4060.0,13,0,1,0,0.0,0.3382516
0,0.9999999,64,0,0.491131893,3100.0,5,0,3,0,0.0,0.24146616
0,0.19679016,74,0,0.146829201,7300.0,3,0,1,0,0.0,0.070788905
0,0.183477619,70,0,1.259474053,10000.0,14,0,9,0,0.0,0.32188302
0,0.9999999,26,0,0.149023171,2200.0,3,0,0,0,0.0,0.46522975
0,0.0,24,0,0.0,0.0,1,0,0,0,0.0,0.15473893
1,0.419186106,45,0,0.587948954,7600.0,13,0,1,0,2.0,0.43120044
0,0.015282054,70,0,0.244503664,1500.0,6,0,0,0,0.0,0.071977295
1,0.9999999,24,1,0.036654449,3000.0,4,2,0,0,0.0,0.9154471
0,0.03053654,78,0,0.011358473,2200.0,5,0,0,0,0.0,0.050621346
0,0.025294801,61,0,0.359261142,5900.0,11,0,1,0,0.0,0.08797137
0,0.673069936,59,1,0.436351706,7619.0,10,0,2,0,0.0,0.48660788
0,0.163968692,55,0,0.250188395,27866.0,24,0,1,0,3.0,0.14211112
0,0.033728464,50,0,1.281874795,3050.0,12,0,3,0,0.0,0.40916926
0,0.063358284,62,0,0.206410411,8298.0,12,0,1,0,1.0,0.0921448
0,0.0,51,0,0.319278418,4600.0,9,0,3,0,2.0,0.1953464
0,0.9999999,45,0,0.20607243,8200.0,3,0,1,0,0.0,0.40566927
0,0.41093712,33,0,0.199829206,8196.0,11,0,0,0,4.0,0.3427896
0,0.18168532,63,0,0.347896816,4302.0,6,0,1,0,0.0,0.20961645
0,0.012590422,53,0,0.23272403,11214.0,7,0,2,0,0.0,0.06905149
0,0.32443242,65,0,0.04671916,1904.0,2,1,0,0,0.0,0.64759296
1,0.115114261,72,0,0.01995184,5813.0,6,0,0,0,0.0,0.2100467
0,0.510731857,57,0,0.422766179,12500.0,14,0,4,0,3.0,0.37247455
0,0.188514357,51,0,0.704329461,946.0,4,0,1,0,0.0,0.19371511
1,0.586044688,44,0,0.64929546,4470.0,7,0,2,0,0.0,0.44757843
0,0.802433131,39,1,0.071982004,4000.0,7,0,0,1,0.0,0.82690036
1,0.9999999,56,0,0.058659556,8250.0,2,2,0,1,0.0,0.9177068
0,0.9999999,44,1,0.410317936,5000.0,10,0,2,0,0.0,0.67966837
0,0.374843768,36,0,0.213478612,2477.0,6,0,0,0,0.0,0.25619978
1,0.756243756,66,1,0.414383562,2627.0,7,0,1,1,2.0,0.7991757
0,0.423540356,62,0,0.829973602,8333.0,14,0,5,0,1.0,0.6202891
0,0.02847221,58,0,0.03869598,14600.0,4,0,0,0,1.0,0.07577522
1,0.811035406,37,0,0.366663155,9490.0,9,0,2,0,2.0,0.53481066
0,0.0667385,49,1,0.309584727,10161.0,14,0,2,0,0.0,0.44627112
0,0.647466112,46,0,0.559880936,21500.0,19,0,13,0,0.0,0.679556
0,0.994066864,51,0,0.898138833,3975.0,11,0,2,0,0.0,0.69825935
0,0.039277478,48,0,0.213271303,8167.0,7,0,2,0,2.0,0.067927845
0,0.210669423,47,0,0.265341832,8000.0,11,0,1,0,2.0,0.17252395
0,0.635157244,47,0,0.6251786,6298.0,5,0,2,0,1.0,0.46265087
0,0.624497481,44,0,0.806008902,8087.0,10,0,2,0,2.0,0.56106675
0,1.671105193,52,3,0.513250883,4527.0,8,3,2,1,4.0,0.9708448
0,0.067400749,26,0,0.166517857,4479.0,10,0,0,0,0.0,0.24811396
0,0.02392504,86,0,0.013473054,1335.0,3,0,0,0,0.0,0.0151083125
0,0.651573359,64,0,0.577915377,5813.0,10,0,1,0,0.0,0.33585358
0,0.201521066,35,0,0.459588848,3550.0,8,0,1,0,2.0,0.16886714
1,1.164261931,56,1,0.141653502,3797.0,6,3,0,2,1.0,0.97601616
0,0.68224553,55,0,0.398306082,8500.0,12,0,3,0,1.0,0.36336818
0,0.518358531,31,0,0.140613847,1400.0,4,0,0,0,2.0,0.49690282
0,0.165361903,48,0,0.485075392,9748.0,11,0,3,0,0.0,0.30955163
0,0.060461263,61,0,0.241101617,16266.0,9,0,2,0,1.0,0.05654777
0,0.558295436,47,2,0.65526971,6024.0,15,0,2,0,2.0,0.75788873
0,0.030848458,68,0,0.065607451,7300.0,5,0,0,0,1.0,0.04362187
0,0.080629154,50,1,0.036101083,2215.0,8,0,0,0,0.0,0.4148041
0,0.007088508,56,0,0.004241139,3300.0,9,0,0,0,0.0,0.17746861
0,0.191907772,53,0,0.348496086,12134.0,12,0,1,0,2.0,0.14785074
0,0.025386482,45,0,0.498228774,8750.0,8,0,1,0,0.0,0.11020776
0,0.953139552,69,0,0.510677809,14000.0,10,0,2,0,0.0,0.46388608
0,0.982035928,30,0,0.250262881,950.0,2,0,0,0,0.0,0.43636453
0,0.075096179,50,0,0.593629482,7000.0,15,0,2,0,0.0,0.21341366
0,0.9999999,24,1,0.111056269,2025.0,0,0,0,0,0.0,0.69197214
0,0.351833174,33,0,0.117302335,10408.0,12,0,0,0,0.0,0.13228437
0,0.001722127,65,0,0.002586207,2319.0,3,0,0,0,0.0,0.028568393
0,0.202718081,48,0,0.641600417,7672.0,13,0,2,0,2.0,0.23717542
0,0.150184624,39,0,1.200381679,1047.0,25,0,0,0,0.0,0.21425739
0,0.0,52,0,0.351901446,5600.0,4,0,1,0,0.0,0.18460898
0,0.408157007,54,0,0.393989983,9583.0,15,0,1,0,0.0,0.32816544
1,0.451376082,48,0,2.51196093,12080.0,29,0,17,0,2.0,0.8548041
0,0.9999999,22,0,0.0,820.0,1,0,0,0,0.0,0.21727282
0,0.81278309,43,0,0.176405243,4500.0,7,0,0,0,3.0,0.5300275
0,0.718232516,48,0,0.648038246,6065.0,14,0,2,0,2.0,0.58648485
0,0.818491942,33,0,0.322220499,6448.0,4,0,1,0,0.0,0.4359289
0,0.441581417,68,0,0.18251928,3500.0,6,0,1,0,0.0,0.11022273
0,0.12767785,63,0,0.16272377,20500.0,13,0,2,0,0.0,0.04215476
0,0.008437236,82,0,0.002710945,2950.0,2,0,0,0,0.0,0.0210128
0,0.894165252,57,1,1.0665,3999.0,8,0,1,0,0.0,0.6999116
0,0.087449246,57,0,0.91552112,4000.0,3,0,1,0,0.0,0.12023594
0,0.693404592,43,0,0.222865777,3970.0,5,0,0,0,3.0,0.45347682
0,0.125645726,51,0,0.283097419,1200.0,3,0,0,0,0.0,0.18176693
0,0.289311281,54,0,0.137577556,3706.0,7,0,0,0,2.0,0.23132421
0,0.029751814,81,0,0.319148936,140.0,8,0,0,0,0.0,0.08418847
0,0.766973553,43,1,1.36709737,4333.0,21,0,1,0,0.0,0.8682859
0,0.105059556,45,0,0.320139697,7730.0,18,0,1,0,2.0,0.14366765
0,0.039191284,61,0,0.172273409,14000.0,13,0,0,0,1.0,0.05123747
0,0.010999421,37,0,0.286883011,11000.0,10,0,2,0,2.0,0.143816
0,0.063114951,58,1,0.231204819,8299.0,7,0,2,0,2.0,0.21578641
0,0.907443702,49,0,0.197609638,21000.0,12,1,3,0,1.0,0.8170808
0,0.072947539,57,0,0.157032664,10500.0,16,0,1,0,0.0,0.11801887
1,0.238109733,53,4,0.492245448,4448.0,11,0,2,0,0.0,0.7176689
0,0.221641831,45,0,0.504238823,13800.0,14,0,6,0,0.0,0.4810776
1,0.9999999,28,0,0.444334488,2020.0,3,1,0,0,0.0,0.84204966
0,0.003948092,53,0,0.362870025,5100.0,11,0,1,0,4.0,0.0893309
0,0.955679098,56,1,0.155869059,7300.0,8,0,0,0,0.0,0.6932916
0,0.202876812,58,0,0.348975972,6200.0,10,0,1,0,1.0,0.16536652
0,0.416525107,47,0,0.269002912,9958.0,10,0,1,0,2.0,0.30358937
0,0.573172753,54,0,0.49323181,5909.0,12,0,2,0,1.0,0.37624416
0,0.0,62,1,0.122406466,12000.0,10,1,2,0,3.0,0.54628503
0,0.182521384,39,0,0.652948801,6171.0,13,0,3,0,0.0,0.3749082
0,0.24186919,33,0,0.195393169,5035.0,6,0,0,0,2.0,0.25177264
0,0.063846808,66,0,0.298485298,10100.0,7,0,1,0,0.0,0.062519
0,0.743965805,35,0,1.56097561,2500.0,6,0,1,0,0.0,0.4743524
0,0.369521359,37,0,0.181925113,5100.0,15,0,0,0,0.0,0.33908388
0,0.271130202,72,0,0.210507181,5500.0,11,0,0,0,1.0,0.22717382
0,1.024828057,64,5,0.591040896,10000.0,9,2,2,2,0.0,0.9603147
0,0.047163053,70,2,0.413690646,17500.0,16,0,4,0,0.0,0.39873162
0,0.000521694,57,0,0.360882573,5347.0,8,0,2,0,0.0,0.093165934
0,0.68794348,64,0,0.315821775,16293.0,14,0,1,0,1.0,0.24005179
0,0.030190269,53,0,0.208223342,12500.0,16,0,1,0,0.0,0.09950304
0,0.716283716,46,0,0.389372947,7000.0,9,0,2,0,0.0,0.44908538
0,0.383233533,51,0,0.000333311,15000.0,2,0,0,0,1.0,0.23062009
0,0.066798785,47,0,0.009102946,12083.0,10,0,0,0,0.0,0.11565784
0,0.037952543,46,0,0.820436875,2700.0,9,0,1,0,1.0,0.16567928
0,0.371738581,66,0,0.169798506,13250.0,6,0,0,0,0.0,0.12410842
0,0.032539411,40,0,0.534032753,11723.0,18,0,2,0,4.0,0.17875113
1,1.03986711,38,4,0.101004464,14335.0,5,2,0,1,3.0,0.96967626
0,0.371764347,64,0,0.121153097,7700.0,4,0,0,0,3.0,0.2561008
0,0.094545273,75,0,0.706798569,4750.0,5,0,1,0,0.0,0.054771926
0,0.250618842,76,0,0.510395137,8224.0,11,0,2,0,0.0,0.200289
0,0.0,70,0,0.220702838,6800.0,6,0,1,0,1.0,0.055462312
0,0.018174546,64,0,0.016786571,1250.0,6,0,0,0,0.0,0.09062942
0,0.229683785,64,0,0.509830057,3000.0,13,0,1,0,0.0,0.25767767
0,0.276178449,58,1,0.283339583,8000.0,10,0,2,0,2.0,0.22674468
0,0.270086496,61,0,0.396257567,5450.0,7,1,1,0,0.0,0.5894624
0,0.096112098,51,1,0.421094732,8750.0,12,0,1,0,0.0,0.32284212
0,0.000153838,37,3,0.440007868,5083.0,10,0,1,0,0.0,0.52729285
0,0.0,49,0,0.075395217,7400.0,7,0,0,0,1.0,0.13223463
0,0.04429557,43,0,0.194878092,5700.0,5,0,1,0,1.0,0.06406622
0,0.050342584,79,0,56.0,0.0,4,0,0,0,1.0,0.08622526
0,0.9999999,56,0,1.304903495,3833.0,7,0,2,0,0.0,0.55276626
0,0.523915316,25,0,0.315944159,1360.0,6,0,0,0,0.0,0.5809687
0,0.038022104,74,0,0.139440065,3678.0,16,0,1,0,0.0,0.061996773
0,0.297909518,63,1,0.213638941,58200.0,15,0,5,0,4.0,0.18222737
0,0.550944906,43,0,0.370037004,9998.0,3,0,1,0,2.0,0.36086354
0,0.303093938,43,0,0.313137373,3333.0,6,0,0,0,2.0,0.2588703
0,1.002305919,28,0,0.22951068,6600.0,7,0,1,0,0.0,0.5030692
0,0.022016222,50,0,0.347868009,9333.0,8,0,2,0,1.0,0.11082884
0,0.581847272,42,0,0.777444511,3333.0,4,0,3,0,0.0,0.36278433
0,0.012702812,70,0,0.286871313,10000.0,12,0,1,0,0.0,0.053073242
0,0.0,26,0,0.0,1200.0,2,0,0,0,0.0,0.3521099
0,0.012112392,57,0,0.449820072,2500.0,12,0,1,0,0.0,0.21144913
0,0.517219885,30,0,0.29895502,2200.0,6,0,0,0,0.0,0.41932213
0,1.126455907,35,1,0.123256691,2652.0,4,0,0,0,0.0,0.8610589
0,0.924785417,35,1,1.107707191,3100.0,13,0,1,0,2.0,0.8332213
0,0.065995507,65,0,0.325483226,4500.0,7,0,1,0,1.0,0.07598432
0,0.713293338,69,1,0.082367053,2500.0,6,0,0,0,0.0,0.6495193
0,0.033351249,54,0,0.548290342,5000.0,8,0,1,0,0.0,0.12049573
0,0.611717652,47,0,0.341309677,8566.0,6,0,1,0,3.0,0.2847282
0,0.729333484,37,0,0.113322541,10500.0,6,0,0,0,0.0,0.23609135
0,0.069412621,62,0,0.049992425,6600.0,8,0,1,0,2.0,0.104742385
0,0.0,49,0,0.329218983,4698.0,7,0,1,0,0.0,0.120679766
0,0.0,36,0,0.196007081,10167.0,3,0,1,0,3.0,0.08997831
0,0.995466818,63,1,0.190060898,13300.0,7,0,1,0,1.0,0.4433957
0,0.007723157,58,0,0.593259069,3500.0,8,0,2,0,5.0,0.11408257
0,0.62503039,82,1,0.122443982,8166.0,7,0,0,0,0.0,0.49868762
0,0.087157638,50,0,0.143109764,15833.0,10,0,1,0,2.0,0.069961324
0,0.397304962,64,0,0.312403101,9029.0,10,0,2,0,0.0,0.16294006
0,0.106980731,64,0,0.0794329,5148.0,3,0,0,0,0.0,0.06992958
0,0.965190511,51,0,0.343739584,9000.0,8,0,1,0,0.0,0.3891209
0,0.9999999,26,0,0.16872428,1457.0,1,0,0,0,1.0,0.69746333
0,0.263668914,70,0,0.419860047,3000.0,7,0,1,0,0.0,0.14049317
0,0.720327967,74,0,0.187756916,9000.0,3,0,1,1,2.0,0.6210498
0,0.028219584,69,0,0.148833765,2700.0,8,0,0,0,0.0,0.08444059
0,0.200990429,43,0,0.273460796,5700.0,3,0,1,0,1.0,0.11276757
0,0.115035973,62,0,0.345509088,11333.0,9,0,3,0,1.0,0.20535655
1,0.9999999,28,0,0.254477301,2400.0,6,0,0,0,0.0,0.49853766
0,0.017280766,79,0,0.252999657,5833.0,13,0,1,0,0.0,0.05025223
1,0.004701008,66,0,0.000499917,6000.0,3,0,0,1,0.0,0.5037978
1,1.063291139,52,1,0.140563466,3300.0,4,1,0,2,3.0,0.9737152
0,0.0,58,0,0.25194961,5000.0,7,0,1,0,0.0,0.09931141
0,1.49e-05,34,0,0.0,7000.0,2,0,0,0,0.0,0.11758624
0,0.529894021,27,0,0.285102332,2100.0,5,0,0,0,0.0,0.47431362
0,0.06614367,66,0,0.262818446,3100.0,7,0,1,0,0.0,0.09922701
0,0.061481748,56,0,0.197985986,28400.0,7,0,2,0,2.0,0.06849347
0,0.156388315,63,0,152.0,0.0,5,0,0,0,0.0,0.14404704
0,0.016093683,75,0,0.804460681,5200.0,15,0,3,0,0.0,0.20178463
0,0.861046318,34,1,0.056388722,5000.0,5,0,0,0,0.0,0.7001101
0,0.0,35,0,0.0,3770.0,1,0,0,0,1.0,0.12283551
0,0.041465733,82,0,0.236075297,23267.0,13,0,4,0,0.0,0.020260885
0,0.020951906,50,0,0.485959503,12000.0,9,0,2,0,2.0,0.13444063
0,0.169069722,68,0,0.248650562,11300.0,19,0,1,0,0.0,0.1191604
0,0.026394721,35,0,0.573830077,2200.0,8,0,1,0,0.0,0.15045807
0,0.03471244,60,0,0.075518456,7666.0,4,0,1,0,0.0,0.056533292
0,0.073503131,48,0,0.190701001,6989.0,11,0,0,0,1.0,0.11180109
0,0.013299668,77,0,0.011952191,1254.0,6,0,0,0,0.0,0.06537993
0,0.0,65,0,0.026147015,2026.0,1,0,0,0,0.0,0.18441498
0,0.604744633,30,0,0.119813364,6000.0,8,0,0,0,0.0,0.34333208
0,0.002484811,82,0,0.00079984,5000.0,5,0,0,0,0.0,0.020340342
0,0.0,21,0,0.0,820.0,2,0,0,0,0.0,0.022348214
0,0.382410361,70,1,0.410763667,4700.0,14,0,0,0,0.0,0.40284824
0,0.871935391,51,0,0.37860781,8834.0,14,0,2,0,0.0,0.5024529
1,0.619557459,24,0,0.009024644,2880.0,1,0,0,0,0.0,0.5909596
0,0.307692308,25,0,0.010463378,1337.0,2,0,0,1,0.0,0.77685195
0,0.9999999,38,0,0.216030159,6100.0,6,0,0,0,2.0,0.5383692
0,0.834853924,36,0,1.128122245,3402.0,6,0,2,0,0.0,0.56237644
0,0.0,30,0,1.153692615,500.0,9,0,0,0,0.0,0.20173782
0,0.207112425,48,0,0.233990813,3700.0,8,0,2,0,0.0,0.14316486
0,0.068616889,58,0,0.046085859,1583.0,2,0,0,0,0.0,0.15442958
0,0.101664407,46,0,0.352760359,8132.0,9,0,1,0,0.0,0.12860286
0,0.9999999,62,0,0.0,3453.0,0,0,0,0,0.0,0.5301433
0,0.566311441,35,1,0.520369593,2380.0,8,0,1,0,0.0,0.61391777
0,0.136309811,45,0,0.439235725,4500.0,3,0,1,0,0.0,0.18001616
0,0.0,50,0,0.542948168,8160.0,9,0,3,0,4.0,0.242128
0,0.215312827,61,0,0.227538623,20000.0,8,0,1,0,0.0,0.04678525
0,0.361703951,38,0,0.330098658,6182.0,11,0,1,0,0.0,0.2934028
0,0.617351287,32,0,0.75173233,5050.0,13,0,1,0,2.0,0.6310313
0,0.003263109,66,0,0.001525553,3932.0,4,0,0,0,0.0,0.025674129
0,0.01462753,72,0,0.340392221,12135.0,12,0,3,0,1.0,0.18430208
0,0.337330579,62,0,0.392321271,6797.0,16,0,1,0,0.0,0.14085841
1,0.024127851,69,0,0.423622413,4300.0,16,0,1,0,2.0,0.05834833
0,0.023628754,30,0,0.008170676,2202.0,2,0,0,0,0.0,0.0964225
0,0.13391297,49,0,0.08536434,24166.0,8,0,1,0,2.0,0.09036987
0,0.817653495,57,0,0.358853317,11650.0,15,0,2,0,1.0,0.4642233
1,0.142732024,48,0,0.390227082,20300.0,22,0,5,0,3.0,0.5223199
0,0.040998536,62,0,0.117146532,10106.0,4,0,2,0,0.0,0.03698123
0,0.036959627,57,0,0.322111859,15000.0,14,0,1,0,0.0,0.08350507
0,0.375008503,28,0,0.159951713,6626.0,4,0,0,0,1.0,0.25369635
0,0.793480828,34,0,0.259721727,2802.0,17,0,0,0,2.0,0.74692637
0,0.009153142,50,0,0.296056315,12500.0,10,0,2,0,0.0,0.06956202
0,0.021703717,63,0,0.327349788,4010.0,6,0,1,0,0.0,0.08448977
0,0.530832729,29,0,0.219400162,3700.0,3,0,0,0,2.0,0.39819705
0,0.117133014,49,0,0.120948234,6200.0,8,0,1,0,2.0,0.15305898
0,0.035313451,67,0,29.0,0.0,3,0,0,0,0.0,0.039459698
0,0.710578842,26,0,0.834355828,651.0,3,0,0,0,0.0,0.2593637
0,0.185304078,63,0,0.311879568,9166.0,12,0,1,0,1.0,0.09677075
0,0.349271897,33,0,0.341331734,3333.0,4,0,1,0,1.0,0.2406944
0,0.764961784,36,0,0.302114456,8701.0,10,0,1,0,2.0,0.44251442
0,0.051541751,63,0,0.395982143,2239.0,8,0,1,0,0.0,0.14261149
0,0.98840232,30,1,0.193761248,5000.0,9,0,0,0,0.0,0.7162001
1,1.192101414,48,2,0.941223511,2500.0,13,1,1,0,2.0,0.96217895
0,0.528215557,35,0,0.33727712,6000.0,8,0,2,0,2.0,0.34398788
1,0.9999999,57,0,0.36315921,4000.0,3,1,1,1,3.0,0.91326624
0,0.169833037,53,1,0.713580247,4859.0,15,0,2,0,1.0,0.56670374
0,0.135434958,60,0,0.266709332,25000.0,21,0,3,0,1.0,0.15889822
0,1.043876701,71,0,0.413600892,7175.0,8,0,1,0,0.0,0.44031885
0,0.174256685,47,0,0.26436048,7833.0,18,0,1,0,0.0,0.2132589
0,0.036294616,65,0,0.007664112,3000.0,2,0,0,0,0.0,0.057590626
0,0.041763122,78,0,0.04199664,4166.0,7,0,1,0,0.0,0.03806354
0,0.016905022,55,0,1.509056839,1600.0,13,0,1,0,0.0,0.19041637
1,0.573796369,36,0,0.322923173,1600.0,8,0,0,1,2.0,0.78881055
0,0.001384142,71,1,0.291340707,3706.0,6,0,1,0,0.0,0.20892857
0,0.229793538,54,1,0.056214866,1600.0,5,0,0,1,1.0,0.80285656
0,0.212393803,48,0,0.116623473,2700.0,9,0,0,0,2.0,0.33018482
0,0.000310334,46,0,0.215531608,9000.0,8,0,1,0,0.0,0.09461253
0,0.0,72,0,0.332738308,2800.0,6,0,1,0,0.0,0.15632278
0,0.782937074,54,0,0.374291745,9000.0,11,0,2,0,0.0,0.3800429
0,0.478093066,42,0,0.210526316,2583.0,6,0,0,0,0.0,0.30902138
0,0.9999999,48,0,0.276577874,8333.0,4,0,1,0,2.0,0.42701992
0,0.016604697,59,0,0.104983849,4333.0,6,0,1,0,0.0,0.058837947
1,0.612903226,56,0,0.296330444,5422.0,9,0,0,1,0.0,0.71492654
0,0.9999999,29,0,0.023809524,2099.0,1,2,0,1,0.0,0.930056
0,0.615093148,40,0,0.157894737,7200.0,6,0,0,0,3.0,0.3680034
0,0.0,64,0,0.357479026,4886.0,5,0,1,0,0.0,0.08361607
0,0.609707754,46,0,0.116750786,10500.0,8,0,0,0,2.0,0.26760724
0,0.035113282,56,0,0.458796968,6200.0,10,0,1,0,1.0,0.11292063
0,0.107282649,48,0,0.348759719,2700.0,5,0,1,0,0.0,0.15468559
0,0.51717738,63,0,0.984029484,2441.0,4,0,1,0,2.0,0.29587448
0,0.784039266,60,0,0.16880367,8500.0,6,0,0,0,1.0,0.40644646
0,0.822763573,42,0,0.254824875,5595.0,9,0,0,5,2.0,0.86346674
0,0.620329493,28,0,0.198966408,5417.0,6,0,0,0,0.0,0.3807263
0,0.876084957,42,0,0.107543606,9000.0,4,0,0,0,2.0,0.5398254
0,0.186508226,61,0,0.3096382,10198.0,10,0,1,0,2.0,0.0965574
0,0.9999999,62,0,0.0,7250.0,1,0,0,0,1.0,0.52991575
0,0.070976488,61,1,0.245116992,15000.0,21,0,2,0,0.0,0.3850288
0,0.008985909,50,0,0.2003367,10097.0,9,0,2,0,0.0,0.08857763
0,0.292134831,28,1,0.200782269,2300.0,3,0,0,0,1.0,0.54695827
0,0.00576061,62,0,24.0,0.0,12,0,0,0,0.0,0.06338406
0,1.081329461,42,0,0.527288579,5734.0,13,0,1,0,1.0,0.7752952
0,0.088628469,78,0,0.366589327,861.0,6,0,1,0,1.0,0.06930197
0,0.625460437,61,0,0.349980754,20783.0,8,0,2,0,0.0,0.12402388
0,0.123077206,66,1,0.432984714,6214.0,33,0,1,0,0.0,0.25321442
0,0.024450514,77,0,0.105418487,8470.0,14,0,1,0,0.0,0.09310305
0,0.561199001,24,0,0.095619988,1620.0,3,0,0,0,0.0,0.49294925
0,0.127138394,68,0,231.0,0.0,9,0,0,0,0.0,0.1039191
0,0.050797097,34,0,0.411674347,7811.0,14,0,2,0,2.0,0.3928132
0,0.017407523,68,0,0.170501181,8040.0,17,0,1,0,0.0,0.06100479
0,0.02547926,71,0,0.265189971,6500.0,11,0,1,0,1.0,0.058644887
0,0.005953409,59,1,0.54126804,6166.0,19,0,2,0,1.0,0.34440166
0,0.16300349,48,0,1.217519106,1700.0,29,0,0,0,0.0,0.21597515
0,0.007358213,62,0,0.181402657,7000.0,6,0,0,0,1.0,0.0993593
0,0.349408281,62,0,0.374392492,11933.0,17,0,1,0,0.0,0.23723066
0,0.312938384,61,1,0.274069136,10500.0,10,0,2,0,0.0,0.29072052
0,0.012927162,62,0,0.090279781,10400.0,7,0,2,0,0.0,0.036889598
0,0.298449709,61,0,0.36342998,15416.0,20,0,1,0,0.0,0.17600818
0,0.001280757,48,0,0.535110688,4200.0,8,0,1,0,0.0,0.12275228
0,4212.0,35,0,0.557392809,5200.0,6,0,2,0,1.0,0.5809151
0,0.223510416,40,1,0.443280977,9167.0,16,0,1,0,2.0,0.38218638
0,0.056982859,71,0,0.181890897,6250.0,10,0,1,1,0.0,0.44865075
0,0.568915427,66,0,1.130217446,4000.0,11,0,1,0,0.0,0.3403095
0,0.145170966,24,0,0.102056216,5300.0,5,0,0,1,0.0,0.50184035
0,0.555639905,38,0,0.282857557,6900.0,3,0,1,0,0.0,0.21631278
1,1.976744186,46,1,0.116823765,3500.0,2,2,0,0,0.0,0.94669443
0,0.019285677,58,4,0.238437735,11956.0,14,0,2,0,0.0,0.4082588
0,0.9999999,52,0,0.193811947,7465.0,2,0,1,0,1.0,0.39323032
0,0.08504163,55,0,0.405671296,5183.0,5,0,1,0,0.0,0.103830434
0,0.00760982,66,0,0.330667594,8627.0,11,0,3,0,0.0,0.13361503
0,0.156968731,36,0,0.441026389,6858.0,11,0,1,0,0.0,0.18596317
0,0.004887549,74,1,0.870170386,4166.0,23,0,6,0,0.0,0.5737571
0,0.148258074,66,0,0.23820556,4747.0,10,0,0,0,2.0,0.13436215
0,0.753784617,59,0,0.478455705,5801.0,8,0,1,0,1.0,0.31858832
0,0.020781542,53,0,0.282312307,5500.0,8,0,1,0,2.0,0.07754595
0,0.011329326,36,0,0.003548196,3381.0,4,0,0,0,0.0,0.07548133
0,0.180836474,64,2,0.483320979,5395.0,18,0,2,0,0.0,0.50003153
0,0.334139279,49,1,0.392783839,9256.0,18,0,1,0,0.0,0.49448928
1,0.055463838,56,2,0.136095989,9000.0,22,0,1,0,0.0,0.49381697
0,0.593317765,62,2,0.626392459,3500.0,22,0,1,0,0.0,0.6745375
0,0.086185798,60,0,0.31478087,6000.0,7,0,2,0,0.0,0.09417445
1,0.731036091,60,2,0.359737807,9000.0,17,1,2,0,0.0,0.89619
0,0.957423177,39,0,0.223993515,3700.0,6,1,0,0,2.0,0.85919285
0,0.012654085,40,0,0.0029994,3333.0,3,0,0,0,0.0,0.062710196
0,0.294977309,44,0,0.702719156,4927.0,8,0,2,0,2.0,0.2720446
1,0.13094009,39,0,0.077288942,9250.0,3,0,0,0,0.0,0.28749967
0,0.00169073,84,1,0.000425441,4700.0,7,0,0,1,0.0,0.27369058
0,0.001768065,75,0,0.083230169,10500.0,10,1,0,0,0.0,0.3280905
0,0.33980469,58,0,0.355763161,7920.0,14,0,0,0,0.0,0.21203403
0,1.141571686,35,0,0.149306675,3100.0,3,0,0,0,0.0,0.65823936
0,0.0,83,0,0.0,5200.0,1,0,0,0,0.0,0.034595437
0,0.234573288,50,0,0.559078161,8200.0,12,0,3,0,2.0,0.37594008
0,0.443938556,42,1,0.538795566,8750.0,11,0,4,0,3.0,0.57599914
0,0.301222786,52,0,0.557728202,11250.0,13,0,3,0,1.0,0.33710966
1,0.026134003,77,0,0.148528992,3500.0,9,0,1,0,0.0,0.14470024
0,0.9999999,46,0,0.20726519,9166.0,3,0,2,0,0.0,0.33390832
0,0.093176665,41,0,0.253691959,21600.0,12,0,1,0,3.0,0.09634057
0,0.117873082,54,1,0.250583139,3000.0,16,0,1,0,0.0,0.57986397
0,0.645416675,51,0,0.866997871,7044.0,11,0,3,0,0.0,0.5284696
0,0.9999999,36,0,0.166989539,2580.0,2,0,0,0,0.0,0.46773228
0,0.119887067,39,0,0.353564644,10000.0,16,0,3,0,4.0,0.3778506
1,0.9999999,44,0,0.666547662,2800.0,2,0,0,0,2.0,0.56203604
0,0.237660381,68,0,0.196700825,4000.0,9,0,1,0,0.0,0.107149646
0,0.016988115,41,0,1.079036901,3820.0,13,0,2,0,1.0,0.29590592
0,0.117726395,72,0,0.213170224,3841.0,13,0,1,0,0.0,0.11709977
0,0.014217665,69,0,0.00293725,3744.0,2,0,0,0,0.0,0.01650583
0,0.664814846,55,0,0.747437405,5950.0,10,0,1,0,3.0,0.5067589
0,0.091645418,76,0,0.327479829,2106.0,3,0,1,0,0.0,0.07708168
0,0.003100515,47,0,0.376633987,3671.0,6,0,1,0,0.0,0.08179307
0,0.010489022,64,0,0.173973235,6500.0,15,0,2,0,0.0,0.17341775
0,0.090982794,25,0,30.0,0.0,5,0,0,0,0.0,0.059450027
0,0.027710803,75,0,0.083187632,10866.0,8,0,1,0,0.0,0.038046584
0,0.234893576,57,0,0.321168487,12083.0,8,0,2,0,1.0,0.088408366
0,0.056560732,56,0,0.555456808,5625.0,7,0,2,0,0.0,0.15074123
0,0.9999999,52,0,0.306553128,2700.0,3,2,1,0,3.0,0.8923138
0,0.967930029,36,1,0.966724039,3485.0,7,0,2,0,0.0,0.7783464
0,0.174016782,51,0,0.080175478,13220.0,10,0,0,0,5.0,0.15992962
0,0.0,46,0,0.727329386,3208.0,5,0,1,0,0.0,0.21011366
0,0.021399536,61,0,0.120490129,2937.0,6,0,1,0,0.0,0.08219585
0,0.043911134,59,0,0.378684478,6886.0,11,0,1,0,1.0,0.078933775
1,0.9999999,28,2,0.666666667,2573.0,4,2,0,1,2.0,0.95149916
0,0.006635307,43,0,0.358271091,16333.0,14,0,3,0,0.0,0.1313922
0,0.780230362,32,1,0.255459563,8333.0,8,0,1,0,0.0,0.48658192
0,0.023410033,68,0,0.003514377,9389.0,6,0,0,0,0.0,0.034075204
0,0.094276736,31,0,0.626446861,2850.0,6,0,1,0,0.0,0.14793253
0,0.041326427,55,0,0.407602725,9101.0,11,0,2,0,1.0,0.11209564
1,0.761937597,49,3,0.207368599,5916.0,10,0,2,0,2.0,0.80040413
0,0.135921964,55,0,0.051125989,11500.0,9,0,1,0,1.0,0.09870729
0,0.770558704,50,3,0.2608526,10250.0,10,0,1,0,2.0,0.7571087
0,0.0,33,0,0.447548852,5833.0,6,0,2,0,0.0,0.19664353
0,0.184134509,53,0,0.605944607,4440.0,10,0,3,0,1.0,0.33737397
0,0.0,74,0,0.0,4016.0,3,0,0,0,1.0,0.01982243
0,0.273246679,44,0,0.243311187,5568.0,6,0,2,0,0.0,0.10988022
0,0.049323917,50,0,0.494876281,4000.0,11,1,2,0,0.0,0.7556098
0,0.0,58,0,0.264157341,2948.0,10,0,0,0,0.0,0.24723242
0,0.212215077,64,0,0.369761334,8756.0,4,0,1,0,0.0,0.09578174
0,0.026227073,32,0,0.158947018,3000.0,7,0,0,0,0.0,0.16613674
0,0.151562684,44,0,0.375337187,2594.0,9,0,1,0,0.0,0.20793886
0,0.9999999,49,0,0.148140068,9166.0,2,0,0,0,0.0,0.40305406
0,1.11824261,39,2,0.451554263,5500.0,8,1,2,0,0.0,0.95524204
0,0.36214921,42,0,0.327556656,5250.0,11,0,1,0,0.0,0.2975806
0,0.034544724,41,0,0.402190923,3833.0,14,0,1,0,0.0,0.1456094
0,0.115483365,37,0,0.280658938,4916.0,5,0,1,0,2.0,0.15729243
0,0.063879558,46,0,0.560487902,5000.0,13,0,1,0,0.0,0.18843684
0,0.737049204,47,0,0.353912077,6300.0,10,0,0,0,0.0,0.5025732
0,0.475130516,59,1,0.560461235,6590.0,16,0,2,0,1.0,0.50077266
0,0.111111111,40,0,0.175582188,10262.0,6,0,1,0,0.0,0.06323306
0,0.458445364,47,0,0.153030059,6220.0,7,0,0,0,1.0,0.3030111
0,0.062290154,68,0,0.04373102,11524.0,7,0,0,0,0.0,0.038991254
0,0.657342657,23,1,0.510496672,1952.0,3,0,0,0,0.0,0.64327055
0,0.197270642,74,0,0.126859435,5982.0,4,0,0,0,0.0,0.11533201
0,0.107817187,69,0,0.007732302,7500.0,7,0,0,0,0.0,0.04297611
0,0.113187444,76,0,0.425443503,6256.0,5,0,1,0,0.0,0.061081536
0,0.097737692,62,0,0.400266622,6000.0,31,0,1,0,5.0,0.09531734
0,0.031926819,52,0,0.004772727,4399.0,2,0,0,0,2.0,0.09309165
0,0.131213537,74,0,0.33252291,5346.0,10,0,1,0,0.0,0.095634244
0,0.223552894,31,0,0.004969307,3420.0,4,0,0,0,1.0,0.19344825
0,0.007092595,81,0,0.00449925,6000.0,11,0,0,0,1.0,0.05080792
0,0.069663325,72,0,0.77071559,11500.0,26,0,5,0,1.0,0.4668553
1,0.553131533,36,0,0.630619101,6250.0,9,1,1,0,0.0,0.8189411
0,0.878685762,50,0,0.217535065,18750.0,13,0,1,0,3.0,0.5355288
0,0.335842422,56,0,0.271788035,6000.0,6,0,1,1,3.0,0.5660637
1,0.962700386,44,0,0.199446367,7224.0,6,0,0,0,4.0,0.5605954
0,0.9999999,40,0,0.0,3100.0,0,0,0,0,3.0,0.7718236
0,0.129629012,64,0,0.180972628,7525.0,8,0,1,0,0.0,0.057648756
0,0.17153205,62,0,0.351123983,7250.0,10,0,2,0,0.0,0.15928149
0,0.870283962,45,0,0.463192101,8000.0,8,0,2,0,0.0,0.42877233
0,0.051773706,32,0,0.230589803,3000.0,3,0,1,0,0.0,0.08694724
0,0.0,26,0,0.0,833.0,2,0,0,0,0.0,0.27633315
0,0.018682545,77,0,0.002988992,13716.0,11,0,0,0,0.0,0.05948382
0,0.009999,63,0,2274.0,0.0,12,0,2,0,0.0,0.094029434
1,0.689748997,38,2,0.650817884,4584.0,13,1,2,0,0.0,0.93468666
0,0.109063427,54,0,0.376925155,3700.0,4,0,1,0,0.0,0.1076436
0,0.148625728,38,1,0.404269693,7400.0,9,0,2,0,3.0,0.43252483
0,0.566102294,50,0,0.357341956,8968.0,9,0,2,0,2.0,0.29254705
0,0.174825632,62,0,0.320515286,5200.0,15,0,1,0,1.0,0.21089482
0,0.014466655,51,0,0.262962153,4570.0,28,0,2,0,0.0,0.17200644
0,0.797485163,44,0,0.151808032,6000.0,8,0,0,0,0.0,0.4135286
0,0.957014329,27,0,0.7264,624.0,3,0,0,0,0.0,0.37192065
0,0.009587431,58,0,0.63278907,3000.0,14,0,2,0,1.0,0.20488618
0,0.093911691,37,0,0.561672293,3850.0,11,0,1,0,0.0,0.19944073
0,0.004210457,45,0,0.189566837,4293.0,6,0,1,0,1.0,0.06147888
0,0.00119996,74,0,0.765778126,5101.0,9,0,5,0,0.0,0.26521835
0,0.590752139,44,0,0.264713622,11400.0,4,0,1,0,0.0,0.2036237
1,0.618787918,51,3,0.356967548,11000.0,18,0,2,0,2.0,0.8005755
0,0.242927771,32,0,0.55009373,4800.0,11,0,1,0,1.0,0.43703023
0,0.482145276,35,0,0.275787369,6000.0,13,0,2,0,3.0,0.36702457
0,0.003178458,82,1,0.06805961,6508.0,7,0,1,0,1.0,0.24232855
0,0.08605089,78,0,0.009406711,13500.0,6,0,0,0,0.0,0.042327344
0,0.200496105,46,1,0.789685056,4730.0,9,0,2,0,2.0,0.57469743
0,0.474856253,65,0,0.635133056,6500.0,11,0,2,0,0.0,0.23926078
0,0.253607683,69,1,0.390347954,7500.0,31,0,2,0,0.0,0.27549183
0,0.127041845,47,0,0.376072914,11300.0,7,0,2,0,4.0,0.104664825
0,0.02130373,67,0,0.005888951,3565.0,4,0,0,0,0.0,0.03157695
0,0.088324817,38,0,0.658222785,15000.0,15,0,3,0,0.0,0.49368382
0,0.362201643,25,0,0.148839842,5300.0,9,0,0,0,0.0,0.39850545
0,0.034022846,56,0,0.245936148,8550.0,24,0,3,0,0.0,0.14758141
0,0.0,68,1,0.663512491,5283.0,8,0,2,0,0.0,0.2101542
0,0.014635163,76,0,0.00622084,4500.0,6,0,0,0,2.0,0.030201554
0,0.695566744,62,0,0.745272767,4600.0,13,0,1,0,1.0,0.49548742
1,0.985002586,56,4,0.428350356,3230.0,6,2,1,0,0.0,0.9466946
0,0.144688043,46,0,0.142530706,3500.0,8,0,0,0,3.0,0.14952815
0,0.209326383,50,1,0.357897517,3785.0,13,0,1,0,1.0,0.42970252
0,0.265894509,58,1,0.421175425,9000.0,10,0,2,0,1.0,0.22141743
0,0.206419898,44,0,0.209892002,19166.0,10,0,3,0,0.0,0.18943156
0,0.9999999,26,1,0.34900054,1850.0,5,0,0,0,0.0,0.75767624
0,0.026771315,28,0,0.153269471,2400.0,5,0,0,0,0.0,0.117810644
0,0.614385614,38,2,0.125749833,4500.0,3,0,0,0,1.0,0.65149045
0,0.014992415,66,0,0.136602452,4567.0,10,0,1,0,1.0,0.05193905
0,0.212156122,59,1,0.247347618,4806.0,13,0,0,0,0.0,0.38698483
0,0.009896303,38,1,0.859535116,4000.0,9,0,5,0,0.0,0.5746287
0,0.000499964,52,0,0.214064116,2900.0,6,0,0,0,0.0,0.19367447
0,0.380859629,32,0,0.277146217,2550.0,5,0,0,0,0.0,0.23676777
0,0.086694575,42,0,0.187322012,9480.0,7,0,1,0,2.0,0.1079547
0,0.389722056,55,1,0.144878499,3250.0,6,0,0,0,0.0,0.47432604
0,0.050457899,55,0,0.028858883,3776.0,8,0,0,0,0.0,0.13494448
0,0.411820286,55,0,0.261567077,4300.0,10,0,1,0,0.0,0.28745952
0,0.0,67,0,0.0,1600.0,1,0,0,0,0.0,0.09519831
0,0.0,28,0,1931.0,0.0,14,0,2,0,0.0,0.07660939
0,0.002584442,53,0,0.125430508,9000.0,9,0,1,0,1.0,0.086438686
0,0.0,71,0,0.082274526,4800.0,7,0,0,0,0.0,0.053383928
0,0.0064626,76,0,0.001080789,3700.0,4,0,0,0,0.0,0.013782849
0,0.005749795,61,0,0.190511353,5416.0,8,0,1,0,0.0,0.044689193
0,0.450820834,45,0,0.10253651,6504.0,3,0,0,0,2.0,0.27688864
0,0.236600944,34,0,0.172010937,4022.0,3,0,0,0,2.0,0.22656673
0,0.181953496,47,0,0.132923587,41000.0,16,0,2,0,1.0,0.14768358
0,0.101001988,61,0,0.217114791,15880.0,5,0,1,0,0.0,0.030597901
0,0.001783411,32,0,0.201159768,5000.0,9,0,1,0,0.0,0.06782822
0,0.190305402,31,0,0.52424081,1876.0,6,0,0,1,0.0,0.5449706
0,0.037063581,47,0,0.293082767,2500.0,4,0,1,0,0.0,0.072457805
0,0.961038961,65,0,0.284675514,5500.0,10,0,2,0,0.0,0.3527637
0,0.9999999,23,0,0.010962241,820.0,1,0,0,0,0.0,0.45119154
0,0.015054719,48,0,0.063672261,4051.0,3,0,0,0,2.0,0.11452273
0,0.004503136,74,0,0.335872411,4200.0,5,0,1,0,1.0,0.03770484
0,0.023799898,29,1,0.334664097,7263.0,10,0,1,0,0.0,0.32473987
0,0.00888546,54,0,0.048303977,13000.0,5,0,0,0,1.0,0.06359098
0,0.281752708,48,0,0.117010816,8135.0,7,0,0,0,1.0,0.2049824
0,0.075827938,71,0,0.299206087,6045.0,13,0,2,0,1.0,0.07369501
0,0.009301797,45,0,0.008942662,1900.0,8,0,0,0,0.0,0.12366053
0,0.026599391,62,0,0.074071225,13000.0,9,0,1,0,1.0,0.068608865
0,0.011110425,31,1,0.164470625,6450.0,17,0,1,0,1.0,0.3100811
0,0.490782983,65,1,0.23620411,4330.0,8,0,0,0,0.0,0.5138761
0,0.195066784,44,0,0.486876823,7200.0,5,0,2,0,3.0,0.1560935
0,0.251937403,61,0,0.605131623,3000.0,11,0,3,0,0.0,0.36266637
0,0.06455638,49,0,0.604047891,3507.0,19,0,1,0,2.0,0.19248165
0,0.9999999,62,0,0.04965839,6000.0,1,0,0,0,0.0,0.5125553
0,0.198249298,51,0,0.137323944,9371.0,10,0,0,0,4.0,0.25000164
0,0.981818182,28,1,0.199636474,3300.0,5,0,0,1,3.0,0.8776536
0,0.0,28,0,0.1684,2499.0,2,0,0,0,0.0,0.2693992
0,0.896475991,46,0,0.574907273,6200.0,13,0,2,0,0.0,0.6050761
0,0.083525611,33,0,0.128774245,5000.0,6,0,2,0,0.0,0.10497606
0,0.122821683,65,0,0.159632626,9145.0,12,0,0,0,0.0,0.13787931
0,0.463638891,45,0,0.449663623,8323.0,12,0,0,0,2.0,0.34229517
0,0.219718685,38,0,0.039184326,2500.0,2,0,0,0,2.0,0.24159616
0,0.728787735,38,1,0.353819491,7500.0,6,3,1,2,0.0,0.96504694
0,0.469503386,51,0,0.289201489,9667.0,6,0,1,0,1.0,0.253149
0,0.023977245,61,0,0.199333703,1800.0,4,0,0,0,0.0,0.06788028
0,0.030920698,27,0,0.085769666,6190.0,4,0,0,0,0.0,0.07209877
0,0.164702725,43,0,0.413698288,8000.0,21,0,2,0,0.0,0.22015195
0,0.053429877,64,0,0.142699319,16292.0,7,0,1,0,1.0,0.02954845
0,0.103789621,73,0,0.004904287,6320.0,3,0,0,0,0.0,0.05179775
0,0.263048379,67,0,0.954204829,1200.0,3,0,1,0,1.0,0.10860792
0,0.129992074,68,0,0.236848369,4200.0,13,0,1,1,1.0,0.37623736
0,0.0,39,1,0.039584364,8083.0,4,0,0,2,0.0,0.802207
0,0.020116858,55,0,2.557823129,1910.0,15,0,2,0,0.0,0.2259676
0,1.107892108,21,0,0.008247938,4000.0,2,0,0,0,0.0,0.30517086
0,0.044646769,34,0,0.365330322,7083.0,11,0,2,0,2.0,0.31862763
0,0.103615397,46,0,0.266465257,6619.0,9,0,1,0,3.0,0.15911017
0,0.589671417,54,0,1.056431904,4500.0,10,0,2,0,0.0,0.55588675
0,0.241805016,30,0,0.864451632,3400.0,13,0,1,0,1.0,0.33838704
0,0.083155925,31,0,1128.0,0.0,5,0,1,0,2.0,0.077648595
0,0.115929328,68,0,0.188601511,4368.0,6,0,0,0,0.0,0.08896722
0,0.040175714,40,0,0.48993001,7000.0,8,0,1,0,2.0,0.10388229
0,0.142401407,64,0,2.086637787,3000.0,13,0,3,0,0.0,0.45222056
0,0.088903703,43,0,0.289495353,8500.0,7,0,2,0,2.0,0.101639464
0,0.084081454,30,0,0.470454545,3079.0,12,0,1,0,0.0,0.29285416
0,0.055698877,64,0,0.149434091,11750.0,6,0,2,0,0.0,0.03811762
0,0.701086594,44,0,0.1538042,3666.0,6,0,0,0,0.0,0.4075816
0,0.074385813,67,0,0.15261959,3950.0,10,0,1,0,0.0,0.09827583
0,0.243519653,53,0,0.384863867,4333.0,13,0,1,0,0.0,0.22436099
0,0.035682806,46,0,0.613948033,11083.0,13,0,4,0,2.0,0.26734436
0,0.281428637,42,0,1.171025641,3899.0,25,0,1,0,0.0,0.28069505
0,0.213857428,40,0,0.221684154,3716.0,3,1,1,0,2.0,0.6449666
0,0.006297347,80,0,0.461296772,3500.0,20,0,2,0,1.0,0.15771964
0,0.2866054,69,0,0.335985853,2261.0,3,0,1,0,0.0,0.10379612
0,0.959760015,60,0,0.218668276,4970.0,3,0,0,0,0.0,0.43813747
0,0.129575207,46,0,0.436281859,2000.0,8,0,1,0,1.0,0.17717636
0,0.053245563,30,0,0.072505999,5833.0,3,0,0,0,0.0,0.06989485
0,0.082584291,63,0,0.17954736,11929.0,12,0,1,0,0.0,0.078249514
0,0.170572565,59,0,0.159903341,12000.0,5,0,1,0,2.0,0.05178939
0,0.293754643,44,0,0.115939242,5200.0,3,0,0,0,0.0,0.13177453
1,1.036867172,42,3,0.664399926,5440.0,12,0,2,0,3.0,0.942628
0,0.343884592,48,0,0.40085382,6792.0,11,0,1,0,0.0,0.19862431
0,0.015784824,68,0,0.201599848,10500.0,16,0,1,0,0.0,0.07787537
0,0.053479622,62,0,0.041713389,8917.0,7,0,0,0,0.0,0.13615848
1,0.9999999,56,1,0.07801182,78000.0,6,1,1,0,3.0,0.8519417
0,0.035708891,67,0,0.46832473,2130.0,8,0,1,0,0.0,0.11101681
0,0.180963807,36,0,0.510998,5500.0,6,0,2,0,0.0,0.19483583
0,0.475672809,55,0,0.258890263,13750.0,12,0,2,0,0.0,0.20583647
0,0.050058458,82,0,0.205660668,6500.0,12,0,2,0,0.0,0.11436691
0,0.464210799,53,0,1.547726137,2000.0,15,0,2,0,0.0,0.57418066
0,0.161179819,35,0,0.312121212,15839.0,6,0,2,0,5.0,0.11479269
0,0.283385838,31,0,0.145888594,4900.0,7,0,0,0,0.0,0.17794318
0,0.142277136,54,1,0.33614956,11125.0,11,0,3,0,2.0,0.37008026
0,0.960075998,46,0,0.376899696,3947.0,3,0,0,0,1.0,0.5522717
0,0.0,80,0,0.275517488,1400.0,3,0,1,0,0.0,0.07975118
0,0.856349295,37,0,0.63880289,4844.0,2,0,1,0,0.0,0.57522124
0,0.908193238,55,1,0.141847011,4666.0,9,0,0,2,0.0,0.882719
0,0.281300186,71,1,0.354691625,4166.0,9,0,0,0,0.0,0.32879832
0,0.58921714,56,0,0.8625785,2706.0,12,0,1,0,0.0,0.5146947
0,0.188117162,57,0,0.212702984,12500.0,4,0,2,0,1.0,0.052605264
1,0.134393975,64,2,0.07177395,6617.0,13,0,0,0,0.0,0.45123735
0,0.739086971,23,0,0.036646308,1800.0,1,0,0,0,0.0,0.51038677
0,0.047754608,54,0,0.535419383,2300.0,9,0,1,0,0.0,0.17959753
0,0.666686084,48,0,7.087824351,500.0,11,0,2,0,1.0,0.5289476
0,0.336134454,54,0,0.271289343,6258.0,9,0,2,0,1.0,0.21115409
1,0.865814437,54,1,0.361725664,8135.0,11,0,2,3,2.0,0.83930665
0,0.115237829,40,1,2.491686461,2946.0,17,0,3,0,0.0,0.70025265
0,0.527702089,37,0,0.188801866,6000.0,9,0,0,0,1.0,0.42899203
0,0.387922211,54,0,0.111195159,1321.0,2,0,0,0,0.0,0.2533407
0,0.042064195,51,0,0.5,2173.0,6,0,1,0,3.0,0.101191685
0,0.363993614,45,0,0.248252006,13586.0,6,0,2,0,3.0,0.09789496
0,0.384328209,71,0,0.490855889,4100.0,7,0,1,0,0.0,0.102967426
0,0.198122641,58,0,0.598523304,4333.0,8,0,1,0,0.0,0.15330034
0,0.059611804,43,0,0.47137869,9450.0,13,0,3,0,0.0,0.27000356
0,0.886113886,47,2,0.20609825,7083.0,4,0,1,0,3.0,0.7224685
0,0.63829956,50,0,0.664180315,6166.0,17,0,2,0,1.0,0.5994975
0,0.064420599,42,0,0.641195627,8597.0,8,0,3,0,0.0,0.30951652
0,0.529908855,46,0,0.229471316,8000.0,7,0,0,0,2.0,0.3722098
0,0.9999999,57,0,0.172298905,2100.0,1,0,0,0,0.0,0.5763527
0,0.300111388,28,0,0.153787005,2600.0,12,0,0,0,0.0,0.44402316
0,0.153378891,69,0,0.079980005,4000.0,3,0,0,0,1.0,0.069648206
0,0.021462046,74,0,21.0,0.0,2,0,0,0,0.0,0.022709744
0,0.071682862,52,0,0.518410144,4100.0,28,0,3,0,2.0,0.37872168
0,0.068454391,48,0,0.089739926,6997.0,8,0,0,0,3.0,0.16795522
0,0.12937751,67,0,0.164460528,10500.0,19,0,1,0,0.0,0.11130546
0,0.427487759,32,0,0.38531848,3500.0,3,0,2,0,0.0,0.26607794
0,0.532355649,31,0,0.202131317,2908.0,5,0,0,0,0.0,0.38688117
0,0.05189827,54,0,0.19561152,8020.0,6,0,2,0,0.0,0.07458399
1,0.579001899,39,1,0.596089758,4500.0,6,0,2,0,2.0,0.65936565
1,0.793106252,35,1,0.098300566,3000.0,3,0,0,1,4.0,0.84248036
0,0.598952972,32,1,0.09085213,12767.0,11,0,0,0,2.0,0.5568639
0,0.003114197,57,0,0.408124882,5316.0,6,0,2,0,1.0,0.10139773
0,0.683784979,61,0,0.56171914,2000.0,5,0,1,0,0.0,0.32914767
0,0.9999999,79,0,0.204855491,4324.0,1,0,0,0,0.0,0.27338818
0,0.491447298,43,0,0.499683844,6325.0,13,0,2,0,1.0,0.33238786
1,0.9999999,22,0,0.221462388,1900.0,1,0,0,0,0.0,0.6103686
0,0.247244233,36,0,0.519761372,2681.0,4,0,1,0,0.0,0.22038995
0,0.342205691,62,0,0.332956792,3540.0,7,0,1,0,2.0,0.2203569
0,0.9999999,39,0,0.214915644,5215.0,6,0,0,0,0.0,0.5045699
1,0.884873589,25,0,0.320441989,3800.0,7,0,0,0,1.0,0.67559373
0,0.169367943,50,0,0.536480142,7880.0,9,0,2,1,0.0,0.596246
0,0.568655517,53,2,0.560654248,2200.0,7,0,0,0,0.0,0.81304705
0,0.009107412,68,0,0.02372035,800.0,10,0,0,0,0.0,0.052654345
0,0.488398671,50,0,0.448641391,28300.0,16,0,5,0,2.0,0.5071839
0,0.353861163,67,1,0.307199007,4833.0,9,0,0,0,0.0,0.46166256
0,0.022223271,38,0,0.287032764,4333.0,8,0,1,0,0.0,0.0843531
0,0.117897596,33,0,0.336838476,5800.0,4,0,1,0,1.0,0.20067403
0,0.011016483,65,0,0.103390035,8288.0,6,0,1,0,0.0,0.060111728
0,0.230073119,58,2,0.901610413,4532.0,18,0,1,0,0.0,0.6371666
0,0.043165639,69,0,0.180427603,5752.0,6,0,1,0,1.0,0.02392633
0,1.973421927,51,0,0.015210778,2300.0,1,1,0,1,0.0,0.8666768
0,0.0,49,0,0.174204201,10900.0,9,0,1,0,2.0,0.11564254
0,0.008374791,60,0,0.032217748,7200.0,7,0,0,0,0.0,0.059774514
0,0.0,64,0,0.0,7383.0,9,0,0,0,0.0,0.03468006
0,0.032132262,53,0,0.400252753,5538.0,4,0,1,0,0.0,0.07526981
1,0.0,73,1,0.671875,1727.0,3,0,1,1,0.0,0.7924699
0,0.149396265,31,0,0.598100475,4000.0,5,0,2,0,0.0,0.23673767
0,0.0,73,0,0.15514081,6000.0,4,0,1,0,0.0,0.14406312
0,0.0,35,0,0.257005604,1248.0,6,0,0,0,0.0,0.08973217
0,0.12972578,39,1,0.017012386,6700.0,13,0,0,0,0.0,0.18216303
0,0.043341787,47,0,0.302961705,5300.0,11,0,1,0,3.0,0.1045121
0,0.269254221,74,1,1.996832937,1262.0,16,0,1,0,0.0,0.4641109
0,0.379713584,28,0,0.484131923,1606.0,10,0,0,0,0.0,0.50359446
0,0.625861348,65,0,0.75671172,5400.0,19,0,1,0,0.0,0.4695198
0,0.040664045,89,0,0.013317337,8334.0,11,0,0,0,0.0,0.19291945
0,0.030314483,67,0,0.001480443,12833.0,4,0,1,0,1.0,0.028589599
0,0.050684397,32,0,2004.0,0.0,19,0,1,0,2.0,0.15447368
0,0.09548389,69,1,0.190940453,6666.0,14,0,1,0,0.0,0.2437614
0,0.024472781,41,0,0.008213552,7791.0,9,0,0,0,1.0,0.13285618
0,0.540241026,55,0,0.242739029,4716.0,5,0,1,0,0.0,0.25919902
0,0.014384062,41,1,0.185830596,7000.0,10,0,2,0,3.0,0.29225433
0,0.706586826,23,0,0.004759638,2100.0,1,0,0,0,0.0,0.5727486
0,0.438212768,40,0,0.647341064,2500.0,11,0,0,0,3.0,0.42837092
0,0.378503206,64,0,0.503967522,5418.0,6,0,1,0,1.0,0.13279493
0,0.097266832,81,0,0.004548094,10333.0,3,0,0,0,0.0,0.017363237
0,0.982952834,46,1,0.441945977,7070.0,8,0,1,1,0.0,0.8751419
0,0.353639488,24,0,0.250460405,2171.0,3,0,0,0,1.0,0.3793374
0,0.078129698,40,0,0.517115633,8500.0,9,0,2,0,2.0,0.23148671
0,0.22338195,62,0,0.411219181,4420.0,8,0,1,0,0.0,0.107921004
0,0.0,68,1,0.106524805,7800.0,6,0,1,0,0.0,0.21347894
0,5994.0,36,0,0.469271693,5450.0,6,0,1,0,0.0,0.44030958
0,0.102070984,63,0,2.836327345,500.0,10,0,1,0,0.0,0.14347233
0,0.754930354,51,0,0.133011207,14900.0,8,0,2,0,1.0,0.34225497
0,0.301024702,43,0,0.521217507,4500.0,6,0,2,0,0.0,0.32174236
0,0.195260893,51,0,2.331880528,7800.0,10,0,8,0,0.0,0.61840254
0,0.077665036,66,0,0.291598269,6700.0,16,0,1,0,0.0,0.05953829
0,0.710255069,44,0,0.463768116,8900.0,7,0,2,0,4.0,0.37556034
0,0.466660993,61,3,0.272673803,8500.0,11,0,1,0,0.0,0.6400697
1,0.154285288,47,1,0.423365428,17863.0,13,0,2,0,2.0,0.45280093
0,0.184731784,55,0,0.836268606,8800.0,18,0,3,0,2.0,0.37791535
0,0.007805292,35,0,0.004945055,1819.0,5,0,0,0,0.0,0.065838955
0,0.0,91,0,0.219403814,5400.0,9,0,2,0,0.0,0.08794382
0,0.384540356,34,0,0.442654818,3600.0,5,0,2,0,0.0,0.20498659
0,0.050179211,59,0,0.164696764,5160.0,8,0,0,0,0.0,0.09628856
0,0.480303602,51,0,1.243752403,2600.0,14,0,1,0,1.0,0.51011753
0,0.631044871,67,1,0.325457374,13500.0,15,0,2,0,1.0,0.45168817
0,0.765375391,33,0,0.593762495,2500.0,14,0,0,0,0.0,0.6851518
1,0.9999999,34,0,0.015546918,1800.0,0,0,0,0,0.0,0.704722
0,0.934956405,50,0,0.249711575,7800.0,9,0,1,0,2.0,0.41518572
0,0.719109591,48,1,0.445259123,6000.0,10,0,1,0,2.0,0.67811537
0,0.004161707,60,0,0.093221585,6800.0,9,0,1,0,1.0,0.08289925
1,0.857349322,36,1,0.776011561,2075.0,9,0,0,0,2.0,0.79066956
0,0.099800399,23,0,9.0,0.0,1,0,0,0,0.0,0.07707349
0,0.143265248,56,0,0.113349046,9333.0,8,0,1,0,0.0,0.09702698
1,1.157728707,46,0,0.341382182,1200.0,4,0,0,1,1.0,0.91247666
0,0.007332519,87,0,0.003117693,1282.0,4,0,0,0,0.0,0.019627912
0,0.9999999,22,0,0.0,820.0,3,0,0,0,0.0,0.21732636
1,1.050794921,30,2,0.487225977,6066.0,8,0,2,3,0.0,0.94494796
0,0.541130657,53,0,0.323882721,17564.0,14,0,2,0,0.0,0.3339642
0,0.054368204,46,0,0.227567455,4780.0,6,0,0,0,1.0,0.12893835
0,0.138538899,54,0,0.249488934,11250.0,8,0,1,0,4.0,0.059669178
0,0.9999999,80,0,0.0,3450.0,0,0,0,0,0.0,0.22388583
0,0.835388204,56,0,0.016796641,5000.0,3,0,0,0,1.0,0.5260207
0,0.029049916,78,0,0.003496503,4575.0,4,0,0,0,0.0,0.019188087
1,0.24859227,50,0,1.172327857,10833.0,22,0,2,0,0.0,0.33052248
0,0.682045422,46,0,0.345700955,4500.0,10,0,0,0,0.0,0.52701265
0,0.0,64,0,0.119547658,2475.0,2,0,0,0,0.0,0.15493992
1,0.911043458,35,3,0.342370152,7450.0,7,0,1,0,2.0,0.8419759
0,0.058380125,85,0,0.06237505,5001.0,2,0,1,0,0.0,0.02541563
0,0.055502723,59,1,0.146280493,11600.0,5,0,1,0,1.0,0.11293604
0,0.249169435,44,2,1.143966126,4250.0,13,3,1,0,2.0,0.9421857
0,0.01288202,77,0,0.110813909,2616.0,10,0,0,0,0.0,0.12117955
0,0.554119616,63,0,0.900107411,930.0,16,0,0,0,0.0,0.5036292
0,0.571201175,35,0,0.273454388,4625.0,11,0,0,0,3.0,0.5212698
0,0.013159702,79,0,0.103116944,4266.0,12,0,1,0,0.0,0.048124943
0,0.300888517,53,0,0.402913221,8100.0,9,0,1,0,1.0,0.21704489
0,0.0,42,0,1.233941515,4000.0,8,0,4,0,1.0,0.43885335
0,0.404290307,40,0,0.784047989,4500.0,15,0,2,0,2.0,0.56947786
0,0.179209674,75,0,0.179666085,4012.0,8,0,0,0,0.0,0.09823399
0,0.117235346,40,0,0.062580764,5416.0,3,0,0,0,0.0,0.15445459
0,0.0,65,0,0.128658089,15000.0,6,0,1,0,0.0,0.064519964
0,1.073211314,29,0,0.216600089,2252.0,4,0,0,1,1.0,0.88810366
0,0.105946111,29,0,0.691525979,6100.0,8,0,3,0,0.0,0.33043978
0,0.016214957,46,0,1.311071268,2230.0,11,0,2,0,3.0,0.28377923
0,0.9999999,58,0,0.30514921,3417.0,1,0,1,0,0.0,0.40766415
0,0.013015496,72,0,0.00595618,4700.0,10,0,0,0,0.0,0.028621584
0,0.303387158,33,0,0.325253749,6600.0,10,0,1,0,4.0,0.36834353
0,0.331903913,62,0,0.330124051,5400.0,7,0,1,0,1.0,0.21368992
0,0.410704651,53,4,0.807444853,2175.0,8,0,1,0,2.0,0.7622924
0,0.049901628,60,0,0.271045521,4810.0,8,0,1,0,1.0,0.081944734
1,0.0,36,1,0.599189021,3205.0,6,1,1,2,2.0,0.9469913
0,0.40369633,56,1,0.276004218,10430.0,8,0,1,0,0.0,0.25305614
0,0.603634089,58,0,0.522947541,19500.0,22,0,2,0,0.0,0.36073002
0,0.01160135,51,0,0.027099458,50000.0,19,0,1,0,0.0,0.13448682
0,0.046196019,66,0,0.203544248,18000.0,8,0,1,0,0.0,0.04296307
0,0.845519731,30,0,0.107764053,7933.0,4,0,0,0,3.0,0.48588026
1,0.24793033,25,0,0.091533896,3200.0,6,0,0,0,0.0,0.3920423
0,0.09662305,50,0,0.308616088,5245.0,7,0,1,0,0.0,0.10088322
0,0.232402687,41,2,0.106578684,5000.0,8,0,0,0,0.0,0.59221363
0,0.0,63,0,0.433008526,3283.0,10,0,1,0,0.0,0.20161428
0,0.032664852,60,0,0.511929107,4400.0,9,0,1,0,0.0,0.09950458
0,0.000656515,67,0,0.001849797,8108.0,8,0,0,0,0.0,0.047413755
1,0.984185453,40,3,0.696919578,4836.0,22,0,1,0,1.0,0.87311393
0,0.048444759,71,0,0.199003138,5416.0,7,0,1,0,0.0,0.03711502
0,0.071123852,49,0,0.217090417,6646.0,6,0,1,0,0.0,0.12618846
0,0.229443152,78,0,0.303107489,5888.0,15,0,2,0,1.0,0.1889281
0,0.031176104,63,0,0.241219848,8000.0,8,0,2,0,0.0,0.059361458
1,1.06942516,46,9,0.346173868,1920.0,11,1,0,1,1.0,0.9732074
1,0.093460415,59,1,0.396800711,4500.0,12,0,1,0,0.0,0.28602955
1,0.828524869,40,0,0.123687631,10000.0,5,0,0,0,0.0,0.4964652
1,0.9999999,33,2,0.103498971,3400.0,1,2,0,0,1.0,0.93284297
0,0.058047098,47,0,0.066564358,10425.0,3,0,0,0,3.0,0.05808579
0,0.211509412,69,1,0.57659324,5946.0,30,0,1,0,0.0,0.28843632
0,0.653707304,30,2,0.140619793,3000.0,6,0,0,1,0.0,0.8064124
0,0.056928631,23,0,6.0,0.0,2,0,0,0,0.0,0.050259754
0,1.13027604,51,0,0.504859504,15124.0,22,0,2,0,0.0,0.5383278
0,0.220125996,58,0,0.141327623,1400.0,2,0,0,0,0.0,0.1554075
0,0.51736949,51,0,0.320445672,10500.0,9,0,1,0,0.0,0.31319496
0,0.883411741,29,0,0.523553163,5200.0,13,0,1,0,1.0,0.6586144
0,0.0,74,0,0.326739927,1364.0,8,0,0,0,0.0,0.16802257
0,0.716566866,21,0,0.086378738,300.0,2,0,0,0,0.0,0.1367004
0,0.34147361,34,1,0.457345242,3246.0,16,0,1,0,4.0,0.6313472
0,0.001417597,79,0,9.52e-05,10500.0,6,0,0,0,0.0,0.0076415595
0,0.002485925,80,1,0.323173868,7775.0,21,0,1,0,1.0,0.23127972
0,0.9999999,59,0,0.0,14550.0,3,0,0,0,0.0,0.35519618
0,0.574333121,33,0,1.574106473,4000.0,11,0,2,0,0.0,0.69142014
0,0.707996707,39,6,0.446707589,3583.0,7,0,0,0,2.0,0.83902556
0,0.426977527,65,0,0.238258416,4960.0,3,0,1,0,1.0,0.15152217
1,0.875555794,56,0,0.675148362,12300.0,19,0,6,0,0.0,0.7519405
0,0.0,47,0,0.141484045,2600.0,5,0,0,0,0.0,0.12994173
0,0.018170019,45,1,0.838714965,6100.0,11,0,4,0,4.0,0.68268937
0,0.329716994,59,0,0.747126437,2522.0,9,0,1,0,0.0,0.28742725
0,0.331963164,43,0,0.262207846,9583.0,9,0,1,0,0.0,0.24621703
0,0.046827665,67,0,0.126782776,14583.0,18,0,1,0,1.0,0.083331056
1,0.9999999,36,0,0.167708073,4000.0,1,4,0,0,0.0,0.93005556
0,0.11698621,40,0,0.225925485,8400.0,15,0,2,0,2.0,0.30225906
0,0.374853114,41,0,0.434442836,3454.0,5,1,0,0,1.0,0.7152642
0,0.093162735,33,0,0.436013249,3320.0,7,0,1,0,0.0,0.14947712
0,0.781881583,39,2,0.260217552,9468.0,16,0,0,1,1.0,0.87573403
0,0.032989848,42,0,0.024507448,2080.0,6,0,0,0,2.0,0.20123538
0,0.013354385,58,4,0.317623536,3500.0,15,1,1,0,0.0,0.9125302
0,0.205806922,69,0,0.217862481,2675.0,9,0,0,0,0.0,0.2052399
0,0.270354452,56,0,0.433818687,13666.0,10,0,1,0,0.0,0.14896894
0,0.023067923,63,0,1.30989011,1819.0,13,0,2,0,0.0,0.30006176
0,0.589589399,43,0,0.142385831,5758.0,10,0,0,0,0.0,0.29636225
0,0.751624972,47,0,0.500735465,12916.0,16,0,2,0,3.0,0.5250668
0,0.163341835,61,0,0.408520527,6454.0,17,0,1,0,0.0,0.1723851
1,0.120240237,43,0,0.477932212,4100.0,16,1,1,0,3.0,0.7152218
0,0.008021535,87,0,0.002989943,7357.0,8,0,0,0,0.0,0.038760386
0,0.383002073,54,0,0.07700486,6583.0,7,0,0,0,0.0,0.2443323
0,0.11097002,58,0,0.110396846,11666.0,6,0,2,0,2.0,0.04714175
0,0.165157698,52,0,0.32591623,4583.0,9,0,1,0,0.0,0.21641323
0,0.514511332,32,0,0.106879314,4200.0,4,0,0,0,0.0,0.349706
0,0.171498799,62,0,0.416013712,4083.0,11,0,2,0,0.0,0.2079834
0,0.954760652,50,1,0.167095116,3500.0,5,0,0,0,5.0,0.79714394
1,0.9999999,31,2,0.021191523,2500.0,1,0,0,0,3.0,0.9075151
0,0.081444165,38,0,0.178266178,13103.0,10,0,1,0,2.0,0.10275711
0,0.721129338,30,0,0.128331439,7916.0,7,0,0,0,0.0,0.41904655
0,0.002380606,51,0,0.178527382,30000.0,13,0,1,0,0.0,0.050488085
0,0.063482843,87,0,0.334851936,5706.0,4,0,1,0,1.0,0.03709763
0,0.745025604,45,1,0.448337292,3367.0,13,0,0,1,2.0,0.8149864
0,0.095916663,61,0,0.474004639,10347.0,12,0,3,0,0.0,0.14716734
0,0.9999999,50,1,0.648468708,750.0,2,0,0,0,1.0,0.68931013
0,0.010810946,56,0,0.369530755,6307.0,21,0,2,0,2.0,0.19904922
0,0.205631016,38,0,0.809226594,3684.0,8,0,2,0,2.0,0.24854425
0,0.074266374,42,0,0.24606723,6038.0,4,0,1,0,2.0,0.17919818
0,0.846034215,29,0,0.116402116,1889.0,2,0,0,0,0.0,0.48942983
0,0.07682127,38,1,0.57117595,7916.0,7,0,2,0,2.0,0.4244862
0,0.022847329,44,0,0.186009955,11450.0,7,0,1,0,3.0,0.033863135
0,0.039246729,74,0,0.004665112,3000.0,2,0,0,0,0.0,0.031794664
0,0.0,73,0,0.330266973,10000.0,6,0,2,0,1.0,0.11271543
0,0.0,30,0,0.466844385,3000.0,4,0,1,0,0.0,0.20964256
0,0.000405582,69,0,0.249830278,5891.0,16,0,1,0,0.0,0.09189347
0,0.087409383,39,0,0.389115063,4666.0,6,0,2,0,1.0,0.17708847
0,0.135747438,44,0,0.029453015,6416.0,4,0,0,0,0.0,0.14133497
0,1.109578084,28,1,0.331333733,5000.0,5,1,1,1,2.0,0.94932956
0,0.031592685,53,0,0.250907863,11840.0,16,0,3,0,0.0,0.15480909
0,0.095436807,68,0,0.664938912,2700.0,13,0,2,0,0.0,0.1579557
0,0.031214838,58,0,0.355076276,1900.0,6,0,1,0,0.0,0.108924426
0,0.127294588,71,0,0.271513632,15954.0,22,0,3,0,0.0,0.10688979
0,0.010608234,70,0,1.397163121,845.0,5,0,1,0,0.0,0.04588578
0,0.104438451,32,0,0.206391716,5600.0,17,0,0,0,0.0,0.16316551
0,0.092447031,47,1,0.329630041,9000.0,21,0,2,1,0.0,0.6762998
0,0.013669372,51,0,0.185600361,13291.0,9,0,2,0,1.0,0.112289086
0,0.047847608,65,0,0.007360673,3803.0,2,0,0,0,0.0,0.03699618
0,0.0,44,0,0.427228786,3723.0,4,0,1,0,0.0,0.10299797
0,0.160987616,26,0,0.111901557,5200.0,5,0,0,0,2.0,0.27324
1,0.0,49,3,0.289413307,3050.0,5,0,0,0,1.0,0.7405898
0,0.016120724,71,1,0.477321814,8333.0,15,0,2,0,0.0,0.28699976
0,0.127112958,63,0,0.20626607,10500.0,20,0,1,0,0.0,0.14016406
1,0.937354215,43,1,0.380330579,6049.0,4,0,1,0,3.0,0.6923978
1,0.51795338,52,0,0.268187223,9250.0,11,0,2,1,2.0,0.63193697
0,0.055554012,45,0,0.2639904,9166.0,6,0,2,1,0.0,0.41378465
1,0.9999999,50,1,0.160661955,5800.0,2,0,0,0,0.0,0.69826514
0,0.505074746,45,0,0.520956587,12000.0,8,0,2,0,2.0,0.29034618
0,0.530056942,57,0,0.517664311,7500.0,21,0,1,0,2.0,0.36777636
0,0.333583321,35,0,0.471657577,6050.0,7,0,1,0,1.0,0.2489601
0,0.225216942,27,0,0.399941185,6800.0,10,0,1,0,3.0,0.28270146
0,0.364734419,30,0,0.336993563,2640.0,15,0,1,0,0.0,0.4327959
0,0.087910156,54,0,0.520623969,20000.0,8,0,3,0,2.0,0.17006665
0,0.200307282,66,0,0.279737681,43000.0,28,0,6,0,1.0,0.09414266
0,0.9999999,33,0,0.139235987,2800.0,4,0,0,0,0.0,0.50987464
0,0.300149897,65,0,0.732965009,14660.0,23,0,5,0,0.0,0.65623
0,0.375947314,42,0,0.076656204,6052.0,5,0,0,0,3.0,0.31243235
0,0.137117878,49,0,0.494495506,9900.0,11,0,4,0,2.0,0.31814966
0,0.838216178,52,0,0.267323281,11472.0,8,0,1,0,2.0,0.28401053
0,0.430466758,44,0,0.385176956,6300.0,7,0,1,0,2.0,0.23929045
0,0.0,53,0,0.470652935,10000.0,6,0,2,0,3.0,0.08910465
0,0.07378878,70,0,0.131393411,7800.0,7,0,2,0,0.0,0.07397056
0,0.553383653,30,0,0.322250331,8300.0,9,0,1,0,1.0,0.4229426
0,0.100739045,40,0,0.334666476,7000.0,14,0,1,0,2.0,0.17210397
0,0.281557216,33,0,0.106019579,4800.0,4,0,0,0,0.0,0.14811723
1,0.75756061,40,3,0.524241933,6166.0,8,2,2,2,1.0,0.9627823
0,0.110274189,61,0,0.113348248,14750.0,10,0,1,0,0.0,0.058235608
0,0.902936569,52,0,0.508039357,12500.0,6,0,2,0,3.0,0.4006357
0,0.041660898,67,1,1.24910481,10332.0,11,0,5,0,0.0,0.6959603
0,0.083633085,77,0,0.14557425,5467.0,15,0,0,0,1.0,0.06860647
0,0.008313623,46,0,0.305453249,8416.0,7,0,1,0,1.0,0.048062094
0,0.02552047,71,0,0.377905524,4000.0,10,0,1,0,0.0,0.051554285
0,0.06032663,27,0,0.562860438,2600.0,2,0,1,0,0.0,0.17938784
0,0.054660832,63,0,0.026212283,71950.0,8,0,2,0,0.0,0.05289301
0,0.271865551,78,0,0.313422264,8470.0,9,0,2,0,0.0,0.13800074
0,0.154753525,40,1,0.459654035,10000.0,10,0,3,0,1.0,0.5701477
1,0.637362637,25,1,0.0223398,1700.0,2,0,0,0,0.0,0.76292104
0,0.063159342,42,0,0.11262198,6250.0,4,0,1,0,0.0,0.07664672
0,0.229548153,52,4,0.223173595,7240.0,8,0,2,0,0.0,0.6260824
0,0.066113797,63,0,0.621679828,9750.0,24,0,2,0,2.0,0.21081875
0,0.053535609,51,0,0.29055912,12000.0,9,0,2,0,4.0,0.068958364
0,0.032405355,68,0,0.200636163,4086.0,12,0,1,0,0.0,0.037534915
0,0.476082229,44,1,0.439048488,13157.0,12,0,2,0,0.0,0.49840787
0,0.9999999,30,1,0.143010177,5600.0,2,0,0,0,2.0,0.655345
0,0.0,63,0,0.24150905,9833.0,5,0,1,0,1.0,0.105277754
0,0.568660996,66,1,0.372477731,5500.0,7,0,1,0,0.0,0.47672606
0,0.002190372,55,1,0.948480165,1940.0,8,0,1,0,2.0,0.3128958
0,0.290809705,56,0,0.370648734,15167.0,25,0,1,0,2.0,0.19326895
0,0.166799093,51,0,0.14717363,6916.0,9,0,1,0,2.0,0.13576925
0,0.0,44,1,0.355783919,7200.0,7,0,2,1,1.0,0.6760268
0,0.165981705,41,0,0.319400049,12200.0,10,0,3,0,1.0,0.2292685
0,0.058027304,39,0,0.363527295,5000.0,9,0,1,0,0.0,0.14662312
0,0.018737182,41,0,1118.0,0.0,13,0,1,0,0.0,0.03653359
0,0.733145708,50,1,0.319493207,6550.0,11,0,1,0,0.0,0.6453451
0,0.001479412,36,0,0.00049975,2000.0,7,0,0,0,4.0,0.024633674
0,0.89415248,50,0,0.108874959,3030.0,3,0,0,0,2.0,0.6003159
0,0.236119488,71,0,0.386377427,6591.0,8,0,1,0,0.0,0.10411752
0,0.118236921,59,0,0.553956032,8960.0,8,0,3,0,1.0,0.14540832
1,0.779468507,41,1,2.147901399,1500.0,12,0,3,0,3.0,0.7917229
0,0.806441611,46,0,1.380585516,1946.0,21,0,2,0,0.0,0.77187926
0,0.483047197,40,0,0.389624426,3700.0,11,0,0,0,2.0,0.41449997
0,0.055562802,41,0,0.259674033,10000.0,8,0,2,0,2.0,0.07716505
1,0.9999999,31,0,0.102179564,5000.0,1,0,0,0,0.0,0.5691808
0,0.284273309,57,0,0.217627762,11583.0,3,0,1,0,3.0,0.05538925
0,0.107048342,50,0,0.653052542,9401.0,16,0,1,0,1.0,0.18158153
0,0.303260465,59,0,0.333566643,10000.0,16,0,2,0,1.0,0.2497965
0,0.240964689,65,1,0.230276972,10000.0,9,0,1,0,1.0,0.2818939
0,0.093006849,62,0,0.298106292,1636.0,13,0,0,0,0.0,0.17870693
0,0.020187689,81,0,0.140464884,4000.0,13,0,0,0,0.0,0.024752306
0,0.089590183,48,0,0.004679906,16666.0,5,0,0,0,0.0,0.09779354
0,0.034289216,61,0,0.141802522,16254.0,5,0,1,0,0.0,0.027146537
0,0.122042827,52,0,0.180285005,7648.0,6,0,2,0,0.0,0.14595284
0,0.029731495,65,1,0.26021884,7950.0,8,0,2,0,2.0,0.20132777
0,0.019782911,62,0,0.066296784,10633.0,8,0,1,0,2.0,0.042976853
0,0.641143502,30,0,0.647741475,5600.0,6,0,2,0,0.0,0.46889046
1,0.49366514,34,1,0.419942077,7250.0,10,0,2,0,0.0,0.553833
0,0.300032816,38,0,899.0,0.0,6,0,1,1,0.0,0.26117074
0,0.704912383,55,0,0.658108108,5919.0,12,0,2,0,0.0,0.5239721
0,0.510094557,30,0,0.653621982,1200.0,7,0,1,0,0.0,0.36857042
0,0.014226321,75,0,0.019175455,1042.0,5,0,0,0,0.0,0.026265671
0,0.329492429,30,0,0.290141972,5000.0,6,0,0,0,1.0,0.28335473
0,0.379160043,37,0,0.340506867,7062.0,5,1,2,0,0.0,0.6937462
0,0.205106585,64,0,1.576263925,4667.0,24,0,1,0,0.0,0.15120761
0,0.035627442,51,0,0.282819117,9917.0,7,0,1,0,2.0,0.0773267
0,0.138126498,46,0,0.176647672,9300.0,9,0,1,0,2.0,0.16002917
1,0.739473314,40,0,0.487837388,6001.0,7,0,2,0,2.0,0.45188534
0,0.118811275,57,0,0.117432215,16153.0,8,0,1,0,1.0,0.072662406
0,0.9999999,41,0,0.0,5000.0,0,0,0,0,2.0,0.73433834
0,0.101258822,55,0,0.123281966,2400.0,6,0,0,0,0.0,0.15531586
0,0.048719516,83,0,0.004332611,6000.0,4,0,0,0,1.0,0.04948734
1,0.367848017,63,0,0.147442535,4828.0,5,1,0,0,1.0,0.76212204
0,0.0,32,0,349.0,0.0,5,0,0,0,0.0,0.043748017
0,0.034021123,46,0,0.012724381,4400.0,7,0,0,0,0.0,0.15159915
0,0.273293689,58,0,0.622038687,4600.0,23,0,3,0,0.0,0.24005371
0,0.018876862,80,0,0.01032989,3000.0,7,0,0,0,0.0,0.07374015
0,0.9999999,27,0,0.09255079,3100.0,1,0,0,0,0.0,0.5854298
0,0.122295439,47,0,1843.5,1.0,18,0,1,0,3.0,0.057714324
0,0.012927648,73,0,0.00132908,3761.0,2,0,0,0,0.0,0.009060734
0,0.447596053,48,0,1.086550183,2460.0,12,0,1,0,3.0,0.42727008
0,0.709651614,49,1,0.678601166,1200.0,3,0,0,0,0.0,0.7138662
0,0.304881374,50,0,0.119923095,4160.0,3,0,0,0,0.0,0.27014917
0,0.01717531,66,0,0.034224161,7333.0,7,0,0,0,1.0,0.052078687
0,0.053829041,58,0,0.034691713,6600.0,9,0,0,0,1.0,0.100003555
0,0.9999999,50,1,0.177332682,2046.0,2,0,0,0,0.0,0.7331352
0,0.9999999,34,1,0.25464191,4900.0,4,1,0,1,4.0,0.9469368
0,0.005432605,71,0,0.002920561,3423.0,7,0,0,0,0.0,0.031195337
0,0.102513808,64,0,0.586863317,5830.0,13,0,3,0,0.0,0.16084075
0,0.999257463,73,0,0.855211513,4585.0,11,0,2,0,1.0,0.39840686
0,0.127467148,47,0,0.484841213,12500.0,13,0,1,0,2.0,0.13666189
0,0.565297647,26,2,1.078431373,764.0,6,0,0,1,0.0,0.4656417
0,0.701808089,37,0,0.616345914,4000.0,7,0,1,0,1.0,0.4980436
0,0.051799137,62,0,0.008544653,10883.0,4,0,0,0,1.0,0.023885127
0,0.536747939,62,0,0.761082326,3473.0,12,0,1,0,0.0,0.4165853
0,0.0,48,0,0.21228319,9166.0,6,0,1,0,3.0,0.051223915
0,0.262862488,30,0,0.228489825,2800.0,6,0,0,0,0.0,0.21715699
1,0.349301868,60,0,0.265962005,7000.0,14,0,0,0,2.0,0.1933381
0,0.013276865,37,0,0.436867068,7800.0,8,0,2,0,1.0,0.15413287
1,0.524318769,45,0,0.610856364,8068.0,12,0,3,0,2.0,0.5038672
0,0.518856861,52,0,0.782584985,5500.0,16,0,1,0,0.0,0.6224999
0,0.640371686,70,0,0.245011135,22900.0,16,0,2,0,1.0,0.25773263
0,0.9999999,38,0,0.027486257,2000.0,0,2,0,0,2.0,0.93125635
0,0.34708449,28,0,0.39017341,1037.0,4,0,0,0,0.0,0.3298286
0,0.531049379,42,0,0.150986274,11000.0,4,0,1,0,0.0,0.20000239
0,0.30770086,39,1,1.660974594,2400.0,14,0,2,0,3.0,0.6078768
0,0.477746202,47,2,13.09561753,250.0,14,0,2,0,0.0,0.40676734
0,0.06112046,59,1,0.464032884,4378.0,7,0,1,1,1.0,0.7490977
0,0.010361757,42,0,0.131855467,14750.0,9,0,1,0,2.0,0.17286299
0,0.9999999,38,0,0.355548151,3000.0,3,0,1,0,0.0,0.4761407
0,0.170633564,40,1,0.125570953,12916.0,11,0,1,0,0.0,0.309906
1,0.987004332,57,3,0.363998861,3510.0,6,0,0,0,1.0,0.872218
0,0.293069444,44,0,1.322233105,4083.0,10,0,2,1,3.0,0.6583553
0,0.547545355,45,0,0.593575877,6101.0,12,0,1,0,5.0,0.51950604
0,0.059884003,83,0,0.008453777,7333.0,4,0,0,0,0.0,0.035687067
0,0.148371706,64,0,0.055164143,6670.0,4,0,0,0,0.0,0.12872621
0,0.9999999,41,0,0.091143998,4256.0,2,5,0,0,2.0,0.9384675
0,0.195878007,40,0,0.264455924,6000.0,13,0,1,0,2.0,0.19150959
0,0.318178788,42,0,0.479822288,2700.0,4,0,1,0,2.0,0.2636449
0,0.031799205,63,0,0.279160949,5100.0,4,0,1,0,1.0,0.060291428
0,0.0,87,0,0.094830049,3500.0,4,0,1,0,0.0,0.15502645
0,0.017627416,72,0,0.00559888,5000.0,3,0,0,0,0.0,0.01864606
0,0.026931381,65,0,0.735044929,3894.0,9,0,3,0,1.0,0.32277188
0,0.198403225,44,0,0.391304348,4116.0,9,0,2,0,1.0,0.20338215
0,0.022300271,41,0,0.011197014,3750.0,5,0,0,0,1.0,0.07618514
0,0.008449994,62,0,0.010227273,1759.0,13,0,0,0,0.0,0.13297427
0,0.394468368,71,0,0.179048099,3970.0,5,0,1,0,1.0,0.077604905
0,0.065096745,84,0,0.035982009,2000.0,8,0,0,0,0.0,0.12392866
0,0.296489411,45,0,0.531423429,6666.0,7,0,2,0,3.0,0.2728355
0,0.027389439,55,0,0.2176,10624.0,8,0,1,0,1.0,0.056732997
0,0.355522886,57,0,0.256354314,9166.0,10,0,2,0,0.0,0.13168928
0,0.446607119,58,0,0.545434348,4500.0,8,0,1,1,0.0,0.5117584
0,0.9999999,53,1,0.218541709,4950.0,3,3,1,0,2.0,0.9423789
0,0.0,34,0,0.501916347,6000.0,12,0,2,0,0.0,0.25597173
0,0.432386999,64,0,1.0737584,6100.0,14,0,3,0,0.0,0.44424823
0,0.138076605,55,0,0.261372398,3890.0,12,0,0,0,0.0,0.18589817
0,0.036384081,64,0,0.014991671,1800.0,4,0,0,0,0.0,0.05378842
1,0.659597941,61,0,0.744095365,8975.0,18,0,2,1,0.0,0.8133582
0,0.9999999,43,0,0.000555401,3600.0,7,0,0,0,1.0,0.3644132
0,0.777068911,56,1,0.340059995,7333.0,11,0,1,0,0.0,0.6004887
0,0.109088192,71,0,0.374955742,8472.0,12,0,3,0,1.0,0.124616876
0,0.653993022,46,1,1.712633452,3371.0,14,0,2,0,0.0,0.73413056
0,0.197626601,25,0,0.031989337,3000.0,6,0,0,0,1.0,0.34920576
0,0.460497942,34,0,0.182020183,10800.0,10,0,1,0,1.0,0.26554897
0,0.921346308,65,1,0.059227468,6989.0,2,0,0,0,0.0,0.51807433
0,0.024176542,54,0,0.221024259,11500.0,12,0,1,0,4.0,0.0785497
0,0.031258248,57,0,0.397520496,5000.0,15,0,2,0,0.0,0.17620887
0,0.012981241,70,0,0.003620066,5800.0,17,0,0,0,0.0,0.056048773
0,0.788011157,36,0,0.258359873,5023.0,6,0,0,0,2.0,0.5063026
0,0.0,34,0,0.0,4220.0,7,0,0,0,0.0,0.047833256
0,0.007930722,80,0,0.223203906,4300.0,9,0,1,0,1.0,0.055594273
0,0.135227031,51,0,0.22293991,5108.0,9,0,0,0,4.0,0.19992591
0,0.223222551,55,1,0.180174431,4700.0,11,0,0,0,0.0,0.4949684
0,0.412743397,33,0,0.359140859,6005.0,10,0,1,0,0.0,0.35790235
0,0.984793251,33,0,0.784710018,1137.0,3,0,1,0,0.0,0.5348893
0,0.194345196,76,1,0.235065943,11600.0,25,0,1,0,0.0,0.21771002
0,0.649155304,56,0,1.79989596,17300.0,12,0,0,0,2.0,0.27734116
0,0.098271626,46,0,0.167380748,3500.0,6,0,0,0,0.0,0.13341932
0,0.045186097,42,0,0.095278823,5845.0,10,0,0,0,0.0,0.11433671
1,0.246468424,61,5,0.357107149,6000.0,24,0,1,0,0.0,0.7146193
0,0.001230706,70,0,0.003198721,2500.0,10,0,0,0,0.0,0.04910095
0,0.0,53,0,1.028932141,1900.0,8,0,1,0,0.0,0.15558557
0,0.208635324,55,0,0.345681036,6100.0,8,0,2,0,4.0,0.16269998
0,0.063916697,49,0,0.382861714,10000.0,11,0,3,0,2.0,0.20730671
0,0.09914542,59,2,0.30308417,11250.0,9,0,2,0,2.0,0.31617698
1,1.064387123,51,2,0.693641618,2940.0,6,0,1,1,1.0,0.94965196
0,0.0059831,64,0,0.126387361,10000.0,20,0,1,0,0.0,0.108283766
0,0.662063187,44,1,0.384286311,9583.0,11,0,2,0,3.0,0.5104868
0,0.693620259,40,1,0.27398702,5700.0,4,1,1,0,1.0,0.8444212
1,0.9999999,32,1,0.446166621,7225.0,6,0,0,0,1.0,0.74854434
0,0.384348038,63,0,0.149640041,5833.0,5,0,0,0,0.0,0.23046665
0,0.086276092,40,0,0.210357928,5000.0,8,0,0,0,2.0,0.12462461
0,0.00163109,37,0,0.0,1333.0,2,0,0,0,0.0,0.03545572
0,0.032583137,31,0,0.068563593,5833.0,8,0,0,0,0.0,0.09369574
0,0.078258786,55,1,0.234423122,8441.0,16,0,2,0,0.0,0.36567047
0,0.171814586,41,0,0.333396819,10500.0,9,0,2,0,2.0,0.209311
0,0.358715553,52,0,0.273272905,8163.0,5,0,2,0,0.0,0.1987334
0,0.535453553,47,0,0.299685016,20000.0,14,0,1,0,1.0,0.39912975
0,0.985734284,52,1,0.471827031,10683.0,7,0,4,0,0.0,0.5840676
0,0.9999999,47,0,0.262403031,11085.0,5,0,2,0,3.0,0.2526843
0,0.032126805,49,0,0.007657945,4700.0,6,0,0,0,1.0,0.13145787
0,0.011495452,57,0,0.003479722,8333.0,6,0,0,0,0.0,0.13478656
0,0.212192942,46,0,0.987493203,1838.0,8,0,1,0,0.0,0.252325
0,0.0,62,0,0.0,5644.0,1,0,0,0,0.0,0.11315774
0,0.055379665,43,0,0.832333619,3500.0,13,0,2,0,2.0,0.23032959
0,0.073697186,57,0,0.344101529,10400.0,7,0,2,0,0.0,0.10982114
0,0.644369301,57,0,0.992228894,5661.0,11,0,2,0,0.0,0.54534465
0,0.056879398,69,0,0.248937766,4000.0,9,0,1,0,1.0,0.051829368
0,0.0,36,0,0.211589113,3416.0,4,0,1,0,0.0,0.09044173
0,0.712920546,55,0,0.44347898,12083.0,15,0,1,0,4.0,0.3577118
0,0.184058707,67,0,0.239969624,7900.0,13,0,2,0,1.0,0.09372228
0,0.04560715,59,0,0.774553571,3583.0,13,0,2,0,0.0,0.23788211
0,0.219992667,72,0,0.432532751,4579.0,7,0,1,0,0.0,0.081616044
0,0.021158206,57,0,0.13758777,11250.0,15,0,1,0,0.0,0.084733315
1,0.950166113,49,0,0.098757952,3300.0,2,0,0,1,3.0,0.88007885
0,0.00118527,62,0,0.23651572,10400.0,7,0,1,0,1.0,0.061044358
0,0.9999999,39,0,0.12664978,7500.0,3,0,0,0,0.0,0.45446762
0,0.052358939,59,0,0.141473082,9082.0,4,0,1,0,0.0,0.047422588
0,0.235503014,63,0,0.05164945,3000.0,5,0,0,0,0.0,0.2577366
0,0.9999999,45,0,0.445353815,15883.0,7,0,1,0,1.0,0.53203154
0,0.170755753,36,0,0.070385476,7600.0,4,0,0,0,0.0,0.12770575
1,0.968080935,54,0,0.620920112,6433.0,4,0,1,0,1.0,0.51281536
0,0.0,59,0,0.133923788,28000.0,11,0,2,0,2.0,0.101380505
0,0.774276625,64,0,0.288611017,2958.0,4,0,0,0,0.0,0.38931704
0,0.018201167,24,0,0.004403901,3178.0,6,0,0,0,0.0,0.23784557
0,0.255138441,67,3,0.294661775,19350.0,11,0,3,0,0.0,0.3497154
0,0.0,50,0,0.378817014,13000.0,6,0,2,0,4.0,0.13799416
0,0.0,69,2,0.300485576,3500.0,12,0,1,0,0.0,0.52457666
0,0.104689298,54,0,0.036960647,12120.0,24,0,0,1,0.0,0.42238396
0,0.10045877,35,0,0.069554277,5563.0,4,0,0,0,0.0,0.078737624
0,0.658286728,54,0,0.172602108,13000.0,9,0,0,0,1.0,0.34080875
0,0.310518247,60,0,0.360493019,9167.0,23,0,1,0,0.0,0.18047047
0,0.753324668,33,0,0.339441899,2400.0,6,0,1,0,1.0,0.453829
0,0.563218391,45,0,0.364115615,5500.0,3,0,1,0,3.0,0.3236316
0,0.023798413,41,0,0.14244065,2400.0,3,0,0,0,0.0,0.0504134
1,0.9999999,34,2,0.249401523,4594.0,7,1,1,0,0.0,0.9073346
0,0.440924588,66,0,0.530794661,8166.0,10,0,2,0,0.0,0.20511328
0,0.020326776,25,0,0.102463406,2800.0,6,0,0,0,0.0,0.20590132
0,0.0,24,0,0.633373934,820.0,5,0,0,0,0.0,0.095457956
0,0.905570292,36,0,0.259267195,4666.0,8,1,0,0,0.0,0.8187006
0,0.017724782,73,1,0.247635513,9832.0,14,0,1,0,0.0,0.24913362
0,0.166941329,56,0,0.263096495,18000.0,10,0,3,0,2.0,0.15826455
0,0.0,28,0,0.08788005,2400.0,4,0,0,0,0.0,0.28429368
0,0.048758356,52,0,0.696748351,4243.0,8,0,1,0,2.0,0.1637008
0,0.798650169,43,3,1.100030221,3308.0,7,0,1,0,1.0,0.8490284
0,0.525839735,56,0,0.494633142,6800.0,7,0,2,0,2.0,0.1626419
0,0.433919202,58,0,0.288847627,8616.0,4,0,1,0,2.0,0.14537837
0,0.260852485,33,0,0.36573362,3250.0,15,0,0,0,0.0,0.332145
0,0.004015094,62,0,0.000723415,4146.0,10,0,0,0,0.0,0.081484236
0,0.796165298,53,0,0.614919254,20000.0,27,0,4,0,4.0,0.6426942
0,0.080564168,60,0,0.487288997,4916.0,15,0,2,0,0.0,0.18694018
0,0.030031289,81,0,0.013493253,2000.0,5,0,0,0,0.0,0.020995483
0,0.017929421,69,0,0.159284072,10000.0,13,0,1,0,0.0,0.053715453
0,0.9999999,37,0,0.282190132,3323.0,5,3,1,3,2.0,0.96362585
1,0.166069516,43,0,0.624890036,17050.0,18,0,3,0,3.0,0.43365866
0,0.9999999,48,0,0.216534071,2890.0,6,0,0,0,0.0,0.5698073
0,0.021020397,79,0,0.013064133,2525.0,8,0,0,0,0.0,0.08365887
0,0.046772308,41,0,0.531617096,4000.0,7,0,2,0,2.0,0.16960888
0,0.427145709,24,0,7.0,0.0,3,0,0,0,0.0,0.10504341
0,0.069411799,66,0,1081.0,0.0,9,0,1,0,0.0,0.073842056
0,0.9999999,62,1,0.355081967,3049.0,2,0,0,0,2.0,0.756187
0,0.292682927,58,0,0.366480079,3036.0,7,0,1,0,1.0,0.17903721
0,0.412205259,55,3,0.518883415,7916.0,20,0,5,1,0.0,0.81422305
0,0.574966988,43,1,1.150631044,6100.0,20,0,2,0,3.0,0.7786286
0,0.0,42,0,0.511785942,9417.0,6,0,2,0,3.0,0.08801836
0,0.9999999,48,0,0.11410382,4083.0,1,0,0,0,0.0,0.5854728
0,0.944657955,24,0,680.0,0.0,4,0,1,0,0.0,0.12426657
0,0.009246513,65,1,0.215291107,6251.0,9,0,1,0,0.0,0.1953278
0,0.054828341,56,0,0.32808399,8381.0,14,0,2,0,0.0,0.1444901
0,0.025615312,59,0,0.413643411,3224.0,9,0,0,0,0.0,0.17162673
0,0.062006448,54,0,0.002836157,13750.0,2,0,0,0,0.0,0.052855328
0,0.001551657,36,0,0.41986456,5758.0,9,0,1,0,0.0,0.061906762
0,0.973901188,67,0,0.150784922,10000.0,8,0,0,0,0.0,0.3073789
0,0.150299383,25,0,0.2290024,2916.0,7,0,0,0,1.0,0.4124337
0,0.012076183,55,0,0.230589803,3000.0,8,0,1,0,0.0,0.14560643
0,0.51918104,35,0,0.458725004,5850.0,7,0,2,0,3.0,0.3758505
0,0.184523482,72,0,0.307290154,3442.0,17,0,0,0,0.0,0.15080583
0,0.043294693,81,0,0.010996335,3000.0,3,0,0,0,0.0,0.022869857
0,0.9999999,56,0,0.538362347,3101.0,5,2,1,0,0.0,0.8571768
0,0.165401778,68,0,0.392121349,4416.0,9,0,1,0,0.0,0.08414403
0,0.402024265,54,0,0.706083976,3500.0,11,0,1,0,2.0,0.27882978
0,0.029537304,60,0,0.664558914,6483.0,17,0,2,0,1.0,0.12097334
0,0.010761033,36,0,0.187635394,6000.0,15,0,1,0,0.0,0.1341488
0,0.306518401,46,2,0.279025997,8500.0,9,0,1,0,0.0,0.58371186
0,0.9999999,70,0,0.193097998,7591.0,5,0,0,0,0.0,0.3041579
0,0.685529647,56,0,0.804170122,8440.0,15,0,3,0,0.0,0.6001325
0,0.024950966,36,0,0.390630468,20000.0,13,0,3,0,1.0,0.2605369
0,0.188844858,61,3,0.624159707,4908.0,11,0,3,0,0.0,0.6748046
1,0.052094791,68,0,0.002678093,5600.0,5,0,0,0,0.0,0.15597674
0,0.761238761,25,0,0.047569804,2900.0,3,0,0,0,0.0,0.51820534
0,0.003294251,56,0,0.233721132,5758.0,9,0,1,0,1.0,0.068356045
0,0.021155757,40,0,0.272104181,5835.0,5,0,2,0,0.0,0.07127826
1,0.9999999,42,98,0.0,3200.0,0,98,0,98,1.0,0.96956944
0,0.3246837,53,1,0.266967457,10416.0,14,0,1,0,0.0,0.34428367
0,0.9999999,44,1,0.455450127,4320.0,4,1,1,0,0.0,0.88955426
0,0.9999999,39,0,0.0,1500.0,0,0,0,0,5.0,0.6253859
1,0.454534629,44,0,1.075231192,4000.0,8,0,1,0,4.0,0.4806435
0,0.0,70,0,0.432240437,1829.0,10,0,2,0,0.0,0.10404607
0,0.399520096,50,0,0.817891374,1877.0,12,0,1,0,0.0,0.3774414
0,0.249111859,79,0,0.320100726,6750.0,13,0,1,0,0.0,0.11936286
0,0.004524365,41,1,0.001066382,3750.0,4,0,0,0,3.0,0.1359196
0,0.050394961,53,0,0.42284264,5909.0,4,0,2,0,3.0,0.16245477
0,0.165700742,61,1,0.397802028,12920.0,24,0,3,0,0.0,0.38251352
0,0.06910538,45,0,0.463907219,5000.0,12,0,3,0,2.0,0.32706138
0,0.338632782,69,2,0.293250582,9022.0,23,0,0,0,0.0,0.5249888
0,0.019196807,63,0,0.13290263,2166.0,8,0,0,0,0.0,0.1481711
0,0.464142728,72,0,0.758258036,6750.0,12,0,2,0,1.0,0.30871236
0,0.875708097,51,0,0.476633341,4300.0,4,0,2,0,0.0,0.5127928
0,0.195717732,29,0,0.743221035,2433.0,7,0,1,0,0.0,0.21446745
0,0.265119149,61,0,0.738659794,5819.0,16,0,2,0,1.0,0.2447581
0,0.079630419,56,0,0.175329845,17583.0,10,0,2,0,1.0,0.0883575
0,0.007510337,40,0,0.225539856,3750.0,8,0,1,0,3.0,0.061097283
0,0.755365837,40,0,0.960548075,4232.0,13,0,2,0,2.0,0.75177175
0,0.899154765,52,0,0.304814004,4569.0,6,0,1,0,2.0,0.435074
0,0.054527571,59,0,0.033325399,4200.0,4,0,0,0,0.0,0.052387733
0,0.065792396,52,0,0.38227983,5631.0,22,0,1,0,2.0,0.1405271
0,0.092963568,51,0,0.00789177,11530.0,4,0,0,0,3.0,0.031481486
0,0.031322573,60,0,0.075181546,2340.0,39,0,0,0,0.0,0.0996665
0,0.0,54,0,0.762059485,4000.0,8,0,4,0,0.0,0.34831795
0,0.122508779,52,0,0.188900925,12000.0,7,0,2,0,2.0,0.085684866
0,0.050189962,63,0,2698.0,0.0,3,0,1,0,1.0,0.07751103
0,0.046265896,65,0,0.6555687,5916.0,9,0,1,0,1.0,0.11172557
0,0.9832951,54,3,0.587388348,7500.0,10,0,2,0,0.0,0.846022
0,0.538678302,42,0,0.413554343,4765.0,13,0,1,0,2.0,0.4271743
0,0.016486355,80,0,0.201840781,23250.0,15,0,1,0,0.0,0.03953468
1,0.9999999,23,0,0.089385475,1789.0,0,1,0,0,0.0,0.81875736
0,0.053483228,80,0,0.11021702,4100.0,6,0,1,0,0.0,0.024895083
0,0.286846898,41,0,0.707905315,13433.0,7,0,3,0,2.0,0.51207924
0,0.301963091,52,0,0.399239544,7100.0,8,0,1,0,1.0,0.20994332
0,0.611469595,33,0,0.93135436,4850.0,8,0,2,0,0.0,0.5845357
0,0.017999561,71,0,0.130928461,21400.0,6,0,2,0,1.0,0.02628341
0,0.149845318,59,0,0.250125733,5964.0,11,0,1,0,0.0,0.13825601
0,0.416496918,45,0,0.144329897,6595.0,3,0,0,0,1.0,0.2297197
0,0.061210322,54,0,0.142233857,4583.0,7,0,1,0,0.0,0.09476308
0,0.9999999,53,0,0.927004465,5150.0,6,0,1,0,0.0,0.52690965
0,0.511972934,38,0,0.413395952,8942.0,16,0,1,0,2.0,0.51221424
0,0.736625514,31,0,0.185165702,1900.0,3,0,0,0,1.0,0.5148878
0,0.011742313,81,0,0.001856878,7000.0,4,0,0,0,0.0,0.03400066
0,0.888634065,47,0,0.392288617,12500.0,14,0,2,0,0.0,0.56105536
1,1.002173441,25,2,0.096737908,8000.0,4,0,0,0,0.0,0.85476226
0,0.456514495,45,0,0.410894875,11766.0,5,0,3,0,2.0,0.15165491
0,0.975195342,57,0,1.363782051,4367.0,8,1,2,0,1.0,0.90246034
0,0.031669031,49,0,1.188663746,3651.0,10,0,3,0,0.0,0.33704653
0,1.430784608,24,0,0.497085762,1200.0,2,4,0,1,1.0,0.92573726
0,0.9999999,53,0,0.331884373,4600.0,1,0,1,0,2.0,0.5427926
0,0.250690052,54,0,0.389905678,16008.0,9,0,2,0,0.0,0.1675856
0,0.9999999,28,1,0.0,2228.0,0,0,0,0,1.0,0.8177901
0,0.048937911,61,0,0.00959808,5000.0,2,0,0,0,0.0,0.06602281
0,0.575052451,70,2,0.27410004,7416.0,10,0,1,0,0.0,0.67463666
0,0.12244089,36,0,0.4145539,5166.0,11,0,1,0,0.0,0.23199613
0,0.253395615,80,0,0.446865037,7527.0,11,0,4,0,0.0,0.38357687
0,0.874520913,36,0,0.999107939,1120.0,5,0,1,0,2.0,0.55252427
0,0.042449566,52,1,1.220819376,3880.0,14,0,3,1,0.0,0.81274045
0,0.0,40,0,0.329934013,5000.0,9,0,1,0,1.0,0.16851296
0,0.015533493,51,0,0.341898721,9300.0,13,0,2,0,1.0,0.11286629
0,0.130987057,42,0,0.214309521,9000.0,11,0,1,0,2.0,0.15324622
1,0.0,57,1,0.279113753,3700.0,8,0,1,0,0.0,0.49953094
0,0.013649318,28,0,0.302424394,4000.0,6,0,2,0,0.0,0.14073588
0,0.9999999,34,0,0.640830318,5250.0,4,0,2,0,2.0,0.652079
0,0.677118837,39,1,0.074308564,3000.0,8,0,0,1,2.0,0.8273437
0,0.024152168,46,1,0.427232465,9708.0,12,0,2,0,3.0,0.3231823
0,0.085571438,37,0,0.211221977,7716.0,9,0,2,0,3.0,0.14024408
0,0.260655225,55,1,0.234642658,12550.0,20,0,1,0,1.0,0.36616713
0,0.007687632,55,0,0.099505999,4250.0,13,0,0,0,5.0,0.12727071
0,0.010599697,70,0,0.14737124,11202.0,7,0,1,0,0.0,0.023397768
0,0.130231093,36,0,0.578526381,6500.0,8,0,2,0,0.0,0.1704965
0,1.047301799,42,1,0.653272845,1542.0,6,1,0,0,1.0,0.9402469
0,0.952698201,30,0,0.619504396,1250.0,2,0,0,0,0.0,0.5321377
0,0.9999999,32,0,0.0,3200.0,0,0,0,0,0.0,0.6749856
0,0.017031709,80,0,0.207117153,2500.0,4,0,0,0,0.0,0.050692055
0,0.440132941,42,0,0.126258233,8046.0,7,0,0,0,1.0,0.29342276
0,0.114859009,31,0,0.578855286,4000.0,7,0,1,0,0.0,0.24531166
0,0.06532042,52,0,0.00973607,17049.0,5,0,0,0,3.0,0.06408006
0,0.737332424,27,0,120.0,1.0,4,0,0,0,0.0,0.33765805
0,0.9999999,55,0,0.0,2600.0,0,0,0,0,1.0,0.71882224
0,0.36109244,62,0,0.18985401,15000.0,8,0,1,0,0.0,0.10316435
0,0.249149365,37,0,0.031930767,3350.0,4,0,0,0,1.0,0.15088792
0,0.012748662,31,0,0.298015222,6700.0,13,0,2,0,0.0,0.072653525
0,0.112053652,61,0,0.146024215,12223.0,7,0,1,0,4.0,0.021960644
0,0.31713555,40,0,0.371750342,9500.0,13,0,2,0,1.0,0.2950231
0,0.003870864,48,0,0.127621483,7819.0,8,0,0,0,1.0,0.07505486
0,0.295608632,72,1,1.167916042,2000.0,21,0,1,0,0.0,0.48155427
0,0.789595895,54,0,0.47961852,6500.0,8,0,1,0,0.0,0.36541262
0,0.746523418,60,0,0.243920413,9498.0,12,0,1,0,0.0,0.3362741
0,0.041349499,50,0,0.476497696,5424.0,9,0,2,0,1.0,0.14641893
1,0.999333777,49,1,0.102389878,8535.0,5,0,1,0,0.0,0.710688
0,0.0,34,0,0.228580719,6150.0,8,0,1,0,1.0,0.16135718
0,0.795840832,26,0,0.259600614,650.0,2,0,0,0,0.0,0.27217576
0,0.021332622,61,0,0.438140465,4000.0,6,0,1,0,0.0,0.07094669
0,0.115663772,53,0,0.542645735,10000.0,10,0,4,0,1.0,0.38421607
0,0.036254696,62,0,0.189807299,14166.0,13,0,1,0,0.0,0.07123977
0,0.007129016,78,0,0.003434951,2328.0,4,0,0,0,0.0,0.030350039
0,0.415073116,44,0,0.170943019,3000.0,4,0,0,0,2.0,0.34241107
0,0.0,47,0,0.963678774,3000.0,12,0,3,0,0.0,0.44342098
1,1.00419916,29,0,0.225606854,2100.0,9,0,0,0,2.0,0.7956625
0,0.0,77,1,0.596537629,4158.0,3,0,1,0,2.0,0.3813124
0,0.731003012,40,0,0.416867747,8702.0,12,0,1,0,2.0,0.5580533
0,0.064197432,66,0,0.133510306,6403.0,4,0,0,0,1.0,0.07385826
0,0.05161821,41,0,0.411185752,6400.0,7,0,2,0,2.0,0.14754815
0,0.718218914,48,0,0.117654723,7674.0,6,0,0,0,0.0,0.4475808
1,0.9999999,47,0,0.502832389,3000.0,6,0,2,0,1.0,0.50434333
0,0.08563883,36,0,0.021378709,4583.0,7,0,0,0,0.0,0.1137486
0,0.273695285,67,0,0.477576975,5975.0,11,0,4,0,0.0,0.3157213
0,0.007169077,86,0,0.00245605,7735.0,7,0,0,0,0.0,0.029509349
0,0.33957044,38,0,0.293080768,3800.0,9,0,1,0,0.0,0.26378152
0,0.062925831,59,1,0.284108788,4448.0,10,0,1,0,1.0,0.29287115
0,0.016096056,66,0,0.18479472,11666.0,9,0,2,0,0.0,0.09135904
0,0.013102508,35,0,0.255591376,9925.0,16,0,2,0,2.0,0.19857723
0,0.071505824,66,0,0.204191778,11116.0,11,0,2,0,1.0,0.085304275
0,0.166834158,58,0,0.319575586,10272.0,15,0,2,0,2.0,0.20592992
0,0.597261749,61,0,0.095484086,6000.0,10,0,0,1,0.0,0.78448355
0,0.104617858,53,0,0.32504486,3900.0,15,0,0,0,2.0,0.17193627
0,0.227749592,60,0,0.337518054,9000.0,21,0,0,0,2.0,0.16398984
0,0.126301337,61,0,0.855280313,2300.0,14,0,1,0,0.0,0.16921744
0,0.054302606,44,0,0.482233503,6500.0,13,0,3,0,1.0,0.25320616
0,0.0,84,0,0.183877415,1500.0,7,0,0,0,0.0,0.15997627
0,0.560117541,46,0,0.146713322,4000.0,7,0,0,0,0.0,0.38195106
0,0.318037332,64,0,2.236508994,1500.0,19,0,1,0,0.0,0.3385395
0,0.333040658,45,0,0.507338358,10083.0,12,0,4,0,4.0,0.42575422
0,0.00819821,54,0,0.123113208,8479.0,7,0,1,0,0.0,0.05839587
0,0.146894191,32,0,0.398255129,4240.0,11,0,1,0,0.0,0.2760309
0,0.010512551,67,0,0.229689188,8332.0,8,0,1,0,1.0,0.05481974
0,0.837194785,53,2,0.458878994,3817.0,8,0,0,0,1.0,0.8059653
0,0.175948775,63,0,0.225195633,10350.0,10,0,0,0,1.0,0.13377859
0,0.0,36,0,0.069379238,1916.0,3,0,0,0,0.0,0.09881358
0,0.0,24,1,0.114494519,820.0,3,0,0,1,0.0,0.57189655
0,0.174926106,60,0,0.473364262,6250.0,16,0,2,0,0.0,0.20010865
0,0.806306681,32,0,0.131635325,4200.0,4,0,0,0,0.0,0.4545313
0,0.771231775,62,1,0.647740904,2500.0,6,0,0,0,1.0,0.6714686
0,0.917344354,30,1,0.235546039,1400.0,6,0,0,0,0.0,0.73079556
0,0.9999999,60,0,0.0,4200.0,0,0,0,0,0.0,0.5127565
0,0.134714611,50,0,0.617953321,8354.0,8,0,4,0,2.0,0.3083522
0,0.202052437,70,0,0.956668923,2953.0,12,0,1,0,1.0,0.22975111
0,0.08639977,40,0,0.013741049,5166.0,2,0,0,0,0.0,0.092829615
0,0.187742616,50,2,0.583714768,4150.0,11,0,1,0,1.0,0.6622737
0,0.006437004,63,0,0.298396772,9168.0,15,0,1,0,0.0,0.064854234
0,0.326391283,39,0,749.0,1.0,6,0,1,0,2.0,0.08840126
0,0.050780023,41,0,0.359870898,1858.0,6,0,0,0,1.0,0.18294941
0,0.0,34,0,0.187077385,1330.0,6,0,0,0,2.0,0.15220755
0,0.018679626,79,0,0.005510726,5080.0,5,0,0,0,0.0,0.018341633
0,0.0,58,0,0.822290361,7500.0,7,0,4,0,0.0,0.28630987
0,0.146754916,75,0,0.21881103,12800.0,7,0,1,0,0.0,0.062563606
0,0.046865104,92,0,0.007998546,5500.0,5,0,0,0,1.0,0.008130425
0,0.915883244,58,1,0.961737565,4442.0,9,0,2,0,0.0,0.7466911
0,0.013345641,75,0,0.002228274,4038.0,2,0,0,0,0.0,0.017059265
0,0.0,34,0,0.350481955,8921.0,5,0,2,0,0.0,0.19224505
0,0.142697488,45,0,0.559491501,7000.0,8,0,1,0,2.0,0.19271016
0,0.017310541,57,0,0.312468753,10000.0,24,0,1,0,0.0,0.109135166
0,0.068447583,57,0,0.25646886,12250.0,13,0,1,1,2.0,0.4442008
0,0.015943095,67,0,0.002358268,10600.0,2,0,0,0,0.0,0.016175577
0,0.740524781,52,0,0.015273535,3600.0,2,0,0,0,0.0,0.5401218
0,0.089071304,58,0,0.262595185,13000.0,12,0,2,0,1.0,0.0809929
0,0.9999999,37,0,0.219102472,4166.0,5,0,0,0,2.0,0.5459405
0,0.872444272,53,0,0.168250833,8100.0,10,0,0,0,4.0,0.554313
0,0.200989422,48,2,0.324082055,5800.0,9,0,2,0,2.0,0.5415295
0,0.133573751,53,0,0.20829167,13000.0,19,0,1,0,3.0,0.16343385
0,0.04119794,54,0,3.43335224,1762.0,7,0,2,0,0.0,0.14889425
1,0.715519643,43,0,1.180532771,12800.0,21,0,7,0,2.0,0.91554624
0,0.028126287,71,0,0.00733089,3000.0,3,0,0,0,0.0,0.026300244
0,0.173096153,32,0,0.094014681,7083.0,9,0,0,0,0.0,0.1534006
0,0.089156836,54,1,0.314325887,6400.0,10,0,1,0,1.0,0.32628128
1,1.079607415,46,4,0.127104655,3028.0,9,1,0,0,4.0,0.9794937
0,0.0,43,0,0.418654478,7000.0,5,0,2,0,1.0,0.12974167
0,0.001041612,45,0,0.516593363,2500.0,9,0,1,0,3.0,0.122732796
0,0.017462426,42,0,0.159730034,8000.0,11,0,1,0,0.0,0.07629732
0,0.226964484,59,0,0.454226587,2850.0,7,0,2,0,0.0,0.19542806
0,0.0,51,0,0.402155417,5288.0,6,0,2,0,2.0,0.13718939
0,0.289810161,56,0,0.297808977,4700.0,5,0,1,0,0.0,0.11279719
0,0.033957129,57,0,0.179117029,7134.0,13,0,1,0,1.0,0.06620977
0,0.9999999,33,2,0.429633494,7666.0,5,0,2,0,1.0,0.8222996
0,0.148289838,34,0,0.574585635,3800.0,5,0,2,0,3.0,0.25925624
0,0.275060963,57,0,0.22705153,15000.0,15,0,2,0,1.0,0.14662915
0,0.038074529,62,0,0.255685178,18600.0,14,0,2,0,0.0,0.04358916
0,0.787928748,56,1,1.629213483,800.0,12,0,0,0,1.0,0.7597017
0,0.27522463,44,0,0.110907577,12009.0,8,0,0,0,0.0,0.08169976
0,0.325892713,57,1,0.094986431,7000.0,4,0,0,0,1.0,0.49210957
0,0.5142916,57,1,0.588742624,6608.0,11,0,2,0,0.0,0.55055106
0,0.133476692,66,0,0.349222798,3859.0,10,0,1,0,0.0,0.124780715
0,0.897047336,26,0,0.367316342,2000.0,14,0,0,0,0.0,0.78010875
0,0.248772608,57,0,0.274230103,7500.0,7,0,1,0,0.0,0.13202943
0,0.302065803,51,0,1.443541836,1230.0,10,0,1,0,0.0,0.3790817
0,0.377506882,79,0,0.086365454,2500.0,10,0,0,0,0.0,0.36765286
0,0.003184673,34,0,0.000874891,8000.0,9,0,0,0,0.0,0.048807666
0,0.792340898,40,0,0.504346761,8166.0,13,0,0,0,0.0,0.5200721
0,0.139628144,79,0,0.210646496,7006.0,7,0,1,0,0.0,0.085429095
0,0.42067006,33,0,1.321824104,1534.0,8,0,0,0,0.0,0.41145673
0,0.26566416,51,0,0.548576535,7832.0,12,0,2,0,0.0,0.21432213
0,0.024323346,55,0,0.314662684,4016.0,7,0,2,0,0.0,0.11321039
1,0.592001702,34,2,0.510686164,5333.0,6,1,1,0,0.0,0.9059549
0,0.657665626,39,1,0.74885906,7449.0,13,0,4,0,2.0,0.7034255
0,0.0,76,0,0.139161113,2550.0,7,0,0,0,0.0,0.14171216
0,0.294533524,42,1,0.354107649,6000.0,12,0,0,0,4.0,0.47882193
0,0.016828376,54,0,0.332211471,7130.0,8,0,2,0,1.0,0.09079609
0,1.042660725,47,1,0.937772027,8500.0,12,0,2,1,2.0,0.9524142
0,0.273350471,46,1,0.005655423,4950.0,1,0,0,1,4.0,0.84832317
1,0.011478065,42,0,0.327949546,6500.0,6,0,1,0,0.0,0.121468686
0,0.226386807,23,0,13.0,0.0,2,0,0,0,0.0,0.06793332
0,0.9999999,42,0,0.41076653,3417.0,2,0,1,0,0.0,0.42488086
0,0.095780458,46,0,0.38203012,11752.0,11,0,1,0,1.0,0.121922255
0,0.492795624,36,0,0.304969302,10423.0,10,0,2,0,1.0,0.34451234
0,0.262456534,37,0,0.257076425,9891.0,11,0,2,0,0.0,0.16683437
0,0.002876261,67,0,0.00789921,10000.0,9,0,0,0,1.0,0.07370171
0,0.002109616,63,0,0.404159382,10866.0,14,0,2,0,0.0,0.14612666
0,0.207723266,28,0,0.248460123,12500.0,9,0,1,0,2.0,0.29372594
0,0.158678326,65,0,0.463798531,2858.0,17,0,1,0,0.0,0.2537193
0,0.0,73,0,0.277077857,11032.0,8,0,2,0,0.0,0.15261857
0,0.089319699,62,0,0.288608436,3010.0,5,0,2,0,0.0,0.11630553
0,0.000879103,65,0,0.089316754,7478.0,4,0,1,0,0.0,0.09131051
1,0.373717172,45,0,0.792004997,1600.0,21,0,0,0,0.0,0.53309494
0,0.112870297,54,0,0.446243695,11300.0,5,0,2,0,3.0,0.040831182
0,1.029985007,26,0,0.117502054,2433.0,2,0,0,0,0.0,0.6795798
0,0.116136834,50,0,0.239629757,2916.0,6,0,0,0,1.0,0.250676
0,0.238424585,39,0,0.344162799,2800.0,9,0,0,0,1.0,0.42535865
0,0.685583993,41,0,0.450440529,10895.0,13,0,5,0,1.0,0.46245122
0,0.012026621,81,0,0.276719782,5145.0,6,0,2,0,0.0,0.027332947
0,0.218273242,48,0,0.16558336,6153.0,6,0,0,0,2.0,0.20682788
0,0.982201187,44,0,0.387122575,5000.0,4,0,1,0,2.0,0.45361364
0,1.009557418,58,0,0.158400615,2600.0,2,0,0,0,0.0,0.61314446
0,0.096515894,61,0,0.010031509,15550.0,9,0,0,0,0.0,0.08439904
0,0.112708919,33,0,0.572114231,4166.0,10,0,2,0,0.0,0.27321267
0,0.702635896,43,0,0.300389433,9500.0,14,0,1,0,3.0,0.45999208
0,0.3958966,34,0,0.407535563,2600.0,6,0,0,0,1.0,0.30767182
0,0.126994228,64,0,0.187633262,4689.0,4,0,1,0,1.0,0.0646575
0,0.482469072,35,0,0.189088832,3500.0,8,0,0,0,0.0,0.26864645
0,0.704118353,31,0,0.310903598,3640.0,9,0,1,1,2.0,0.7291947
0,0.0,77,0,0.19700333,1801.0,7,0,0,0,0.0,0.103152946
0,0.476540349,50,0,0.556895031,3400.0,7,0,1,0,1.0,0.3245976
0,0.037773972,34,0,0.056448732,8396.0,14,0,0,0,0.0,0.11125438
1,0.542813536,39,0,0.534687311,9945.0,6,0,1,0,3.0,0.39135128
0,0.01355749,57,0,0.352801894,3800.0,20,0,1,0,2.0,0.16803701
1,0.981277592,27,0,0.367088608,1500.0,6,0,0,0,0.0,0.6511469
0,0.222948304,44,1,0.274825734,8750.0,6,0,1,0,3.0,0.3118082
0,0.069873526,48,0,0.402759724,10000.0,9,0,2,0,0.0,0.2341152
0,0.547450121,51,0,0.075934251,14235.0,5,0,2,0,7.0,0.08708818
0,0.112040502,50,0,0.353184991,4583.0,8,0,2,0,1.0,0.12055763
0,0.088946475,48,0,0.775074975,3000.0,32,0,1,0,1.0,0.1356553
0,0.759816012,66,1,0.320403023,5954.0,9,0,2,0,1.0,0.5703632
0,0.17828381,67,0,0.159160383,4906.0,4,1,1,0,0.0,0.496725
0,0.105456034,38,0,0.334915665,9900.0,7,0,2,0,3.0,0.13342111
0,0.146540293,39,0,0.358528294,5000.0,11,0,2,0,3.0,0.2665002
0,0.098297073,31,0,0.225777422,10000.0,12,0,1,0,3.0,0.16834116
1,0.75669905,47,2,0.730104502,4975.0,9,0,2,0,0.0,0.85912937
0,0.030182984,86,0,0.004439512,900.0,2,0,0,0,0.0,0.016753789
0,0.132721527,40,0,0.510034904,6875.0,12,0,1,0,0.0,0.2140842
0,0.207032733,34,0,0.26010513,5516.0,11,0,1,0,0.0,0.17492434
0,0.0,64,0,0.030967921,7200.0,2,0,0,0,0.0,0.076899834
0,0.253966263,48,1,0.770661157,5323.0,23,0,2,0,3.0,0.5910381
0,0.169751783,56,0,0.302715699,18300.0,6,0,1,0,0.0,0.090840936
0,0.985271882,57,0,0.240403174,9325.0,21,0,0,0,0.0,0.62850034
0,0.000863044,41,0,0.253004312,10900.0,11,0,2,0,3.0,0.10711961
0,0.418062726,67,0,0.413832057,7966.0,32,0,3,0,0.0,0.260151
0,0.715311532,45,0,0.163448965,13000.0,17,0,0,0,2.0,0.4979088
0,0.032584667,46,0,0.516521923,9441.0,8,0,2,0,1.0,0.14860775
0,0.03709629,61,0,0.007541995,2916.0,1,0,0,0,0.0,0.1022949
0,0.0009995,45,0,0.3717699,7700.0,6,0,2,0,2.0,0.09467544
0,0.024465318,52,0,0.232873915,9794.0,28,0,2,0,2.0,0.1953514
1,0.9999999,35,1,0.127567255,3456.0,1,0,0,0,5.0,0.86810106
0,0.799852177,43,0,0.379091198,6293.0,8,0,2,0,1.0,0.40933338
0,0.093864164,63,0,0.318925552,7333.0,11,0,1,0,0.0,0.10030745
0,0.412755691,53,0,0.585379361,10833.0,18,0,2,0,1.0,0.48431763
0,0.878024395,51,0,0.237758831,4104.0,5,0,0,0,0.0,0.5524275
0,0.365563444,48,0,0.207632061,6000.0,5,0,0,0,1.0,0.252392
1,0.907706171,45,1,0.360045912,19166.0,15,0,2,0,2.0,0.7342469
0,0.0,53,0,0.184028884,9416.0,16,0,0,0,0.0,0.15165071
0,0.484183735,28,0,0.095123901,1250.0,2,1,0,1,0.0,0.8763077
0,0.0,63,0,0.25387179,5100.0,6,0,1,0,0.0,0.08557836
0,0.035327445,34,0,0.402698048,3483.0,6,0,2,0,1.0,0.2251764
0,0.068036992,32,0,0.101889811,10000.0,11,0,0,0,0.0,0.18109259
0,0.024916102,60,0,0.287618861,10200.0,14,0,1,0,2.0,0.09954858
0,0.009146254,88,0,0.009471192,3800.0,14,0,0,0,0.0,0.113479964
0,0.058506206,47,0,0.203708022,8575.0,6,0,1,0,1.0,0.083886795
0,0.587096552,36,1,0.303791393,6250.0,10,0,1,0,1.0,0.51878446
0,0.226346707,30,0,0.238616071,4479.0,6,0,1,0,0.0,0.11393685
0,0.037569205,54,0,0.41276163,11800.0,13,0,4,0,3.0,0.11560419
0,0.120760833,38,0,0.229732667,4600.0,5,0,1,0,4.0,0.15731359
0,0.226275921,62,0,0.373775082,15000.0,15,0,3,0,0.0,0.25324804
0,0.017539956,57,0,0.151652242,5083.0,14,0,2,0,0.0,0.117204614
0,0.108005245,80,0,0.189555399,7084.0,14,0,1,0,0.0,0.11094413
0,0.034349141,53,0,0.198555957,3600.0,6,0,1,0,0.0,0.12503952
0,0.852978607,48,0,0.280252186,9833.0,5,0,0,0,1.0,0.48253998
0,0.824529245,36,0,25.89108911,100.0,4,0,2,0,3.0,0.36657643
1,0.9999999,36,0,0.285578296,2100.0,2,0,0,0,0.0,0.52563107
0,0.105563148,85,1,0.291121162,4200.0,12,0,1,0,0.0,0.28190234
0,0.0,66,0,0.268117101,6250.0,7,0,0,0,0.0,0.1284789
0,0.418385585,44,1,0.462307538,5000.0,7,0,1,0,2.0,0.5146674
0,0.154315063,33,0,0.520127541,2508.0,12,0,1,0,0.0,0.30268657
1,0.044738099,33,0,0.483303339,5000.0,12,0,2,0,1.0,0.43762565
0,0.019745704,61,0,0.61971587,5771.0,12,0,2,0,1.0,0.0951655
0,0.0,49,0,0.171565687,5000.0,8,0,0,0,0.0,0.12440581
0,0.092779087,54,0,0.222252522,11000.0,5,0,2,0,0.0,0.039765123
0,0.007346164,47,0,0.228558038,6400.0,6,0,1,0,1.0,0.0569323
0,0.830730113,44,0,0.537337884,7324.0,8,0,1,0,2.0,0.48480865
0,0.072928911,53,0,0.229641151,9000.0,8,0,1,0,2.0,0.07929645
0,0.015171411,78,0,0.007328448,3001.0,6,0,0,0,1.0,0.06412293
0,0.120099485,38,0,0.232264334,4115.0,4,0,1,0,2.0,0.14879572
0,0.717173937,36,0,0.228294178,3915.0,7,0,0,0,0.0,0.4392118
0,0.038299043,43,0,0.211382114,9716.0,5,0,2,0,2.0,0.051870625
0,0.50896598,46,0,0.398671096,3611.0,6,0,1,0,2.0,0.33592686
1,0.884743504,46,2,0.551809998,5220.0,5,1,1,1,2.0,0.95815295
1,0.9999999,31,0,0.375423588,18000.0,5,0,4,0,2.0,0.6556629
0,0.007691382,61,0,0.253062245,12000.0,11,0,0,0,0.0,0.051518682
0,0.158117342,56,0,1.235050196,4581.0,22,0,2,0,2.0,0.4009761
0,0.272971649,47,0,0.329190056,9975.0,10,0,2,0,2.0,0.17296433
0,0.072527117,85,0,0.085382923,5000.0,11,0,1,0,0.0,0.063578375
0,0.132403976,28,0,0.932135729,500.0,4,0,0,0,1.0,0.26430547
0,0.591961661,56,0,0.499685197,27000.0,12,0,4,0,0.0,0.36394444
0,0.015172892,55,1,0.255928091,18133.0,11,0,1,0,1.0,0.21813531
0,0.036765808,60,0,0.141090825,8653.0,5,0,1,0,1.0,0.06105657
0,0.054343891,44,0,0.430087154,7916.0,14,0,3,0,1.0,0.29313946
0,0.169574009,38,0,0.680976183,3400.0,14,0,1,0,0.0,0.27942437
0,0.004769952,39,0,0.123759136,18333.0,9,0,1,0,3.0,0.06613263
0,0.081180236,51,0,0.279588816,25000.0,12,0,3,0,3.0,0.15533294
0,0.147289896,74,1,0.351108149,6000.0,19,0,0,0,0.0,0.42889193
1,0.445925679,31,0,0.009140982,8532.0,6,0,0,1,2.0,0.694078
0,0.241546731,26,0,0.040602489,3053.0,4,0,0,0,0.0,0.2748227
0,0.090637306,57,0,0.149296016,11647.0,4,0,1,0,0.0,0.03830124
0,0.583756345,77,5,4.394422311,501.0,5,0,1,0,0.0,0.43034235
1,0.567829174,82,0,0.47631397,5783.0,12,0,1,0,0.0,0.47283855
0,0.249461748,26,0,0.882352941,764.0,4,0,0,0,0.0,0.1074949
0,0.056145093,56,0,0.824707298,9138.0,11,0,3,0,3.0,0.31820464
0,0.0,54,0,0.362156818,13148.0,15,0,2,0,0.0,0.16502874
1,0.417715345,61,1,0.497316072,9500.0,4,1,1,1,0.0,0.84862775
0,0.462075021,53,1,0.382558338,5870.0,16,0,2,0,1.0,0.5239169
1,0.484357022,48,0,0.338266001,11014.0,7,0,1,0,1.0,0.22795276
0,0.223885685,63,0,2183.0,0.0,6,0,2,0,0.0,0.12102491
0,0.0,44,0,0.634773295,2800.0,6,0,2,0,1.0,0.13666576
0,0.093809551,56,0,0.436056394,10000.0,15,0,3,0,0.0,0.21296386
0,0.986270706,40,0,2113.0,0.0,5,0,1,0,5.0,0.2505294
0,0.922718188,23,0,0.081836327,500.0,2,0,0,0,0.0,0.37876582
0,0.529882092,45,0,0.76807564,3595.0,12,0,1,0,3.0,0.5192201
0,0.097197376,46,0,0.142171566,5000.0,4,0,0,0,1.0,0.10968254
0,0.865994331,51,0,0.657447517,3000.0,3,0,1,0,2.0,0.51009613
0,0.848136708,42,0,0.50090054,9993.0,8,0,2,0,1.0,0.46307862
0,0.009499703,77,0,0.164652162,7445.0,6,0,1,0,0.0,0.041508645
0,0.051489242,54,0,0.248955916,21549.0,11,0,2,0,2.0,0.07435285
0,0.017754665,62,0,0.040758023,10500.0,19,0,0,0,0.0,0.08069957
0,0.009516443,58,0,0.021640489,2864.0,13,0,0,0,0.0,0.23293479
0,0.001822328,72,0,0.290397582,4300.0,17,0,1,0,0.0,0.058453593
0,0.631710644,50,1,0.625169409,5164.0,10,0,1,0,2.0,0.6690121
0,0.098704221,44,0,0.290671073,7867.0,4,0,1,0,0.0,0.09748102
0,0.9999999,54,0,0.247660187,4166.0,7,0,1,0,1.0,0.42228785
0,0.31912435,77,0,0.201013096,8093.0,8,0,2,0,0.0,0.115495004
0,0.0292733,61,0,0.019184652,1250.0,3,0,0,0,0.0,0.07474915
0,0.221421489,62,0,0.485099019,5200.0,10,0,1,0,0.0,0.15603273
0,0.996333578,34,0,0.54176663,4584.0,8,0,1,0,0.0,0.60832363
0,0.008886914,44,0,0.340491995,2560.0,6,0,0,0,2.0,0.09691948
0,0.048966504,67,0,0.020371785,3926.0,4,0,0,0,0.0,0.03732336
1,0.971751412,63,1,0.600393701,2539.0,8,0,0,0,0.0,0.7395608
0,0.176194967,76,0,0.459166466,4150.0,11,0,1,0,0.0,0.08893508
0,0.064804717,38,0,0.645419323,8000.0,11,0,3,0,2.0,0.43739483
1,0.863126782,50,2,0.318368163,10000.0,12,0,1,0,1.0,0.74174386
0,0.033161045,37,0,0.086182763,5000.0,5,0,0,0,1.0,0.07633405
0,0.057476396,67,1,0.003701745,20800.0,5,1,0,0,0.0,0.46214825
0,0.003824191,65,0,0.08271474,6600.0,9,0,1,0,0.0,0.06987149
0,0.066582118,44,0,0.187904968,8333.0,7,0,1,0,2.0,0.08369262
0,0.404397069,22,0,0.021924482,820.0,2,0,0,0,0.0,0.15371774
0,0.342928314,48,0,0.492975105,4056.0,14,0,1,0,1.0,0.33302116
0,0.012791406,37,0,0.097584386,6250.0,9,0,0,0,0.0,0.0890893
0,0.094207462,62,0,0.093453273,2000.0,5,0,0,0,0.0,0.121446714
0,0.072251918,55,0,0.165279932,7090.0,6,0,1,0,0.0,0.08110805
0,0.108037165,44,0,0.467154311,7108.0,7,0,2,0,0.0,0.13934101
0,0.057882811,63,0,0.367948017,16466.0,19,0,5,0,1.0,0.24367474
0,0.909636146,35,1,0.205276175,2425.0,5,0,0,0,2.0,0.7521325
0,0.038249363,56,0,0.311351351,3699.0,10,0,1,0,2.0,0.09587724
0,0.836744217,37,0,0.220617641,4500.0,3,0,0,0,1.0,0.48146582
0,0.921078921,25,0,0.010461062,2580.0,1,0,0,0,0.0,0.65555984
0,0.056111867,73,0,0.108111288,17000.0,15,0,3,0,1.0,0.10054104
0,0.001578809,47,0,0.389471639,5147.0,5,0,2,0,0.0,0.072711855
0,0.22054024,55,0,0.941802697,1408.0,7,0,1,0,2.0,0.196047
0,0.120429319,58,0,0.536238585,8650.0,10,0,2,0,1.0,0.14198145
0,0.886104468,75,1,0.489588154,4321.0,15,0,2,0,1.0,0.693035
0,0.393978534,80,0,0.986946257,7200.0,17,0,2,0,1.0,0.40953434
0,0.018743314,41,0,0.003211132,3736.0,2,0,0,0,0.0,0.054536533
0,0.060572952,50,0,0.033859303,6083.0,13,0,0,0,0.0,0.088527225
0,0.447009635,66,0,0.102518233,7266.0,3,0,0,0,0.0,0.2318797
0,0.21739855,56,0,0.410453497,1300.0,5,0,1,0,0.0,0.14579073
0,0.429526901,33,0,0.50497469,5728.0,6,0,2,0,1.0,0.30043378
0,0.13782495,32,0,0.671684181,3520.0,8,0,1,0,0.0,0.1756265
0,0.118171664,53,1,0.525975299,5100.0,12,0,1,0,2.0,0.5223173
0,0.00292064,66,0,0.002097535,5720.0,13,0,0,0,0.0,0.04734624
0,0.011298882,69,0,0.158122928,7841.0,21,0,1,0,0.0,0.13623066
0,0.056470748,61,0,0.260903007,13000.0,19,0,1,0,4.0,0.054035597
0,0.253422866,56,0,0.51184251,3250.0,10,0,1,0,1.0,0.26692778
0,0.133982483,55,0,1615.0,1.0,13,0,1,0,0.0,0.06925578
1,0.9999999,28,0,0.0,1.0,0,0,0,0,1.0,0.7910722
1,0.123622157,52,0,0.242864054,6200.0,4,0,1,0,1.0,0.16773671
0,0.015689699,37,1,0.730098146,3667.0,12,0,1,0,2.0,0.41549367
0,0.062322946,61,0,0.447127394,1200.0,5,0,1,0,0.0,0.100179456
0,0.080153308,38,0,0.358306507,10250.0,7,0,2,1,1.0,0.62005025
0,0.256373039,39,0,0.193465876,8600.0,13,0,0,0,0.0,0.19592693
0,0.703307285,43,0,0.323119777,14000.0,18,0,3,0,1.0,0.57154334
0,0.061990463,26,0,0.17988008,1500.0,6,0,0,0,0.0,0.2332617
0,0.010143838,72,0,0.004917872,10166.0,8,0,0,0,0.0,0.024318766
0,0.357743659,44,0,0.360831524,15200.0,19,0,2,0,2.0,0.33165348
0,0.264436417,63,0,0.541899441,3400.0,11,0,1,0,2.0,0.18729879
0,0.9999999,33,0,0.0,7000.0,0,0,0,0,0.0,0.64589876
0,1.132890365,48,0,0.24772927,6825.0,3,2,0,0,0.0,0.8868548
1,0.269296783,40,1,0.428433269,11373.0,17,0,3,0,2.0,0.52992713
0,0.054143358,60,0,0.20217901,7250.0,13,0,1,0,1.0,0.06593351
0,0.02090034,73,0,0.090619308,13175.0,10,0,3,0,0.0,0.090362385
0,0.135072801,48,0,0.348314607,9166.0,6,0,1,1,2.0,0.4860274
0,0.0,46,0,0.168207948,4000.0,6,0,0,0,0.0,0.10642705
0,0.9574336,43,1,1.287142571,5000.0,8,0,2,0,2.0,0.8341727
0,0.143912268,38,2,0.417867809,7700.0,16,0,3,0,0.0,0.71854675
1,0.9999999,44,0,0.003792188,2636.0,0,2,0,0,1.0,0.9229808
0,0.282370636,81,0,0.351486451,3800.0,12,0,0,0,0.0,0.10501426
0,0.004379837,72,0,0.247738601,5416.0,9,0,1,0,0.0,0.05245927
0,0.0,57,0,0.372662734,10000.0,11,0,2,0,2.0,0.18579777
0,0.010344471,54,0,0.001127714,7093.0,2,0,0,0,1.0,0.062367246
0,0.612269387,67,0,0.254668431,6800.0,5,0,1,0,0.0,0.13029194
0,0.0,62,0,0.0,2300.0,1,0,0,0,0.0,0.13978899
0,0.399008603,53,2,0.27266565,5900.0,7,1,1,1,0.0,0.91551054
0,0.121435143,31,0,0.080456407,3417.0,3,0,1,0,0.0,0.08636741
0,0.273659133,62,0,0.825301205,1825.0,5,0,1,1,0.0,0.45562428
0,0.593924099,53,0,0.611564739,6000.0,6,0,2,0,0.0,0.3928724
0,0.221164914,51,1,0.04860393,2900.0,6,0,0,0,0.0,0.5784057
0,0.014992674,80,0,0.017267495,3300.0,13,0,0,0,0.0,0.07926759
0,0.969206159,34,1,0.508383423,3160.0,3,0,1,0,1.0,0.72010756
0,0.825458313,65,0,0.952698201,1500.0,5,0,1,0,0.0,0.29939353
0,0.280168565,70,0,0.254248584,3000.0,2,0,1,0,1.0,0.07936432
0,0.016030276,44,0,0.09319318,7800.0,10,0,0,0,1.0,0.11095194
0,0.035085855,48,0,0.118888111,10000.0,9,0,1,0,2.0,0.13668157
1,0.023460787,53,0,0.471168831,9624.0,7,1,3,0,0.0,0.7490693
0,1.003212904,45,0,0.49759514,11850.0,8,0,2,0,3.0,0.40599278
0,0.022130383,24,0,0.640682095,820.0,6,0,0,0,0.0,0.09581071
0,0.999917403,39,0,1.300131637,2278.0,6,0,1,0,3.0,0.57314277
0,0.064092806,43,0,0.533558305,8000.0,11,0,3,0,3.0,0.3036435
0,0.016321977,56,0,0.009579342,2400.0,8,0,0,0,0.0,0.1738559
0,0.303068396,54,0,0.452109578,5000.0,4,0,2,0,0.0,0.22305462
0,0.139972196,59,0,0.67666322,2900.0,12,0,1,0,1.0,0.2130409
0,0.237288136,49,0,0.305275186,5250.0,5,0,2,0,1.0,0.15827186
0,0.254191017,60,1,0.600395928,3535.0,15,1,2,1,0.0,0.86015433
0,0.515902884,58,0,0.155655483,8672.0,6,0,0,0,0.0,0.2893163
0,0.66759249,40,0,0.449610245,3591.0,5,0,1,0,0.0,0.36387214
0,0.138695473,69,0,0.197156694,6400.0,6,0,1,0,0.0,0.062226042
0,0.700249792,27,0,0.242380261,2066.0,4,0,0,0,2.0,0.5438926
0,0.261994786,81,0,0.38447555,5500.0,14,0,1,0,1.0,0.14971638
0,0.7066082,67,0,0.480906149,9269.0,10,0,2,0,1.0,0.316198
0,0.231653797,48,0,0.404193077,2050.0,7,0,1,0,0.0,0.2714517
0,0.300372746,38,0,0.758825045,3880.0,12,0,2,0,0.0,0.45107585
0,0.044807875,82,0,0.028138837,7000.0,8,0,0,0,0.0,0.10076752
1,0.0,30,0,0.198476916,2100.0,3,0,0,0,0.0,0.21578453
0,0.532195707,44,0,0.518402342,4781.0,5,0,1,0,2.0,0.39598253
0,0.050274693,56,0,0.329926683,4500.0,8,0,1,0,0.0,0.11811498
0,0.22577957,59,0,0.303523788,17991.0,10,0,2,0,1.0,0.089565314
0,0.006329263,55,0,0.124310055,4166.0,3,0,0,0,1.0,0.081608646
0,0.946645536,39,0,0.336509594,7660.0,7,0,1,0,3.0,0.42413807
0,0.260454984,71,0,0.121713729,5134.0,4,0,0,0,0.0,0.11552537
0,0.543964507,31,0,0.101550316,10900.0,10,0,0,0,1.0,0.31783473
0,0.0,70,0,0.0,23833.0,5,0,0,0,1.0,0.009729992
0,0.48202681,49,0,0.350340136,5291.0,6,0,1,0,2.0,0.28525156
0,0.822117788,37,1,0.699941623,3425.0,6,0,1,0,0.0,0.653443
0,0.087460836,59,0,0.427771482,15000.0,12,0,4,0,2.0,0.15848304
0,0.9999999,36,0,0.500313283,3191.0,8,0,2,0,0.0,0.48942733
0,0.0739507,24,0,0.003109729,2250.0,3,0,0,0,0.0,0.30270258
0,0.043919712,60,0,0.256908763,7200.0,6,0,1,0,1.0,0.059209563
0,0.458498449,53,0,0.374609702,13130.0,17,0,2,0,0.0,0.33372277
0,0.610778443,53,1,0.130115985,7500.0,2,0,1,0,0.0,0.56344104
0,0.185572462,46,0,0.211234321,5500.0,7,0,1,0,5.0,0.1566347
0,0.208733811,47,0,0.637991508,5416.0,6,0,2,0,1.0,0.24184738
0,0.304067837,52,0,0.306615564,6000.0,9,0,3,0,1.0,0.28754377
0,0.619735915,50,1,0.107420387,13125.0,7,0,0,0,2.0,0.52424055
0,0.0,66,0,0.459506849,9124.0,13,0,2,0,3.0,0.07095534
0,0.001071386,76,0,0.334234721,1848.0,6,0,1,0,0.0,0.06905562
0,0.244688828,44,0,0.597171422,4100.0,8,0,2,0,2.0,0.25189215
0,0.229305801,41,3,0.301740096,5401.0,11,0,2,0,0.0,0.62578696
0,0.16134876,62,0,0.068154257,8245.0,4,0,0,0,0.0,0.14865129
0,0.089113911,31,0,0.125597566,4601.0,10,0,0,0,0.0,0.18192913
0,0.877561219,37,1,0.024680476,2268.0,6,0,0,0,0.0,0.78142804
0,0.034413715,50,0,0.014513788,6200.0,3,0,0,0,0.0,0.10350953
0,0.259093264,56,0,0.543560058,3454.0,9,0,1,0,3.0,0.2031459
0,0.039352491,57,1,0.376646474,17992.0,16,0,1,0,1.0,0.2629804
0,0.052574622,63,0,0.387910993,6021.0,10,0,2,0,1.0,0.14021096
0,0.077123105,56,0,0.326278954,6000.0,11,0,2,0,2.0,0.14446387
0,0.702297702,31,2,0.076105588,2916.0,7,0,0,0,1.0,0.82173383
0,0.0,38,0,0.766073007,7916.0,8,0,3,0,2.0,0.37481356
1,0.504091946,41,1,0.640109058,3300.0,10,0,1,0,2.0,0.60566074
0,0.033300891,80,0,0.180671269,4200.0,10,0,1,0,0.0,0.04017639
0,0.042997134,46,0,0.182742386,24000.0,14,0,2,0,0.0,0.10618215
0,0.006611661,46,0,0.097236651,4812.0,7,0,1,0,0.0,0.058278523
0,0.043433317,66,0,0.122751442,8838.0,11,0,1,0,1.0,0.06052311
0,0.042382985,68,0,0.271654018,8300.0,8,0,3,0,1.0,0.0669861
0,0.0,26,0,0.096265124,1900.0,3,0,0,0,0.0,0.27968597
0,0.026265966,42,0,0.137221022,6944.0,5,0,1,0,0.0,0.059228968
0,0.30597086,48,1,0.060437729,9000.0,3,0,0,0,1.0,0.58478713
0,0.725263608,27,0,0.408692104,4900.0,9,0,0,0,0.0,0.6313868
0,0.831916916,63,0,0.322139789,15365.0,15,0,2,0,0.0,0.36066353
0,0.156561448,57,0,0.188460656,8717.0,7,0,1,0,0.0,0.116008066
0,0.186466184,47,0,0.183812329,9846.0,11,0,1,0,1.0,0.16122556
0,0.044797995,46,0,0.052824529,6000.0,5,0,0,0,3.0,0.13827622
1,0.066551922,53,2,0.586611606,4600.0,5,1,1,0,3.0,0.90726024
0,0.2826,32,0,0.182623546,9368.0,4,0,0,0,3.0,0.1811186
0,0.085169151,76,0,0.013197361,5000.0,3,0,0,0,0.0,0.06075909
0,0.002028468,68,0,0.168078176,10744.0,12,0,2,0,0.0,0.041288413
0,0.175909299,73,0,0.021541131,6916.0,3,0,0,0,0.0,0.076108135
0,1.141430948,44,0,0.008283348,3500.0,2,4,0,0,3.0,0.87101763
0,0.964288903,69,0,0.180605439,1948.0,10,0,0,0,0.0,0.47171172
0,0.0,71,0,0.003808315,3150.0,4,0,0,0,0.0,0.039134055
1,0.9999999,48,98,0.0,2000.0,0,98,0,98,2.0,0.9664936
0,0.509943661,49,0,0.404731728,7100.0,15,0,0,0,0.0,0.45768183
0,0.023850427,80,0,0.004570776,7000.0,6,0,0,0,0.0,0.08325945
0,0.499283357,72,0,0.356374307,3066.0,10,0,1,0,0.0,0.35551795
0,0.60087063,42,1,0.254936266,4000.0,6,0,0,0,2.0,0.6278244
0,0.002779839,61,0,0.241333333,6749.0,17,0,2,0,0.0,0.05392648
0,0.339707219,43,0,0.475262753,3900.0,8,0,1,0,2.0,0.24172108
0,0.547479572,31,0,0.165077889,4300.0,7,1,0,0,0.0,0.7600969
0,0.595095253,31,0,0.256379922,5916.0,7,0,2,0,0.0,0.2624047
0,0.0,72,1,0.316943015,5246.0,7,0,1,0,0.0,0.24230626
0,0.022126987,49,0,0.005248688,4000.0,3,0,0,0,0.0,0.085111
0,0.555061797,56,0,0.689636061,5412.0,9,0,2,0,0.0,0.43721873
0,0.251199653,54,0,0.771380186,1180.0,9,0,0,0,0.0,0.31129944
0,0.189654588,68,0,0.589618816,2465.0,8,0,1,0,0.0,0.12947123
1,0.687176198,42,0,0.874524112,6303.0,11,0,3,0,1.0,0.6142441
0,0.113165246,46,0,0.916929548,950.0,5,0,0,0,1.0,0.15718214
0,0.217782218,52,0,0.296132922,6800.0,6,0,1,0,1.0,0.102206945
0,0.0,42,0,0.0,8068.0,2,0,0,0,2.0,0.07725791
0,0.041193578,81,0,0.009128386,3395.0,4,0,0,0,0.0,0.017509483
0,0.974378585,26,3,0.079365079,1700.0,3,1,0,0,0.0,0.92500013
0,0.849798935,61,0,0.812801403,2280.0,7,0,2,0,3.0,0.3942619
0,0.504395866,63,0,0.495597484,3974.0,12,0,2,0,1.0,0.3426998
0,0.039623349,69,0,0.111852643,7491.0,12,0,1,0,0.0,0.04326091
1,0.980403919,50,1,0.394512084,5502.0,9,0,2,0,0.0,0.7204029
0,0.220951438,55,1,0.69151671,3500.0,26,0,1,0,0.0,0.28939438
0,0.08491726,47,0,0.285714286,17618.0,11,0,1,0,4.0,0.092423216
0,0.580443611,28,0,0.242774566,1210.0,2,0,0,0,0.0,0.42928243
0,0.127620694,58,0,0.25760779,15608.0,22,0,2,0,1.0,0.11944866
0,0.189487537,63,0,0.700480393,8950.0,15,0,2,0,0.0,0.22598357
0,0.139501826,49,0,0.471950321,9500.0,11,0,3,0,2.0,0.2774208
0,0.0,59,0,0.199452721,9866.0,6,0,1,0,4.0,0.08705124
0,0.356146736,58,0,0.433346666,17500.0,21,0,3,0,2.0,0.2461197
0,0.039091749,30,0,0.133965109,4642.0,9,0,0,0,0.0,0.11955649
0,0.006188569,70,0,0.082180523,7300.0,12,0,1,0,0.0,0.04577197
0,0.824933687,58,0,0.427020851,3500.0,4,0,1,1,0.0,0.7637893
0,0.679239609,63,1,0.740417427,12600.0,15,0,9,0,1.0,0.74659777
0,0.484351565,49,0,0.533445584,6532.0,7,0,2,0,2.0,0.31055924
1,0.9999999,55,0,0.0,1000.0,0,1,0,0,0.0,0.884662
0,1.4604811,49,2,0.04253772,5500.0,6,6,0,0,0.0,0.96472853
0,0.031423332,62,0,0.065812464,5150.0,6,0,0,0,0.0,0.10328334
0,0.050134731,49,0,0.225346832,8000.0,13,0,1,0,0.0,0.08618754
0,0.819513877,29,0,0.747815231,800.0,5,0,0,0,0.0,0.45375594
0,0.053989295,48,0,0.402162824,4900.0,8,0,2,0,1.0,0.15629792
0,0.225868669,33,0,0.627074585,5000.0,11,0,2,0,1.0,0.48017702
0,1.056224717,59,0,0.187962876,10666.0,6,0,0,0,0.0,0.3286667
1,0.319214662,48,0,0.883996057,6085.0,17,0,3,0,1.0,0.5664014
0,0.060446017,57,0,0.275331667,5200.0,13,0,2,0,2.0,0.11151135
0,0.034670476,70,0,4.973684211,303.0,5,0,2,0,0.0,0.034393124
0,0.427323592,73,0,0.755793226,10097.0,21,0,4,0,0.0,0.46588957
0,0.970401184,39,0,0.603159498,5253.0,5,0,1,0,3.0,0.63305193
0,0.01879812,44,0,0.360234252,7000.0,4,0,1,0,0.0,0.082876004
0,0.9999999,60,0,0.208761123,2921.0,4,0,0,0,0.0,0.5239371
0,1.015057039,66,1,0.367709599,6583.0,8,0,2,0,1.0,0.74411887
0,0.0,21,0,0.0,240.0,1,0,0,0,0.0,0.052476227
0,0.020350163,54,0,0.355552671,15406.0,10,0,5,0,1.0,0.22173102
0,0.213951442,42,0,0.495712996,4431.0,4,0,3,0,0.0,0.22776197
0,0.061324163,55,0,0.250327342,8400.0,6,0,2,0,0.0,0.06519677
0,0.002352902,63,0,0.138272638,7166.0,13,0,1,0,0.0,0.061654083
0,0.019021769,74,0,0.223350254,6500.0,14,0,1,0,1.0,0.079473756
0,0.39920264,36,0,0.115739484,7369.0,9,0,0,0,0.0,0.22517075
0,0.0340812,29,0,0.012090212,4300.0,5,0,0,0,0.0,0.066840574
0,0.0,34,0,0.778234086,1460.0,5,0,1,0,0.0,0.10992311
0,0.046143962,65,0,0.165102851,11083.0,7,0,1,0,0.0,0.035312634
0,0.426929392,62,0,0.231108498,3400.0,6,0,1,0,1.0,0.22430834
0,0.286461719,70,0,0.151453435,5400.0,10,1,0,0,0.0,0.51426476
0,0.281478401,51,0,0.176193901,324000.0,27,0,16,0,0.0,0.3423595
0,0.9999999,60,0,0.000832639,1200.0,3,0,0,0,0.0,0.5082982
1,0.827723147,59,0,0.180601611,8443.0,18,0,1,0,1.0,0.5244694
0,0.016805144,55,0,0.030117407,7835.0,7,0,0,0,0.0,0.118414514
0,0.814123917,45,1,0.206860886,5800.0,6,0,1,0,3.0,0.6197843
0,0.0,33,0,0.106886354,7100.0,5,0,0,0,2.0,0.16385445
0,0.040629318,64,0,0.226701864,12500.0,10,0,2,0,1.0,0.051715855
0,0.252857805,40,1,0.451862603,6200.0,11,0,2,0,3.0,0.4816434
1,0.042802081,42,0,0.389851967,10267.0,17,0,2,0,2.0,0.34350726
0,0.005687275,71,0,0.208697826,4000.0,10,0,0,0,0.0,0.04065649
0,0.134197018,65,0,0.359501738,3451.0,12,0,1,0,0.0,0.14181311
0,0.9999999,30,0,0.20935496,2650.0,1,0,0,0,1.0,0.6885976
0,0.010220646,71,0,0.094676213,25000.0,6,0,1,0,1.0,0.010411149
0,0.0,62,0,0.066320739,18500.0,8,0,3,0,2.0,0.05260776
0,0.031022534,53,0,0.308943089,6149.0,8,0,1,0,0.0,0.08988604
0,0.241019184,38,0,0.241939515,4000.0,8,0,0,0,1.0,0.21279952
0,0.9999999,78,1,0.069866267,8000.0,6,0,1,0,0.0,0.5446365
0,0.969430755,58,0,0.257654655,4800.0,3,0,0,0,0.0,0.4550325
0,0.126433961,68,0,0.169433465,7589.0,3,0,1,0,0.0,0.07757217
1,0.319295254,52,0,0.56958275,12150.0,18,0,2,0,3.0,0.39989504
0,0.364530083,37,0,0.207227989,2600.0,4,0,0,0,0.0,0.23416305
0,0.017014861,41,0,0.494778938,4500.0,8,0,2,0,2.0,0.13999026
0,0.903219356,53,1,0.40445587,3500.0,6,0,0,1,0.0,0.8715774
0,0.35844005,74,1,0.472763618,8003.0,10,0,2,0,1.0,0.47360826
0,0.397265043,75,0,0.703217744,3200.0,12,0,1,0,1.0,0.32198432
0,0.375897212,62,0,0.29563096,9017.0,21,0,1,0,0.0,0.19436102
0,0.09326717,34,0,0.107089291,10000.0,8,0,0,0,2.0,0.14684677
0,0.9999999,21,98,0.0,0.0,0,98,0,98,0.0,0.6818807
0,0.148780929,87,0,0.077598315,2847.0,4,0,0,0,0.0,0.11916949
0,0.166184927,50,0,0.516880367,8500.0,14,0,2,0,4.0,0.24736461
1,0.9999999,36,1,0.124399154,5200.0,2,2,0,1,0.0,0.9291679
0,0.009172203,67,0,0.254463223,4200.0,8,0,1,0,0.0,0.036255844
0,0.9999999,41,0,0.153240741,2159.0,5,0,0,0,1.0,0.57617384
0,0.491765721,58,0,0.434855234,8979.0,10,0,2,0,0.0,0.2084449
0,0.017260847,65,0,0.231867928,10781.0,15,0,2,0,1.0,0.12770694
0,0.27089097,47,0,0.51845108,8237.0,9,0,2,0,0.0,0.2099884
0,0.070935562,31,0,0.205481813,5800.0,6,0,0,0,0.0,0.13121593
0,0.9999999,37,1,0.091743119,2833.0,1,0,0,0,1.0,0.80211776
0,0.234841984,68,0,0.202041998,19000.0,18,0,1,0,0.0,0.1723981
0,0.050647468,41,0,0.281059912,12000.0,8,0,2,0,2.0,0.08409429
0,0.160384182,47,0,0.273755344,7250.0,10,0,2,0,0.0,0.15834048
0,0.062787443,29,1,0.179897905,5680.0,4,0,0,0,0.0,0.21565348
0,0.256266662,46,0,0.310666517,8896.0,9,0,2,0,1.0,0.16130628
0,0.772256227,43,0,0.455707975,4300.0,4,0,1,0,4.0,0.5320973
0,0.225872793,60,0,0.11302682,9917.0,14,0,0,0,1.0,0.21919926
0,0.323573283,53,0,0.220889094,6500.0,5,0,2,0,1.0,0.16587877
0,0.0,43,0,3.5,1.0,5,0,0,0,0.0,0.09009503
0,0.322812052,62,0,4003.0,0.0,16,0,2,0,0.0,0.16589926
0,0.044997,53,0,0.180563887,5000.0,2,0,1,0,0.0,0.11681996
0,0.433850167,46,0,0.406395892,4283.0,3,0,1,0,0.0,0.29704002
0,0.053328795,57,0,0.094842296,18166.0,13,0,1,0,1.0,0.080383286
0,0.002339482,79,0,4.0,0.0,9,0,0,0,0.0,0.063607514
0,0.132893921,58,0,0.259943491,4600.0,6,0,1,0,0.0,0.09768127
0,0.14714279,44,0,0.283102414,7000.0,10,0,1,0,1.0,0.15158257
0,0.003049848,38,0,1021.0,1.0,6,0,1,0,4.0,0.029228501
0,0.255745169,52,0,1.042482299,2400.0,15,0,2,0,0.0,0.44127205
0,0.162820974,35,0,0.506499409,11000.0,15,0,4,0,0.0,0.56050354
0,0.150336146,59,0,0.244014647,10650.0,9,0,2,0,3.0,0.062934846
0,0.257404057,43,0,1702.0,0.0,4,0,1,0,2.0,0.102793425
0,0.845719252,50,0,0.323338331,2000.0,6,0,0,0,1.0,0.5823376
0,0.01568549,49,0,0.348540246,18324.0,15,0,3,0,1.0,0.19621728
0,0.115618396,59,0,0.506497834,3000.0,5,0,1,0,1.0,0.13713959
0,0.085951701,60,0,0.554081076,5500.0,9,0,1,1,0.0,0.57318735
0,0.712521779,50,2,0.649579189,5227.0,12,0,1,0,3.0,0.8271979
0,0.034999457,77,0,0.111906893,3350.0,13,0,0,0,0.0,0.099691875
0,0.549005451,48,0,0.731352096,5080.0,8,0,2,0,1.0,0.5325562
1,0.399370769,64,0,0.883748517,5900.0,22,0,2,0,1.0,0.40005463
0,0.106294656,58,0,0.156892905,5200.0,10,0,1,1,0.0,0.52849674
0,0.553545531,32,0,0.062390018,6250.0,4,0,0,0,2.0,0.45546803
0,0.697907814,51,0,0.950451722,7083.0,17,0,3,0,1.0,0.6997298
0,0.234706118,55,0,0.181795196,3954.0,6,0,2,0,0.0,0.16967005
0,0.048422651,45,0,0.25715844,11000.0,12,0,3,0,5.0,0.14122088
0,1.00039992,72,0,0.107066381,1400.0,1,1,0,0,0.0,0.6546905
0,0.29937646,39,0,0.179827175,6711.0,7,0,0,0,0.0,0.120665476
0,0.006624677,71,0,0.000695618,10062.0,5,0,0,0,0.0,0.02291992
0,0.446118463,49,1,0.16375345,25000.0,7,0,1,0,2.0,0.48203665
0,0.012553653,61,0,0.020518359,8333.0,4,0,0,1,0.0,0.4841502
0,0.136744236,68,0,0.45545441,6700.0,9,0,2,0,2.0,0.07871448
0,0.827052558,36,0,0.220602527,4115.0,8,0,0,0,2.0,0.5301434
0,0.074850014,28,2,1.821768707,734.0,4,0,1,1,0.0,0.6564861
0,0.024237159,48,0,0.076261408,9532.0,11,0,0,0,1.0,0.119204916
0,0.001450122,47,0,0.488151185,10000.0,7,0,2,0,0.0,0.07231275
0,0.606321236,29,0,0.119348618,4666.0,7,0,0,0,0.0,0.38278764
0,0.00855821,90,0,0.757105061,11716.0,11,0,1,0,1.0,0.08533381
0,0.470318521,79,2,0.219717853,6166.0,8,0,0,0,1.0,0.686066
0,0.9999999,44,0,0.0,3287.0,0,0,0,0,1.0,0.7042882
0,0.82601422,41,0,1.838464614,2500.0,10,0,1,0,0.0,0.6178924
0,0.070872785,56,0,0.165819515,12000.0,7,0,1,0,3.0,0.038349703
0,0.0,21,0,0.0,0.0,1,0,0,0,0.0,0.06467032
0,0.9999999,65,0,0.046829431,12000.0,4,0,0,0,1.0,0.20028211
0,0.035773706,44,0,0.951006124,8000.0,17,0,4,0,2.0,0.36794567
0,0.139295524,51,0,3.50249584,600.0,14,0,1,0,3.0,0.2415762
0,0.042283298,58,0,0.198903108,5469.0,6,0,1,0,0.0,0.052548043
0,0.143171366,82,0,0.006997667,3000.0,3,0,0,0,0.0,0.10338117
0,0.180017634,42,0,0.279528302,10599.0,11,0,2,0,3.0,0.14897105
0,0.023363064,51,0,0.167017718,8070.0,7,0,1,0,2.0,0.0708205
0,0.153567982,32,0,0.407729229,12083.0,10,0,2,0,4.0,0.28900698
1,0.107817187,40,4,0.383624042,9000.0,4,0,1,1,1.0,0.88287556
0,0.265521316,38,0,0.050071531,6290.0,2,0,0,0,0.0,0.1516623
0,0.394801079,44,1,0.034340895,17500.0,6,0,0,0,3.0,0.38592806
0,0.023494126,22,0,0.323345818,800.0,2,0,0,0,0.0,0.04470371
0,0.0,43,0,0.197057278,5708.0,3,0,1,0,2.0,0.12742583
0,0.0,52,0,0.422680412,3200.0,8,0,1,0,1.0,0.22058733
0,0.139432491,65,0,371.0,0.0,8,0,0,0,0.0,0.050269336
0,0.323436384,49,0,0.287779596,7331.0,7,0,1,0,0.0,0.20281985
0,0.074342588,75,2,0.346459711,10436.0,8,0,4,0,0.0,0.5106378
0,0.0,61,0,0.524995455,5500.0,5,0,2,0,0.0,0.090102255
0,0.553630913,22,0,0.025806452,929.0,2,0,0,0,0.0,0.38291857
0,0.195666135,70,0,0.299116814,6000.0,22,0,2,0,0.0,0.099019535
0,0.9999999,37,0,0.068587723,6662.0,3,0,1,0,1.0,0.3393903
1,0.538424912,53,2,0.349854227,5830.0,5,1,2,1,2.0,0.92540574
0,0.398786044,50,0,0.183609494,4465.0,6,0,0,0,2.0,0.27734894
0,0.559096846,49,0,1.016995751,4000.0,8,0,2,0,2.0,0.5014036
0,0.775510204,51,0,0.3917793,5400.0,7,0,3,0,1.0,0.41810843
0,0.010473795,70,0,0.484944078,3486.0,5,0,1,0,0.0,0.055998538
0,1.245670651,74,0,0.300283651,7755.0,11,0,0,0,0.0,0.31299326
0,0.046658807,44,1,1.395442852,2720.0,10,0,1,0,1.0,0.4610177
0,0.9999999,44,0,0.752301987,24000.0,11,0,5,0,0.0,0.7707362
0,0.052144389,63,0,0.180649462,10500.0,9,0,1,0,0.0,0.074485235
0,0.565843005,34,0,0.136543015,3800.0,9,0,0,0,0.0,0.40402725
0,0.126181463,35,0,0.574211741,3900.0,18,0,2,0,3.0,0.35484073
0,0.575475628,36,0,0.263065179,5108.0,6,0,0,0,0.0,0.41611165
0,0.9999999,66,1,0.358101135,1937.0,4,1,0,0,0.0,0.8546112
0,0.057049539,39,0,0.254713747,5833.0,8,0,1,0,2.0,0.08474315
0,0.044782425,27,0,76.0,0.0,2,0,0,0,0.0,0.13030328
0,0.9999999,39,0,0.031715976,4224.0,1,0,0,0,3.0,0.70282793
0,0.532011842,44,0,0.604643281,5900.0,14,0,1,0,2.0,0.5474695
0,0.615972526,42,0,0.273454952,5371.0,9,0,1,0,1.0,0.41200945
0,0.011223345,42,0,0.081639454,3000.0,4,0,0,0,0.0,0.09867412
0,0.999332889,25,2,0.145795247,2187.0,6,0,0,0,0.0,0.76579523
0,0.242263458,47,0,1526.0,1.0,14,0,1,0,1.0,0.14102872
0,0.814460509,61,0,2215.0,0.0,9,0,0,0,2.0,0.5580924
0,0.0,50,0,0.18130803,9800.0,14,0,1,0,0.0,0.18230493
0,0.00352768,59,0,0.291505157,15220.0,9,0,2,0,1.0,0.06395023
0,22000.0,38,0,1.080020131,3973.0,7,0,2,0,3.0,0.62744427
0,0.9999999,43,1,0.900915903,1200.0,2,1,1,0,0.0,0.8862097
0,0.00329153,53,0,0.209717688,5206.0,2,0,1,0,0.0,0.056330424
0,0.0,58,0,0.241459757,6000.0,4,0,1,0,0.0,0.17247066
0,0.948010398,28,0,0.417401529,1700.0,6,0,0,0,0.0,0.6206883
1,0.794212219,53,0,0.433985839,2400.0,5,2,1,0,0.0,0.89199525
0,0.064098398,63,0,0.104668528,15400.0,7,0,1,0,1.0,0.054210342
0,0.110386505,36,0,0.292035398,6666.0,6,0,1,0,0.0,0.07991719
0,0.026193418,78,0,0.196407879,5177.0,9,0,1,0,0.0,0.0829094
0,0.473438374,50,0,0.317188668,12036.0,6,0,2,0,0.0,0.18809573
0,0.106261364,53,0,0.460567429,8000.0,13,0,1,0,2.0,0.092423655
0,0.137561106,67,0,0.13989899,1979.0,4,0,0,0,0.0,0.12051919
0,0.054637814,83,0,0.01211754,3300.0,1,0,0,0,0.0,0.04319234
0,0.9999999,49,1,0.090073723,66600.0,8,0,1,0,3.0,0.65932363
0,0.153885264,35,0,0.531198582,7900.0,6,0,2,0,0.0,0.24720119
0,0.905103163,49,0,0.321893428,18822.0,5,0,2,0,2.0,0.43925753
0,0.003333248,72,0,0.945621751,2500.0,16,0,2,0,0.0,0.22570564
0,0.006671051,56,0,0.295139973,9608.0,16,0,2,0,1.0,0.15046865
0,0.518812324,49,0,0.40291177,5700.0,11,0,2,0,2.0,0.3866129
0,0.609055638,56,1,0.386899852,6060.0,4,0,2,0,1.0,0.5097743
0,0.120555025,64,0,0.275521541,8100.0,6,0,1,0,0.0,0.113685854
0,0.040177767,59,0,0.003332778,6000.0,2,0,0,0,0.0,0.05322486
0,0.664529838,82,1,0.653724379,6000.0,11,0,0,0,0.0,0.79618967
0,0.064835195,56,2,0.197624587,8166.0,10,0,1,0,0.0,0.43356657
0,0.637362002,48,0,0.203908937,18316.0,17,0,1,1,3.0,0.7096744
1,0.242342832,53,0,0.365066876,10167.0,13,0,2,0,4.0,0.2643708
0,0.160288327,63,0,0.151761518,10700.0,7,0,2,0,1.0,0.05779425
0,0.216677672,32,0,0.189318726,2920.0,6,0,0,0,1.0,0.28707045
0,0.443944541,65,1,0.662545192,13829.0,19,0,3,0,1.0,0.44412604
0,0.071677893,66,0,0.082049792,10322.0,10,0,0,0,0.0,0.06470775
0,0.596042618,51,0,0.509932904,7600.0,8,0,2,0,2.0,0.30905852
0,0.9999999,31,0,0.377983064,2597.0,3,0,0,0,0.0,0.52185804
0,0.012561715,32,0,0.136271061,5400.0,8,0,0,0,0.0,0.1001334
0,0.321368229,42,0,0.39186572,4646.0,5,0,1,0,2.0,0.2567398
0,0.011262565,42,0,0.49590082,5000.0,10,0,1,0,2.0,0.17626397
0,0.0,39,0,0.195527679,11000.0,6,0,2,0,2.0,0.045576233
0,0.143938104,58,0,0.58260206,2620.0,7,0,2,0,2.0,0.16808628
0,0.244637554,63,0,0.422681092,15157.0,11,0,2,0,0.0,0.14716998
0,0.007001374,73,0,0.007364545,1900.0,12,0,0,0,0.0,0.05263776
0,0.444146833,51,0,0.390490075,8916.0,12,0,2,0,0.0,0.27081755
0,0.971929064,37,0,0.587934674,9000.0,19,0,2,0,4.0,0.7520299
0,0.011055404,44,0,0.241050853,6508.0,13,0,2,0,3.0,0.0810219
0,0.008345852,46,0,0.12371907,4000.0,13,0,1,0,1.0,0.049244046
0,0.23715616,72,0,0.329949875,15959.0,25,0,2,0,1.0,0.1062163
0,0.05111846,40,0,0.287579114,7583.0,9,0,1,0,1.0,0.12397949
0,0.660821412,57,0,0.615835777,3750.0,8,0,1,0,1.0,0.34379658
0,0.215421273,88,0,0.303262956,4167.0,5,0,1,0,0.0,0.07005925
0,0.027102089,46,0,0.280879954,19000.0,9,0,2,0,1.0,0.111693785
0,0.270052198,45,0,0.249021143,16600.0,13,0,2,0,0.0,0.10021411
1,0.9999999,26,0,0.105526243,3600.0,2,1,0,0,0.0,0.80184644
0,0.031039321,81,0,0.011836914,2280.0,3,0,0,0,0.0,0.034842696
0,0.165977203,49,0,0.487172706,3780.0,9,0,1,0,2.0,0.18679486
0,0.177512447,67,0,0.497113083,7100.0,25,0,3,0,1.0,0.2309193
0,0.006705751,69,0,0.166483063,7261.0,5,0,2,0,0.0,0.044241615
0,0.232688366,41,0,2186.0,0.0,5,0,1,0,0.0,0.089063734
0,0.021404605,34,0,0.571584401,11000.0,11,0,3,0,0.0,0.50860757
0,0.221250481,73,3,0.389370933,3687.0,8,0,0,0,0.0,0.6945805
0,0.006224589,69,0,0.253087493,5748.0,8,0,1,0,0.0,0.027700305
0,0.9999999,32,0,0.078588613,3740.0,1,0,0,0,0.0,0.57710856
0,0.048073798,74,0,0.071315372,4416.0,2,0,0,0,0.0,0.041244525
0,0.08423334,56,0,0.243399469,6400.0,14,0,1,0,1.0,0.122762196
0,0.519931802,67,0,0.261601456,2197.0,5,0,0,0,0.0,0.31305405
0,0.245528275,81,0,0.15133438,3184.0,3,0,0,0,0.0,0.115319625
0,0.010199709,86,0,0.252279635,4605.0,11,0,1,0,0.0,0.048921328
0,0.611391151,79,0,0.420574337,2750.0,15,0,0,0,1.0,0.51475555
0,0.327198957,30,0,0.204819277,5394.0,3,0,0,0,2.0,0.23029532
0,0.079293011,69,0,0.203197868,1500.0,2,0,0,0,0.0,0.071600534
0,0.54102849,46,0,0.176260534,7000.0,8,0,1,0,4.0,0.29054072
0,0.229096363,34,0,0.054800575,9050.0,3,0,0,0,3.0,0.24362673
0,0.164489534,48,0,0.625916544,7500.0,10,0,1,0,2.0,0.21045478
0,0.65391976,56,0,0.432160194,8239.0,11,0,2,0,0.0,0.319681
0,0.449394869,51,0,0.674358501,5416.0,14,0,3,0,2.0,0.4350213
0,0.085249728,34,0,0.627364028,7666.0,11,0,2,0,0.0,0.34388453
0,0.011423107,58,0,0.168232558,21499.0,13,0,2,0,2.0,0.081346795
0,0.007909158,89,0,0.000774144,5166.0,2,0,0,0,0.0,0.011186314
0,0.497635623,72,3,0.347034645,5108.0,14,0,1,1,0.0,0.8210864
0,0.0,57,0,0.0,7901.0,3,0,0,0,0.0,0.12289278
0,0.10848192,61,0,0.751006711,1489.0,4,0,2,0,0.0,0.12179237
0,0.018892813,34,0,0.369651522,6800.0,8,0,2,0,0.0,0.12530316
0,0.069148271,63,0,0.321077246,6200.0,19,0,1,0,1.0,0.24009153
0,0.304303797,41,0,0.311334133,9166.0,10,0,2,0,2.0,0.21328463
0,0.035643078,27,0,0.368850492,4166.0,9,0,1,0,0.0,0.2522555
0,0.317771061,48,0,0.253143463,6600.0,17,0,1,0,1.0,0.33387017
0,0.854626002,61,0,0.821029828,6000.0,21,0,2,0,0.0,0.6210329
0,0.060791732,64,0,0.139513218,8586.0,8,0,1,0,0.0,0.057244856
0,0.9999999,28,0,0.221467391,2943.0,1,0,0,0,0.0,0.5799575
0,0.9999999,39,0,0.074168333,5500.0,3,1,0,0,1.0,0.8245191
0,0.036136134,65,0,0.012158055,6250.0,6,0,0,0,1.0,0.06687601
0,0.394904204,32,0,4.884368308,1400.0,8,0,3,0,1.0,0.41284764
0,0.051881082,34,0,0.43091515,3900.0,7,0,1,0,3.0,0.18012619
0,0.569167476,29,0,0.453109378,5000.0,12,0,1,0,0.0,0.5350981
0,0.059075408,72,0,0.422995781,6635.0,10,0,2,0,1.0,0.12202825
0,0.863470446,52,0,40.03096903,1000.0,10,0,0,0,0.0,0.673257
0,0.9999999,26,0,0.13462669,1700.0,2,0,0,0,0.0,0.5871983
0,0.04519774,65,0,0.33863112,3900.0,3,0,2,0,0.0,0.08932665
0,0.625696469,50,3,0.55618104,4440.0,12,0,2,0,2.0,0.8519301
0,0.123375325,43,0,0.397283531,5300.0,9,0,2,0,3.0,0.20563725
0,0.282494112,54,1,0.405708282,5710.0,20,0,2,0,0.0,0.38583258
0,0.348536115,68,0,0.221955609,5000.0,14,0,1,0,0.0,0.20589395
0,0.366469275,33,0,0.038622129,2873.0,4,0,0,0,3.0,0.43602893
0,0.403305324,33,0,0.302261191,4333.0,7,0,2,0,2.0,0.20552492
0,0.538922156,38,1,0.108753316,4900.0,11,0,0,0,0.0,0.5625147
0,0.0,64,0,0.126830697,3413.0,8,0,0,0,1.0,0.16009627
0,0.140673621,52,0,0.293582493,12200.0,14,0,1,0,1.0,0.1388273
0,0.982144133,47,1,0.795074559,4425.0,9,0,2,0,3.0,0.84781826
0,0.006122044,68,0,0.382323535,5000.0,13,0,2,0,0.0,0.051775027
0,0.0,40,0,0.0,5800.0,2,0,0,0,0.0,0.11662549
0,0.024262571,35,0,0.568848758,3100.0,10,0,2,0,1.0,0.27264977
0,0.0,51,0,0.339732054,5000.0,8,0,1,0,0.0,0.17423956
0,0.402752981,85,0,0.181048174,11333.0,16,0,0,0,1.0,0.11524366
0,0.042149246,55,0,0.065189048,2300.0,11,0,0,0,0.0,0.22228591
0,0.953463007,53,0,0.619147817,1900.0,10,0,0,0,1.0,0.66639924
0,0.04164546,74,0,0.249685195,5558.0,7,0,1,0,1.0,0.051084787
0,0.772287863,65,0,0.583640189,3801.0,13,0,2,0,1.0,0.41573897
0,0.009514332,74,0,0.125057683,2166.0,10,0,0,0,0.0,0.110057935
0,0.086398766,89,0,0.320081918,8300.0,10,0,1,0,1.0,0.03512346
0,0.158100873,57,0,0.214729911,8200.0,8,0,1,0,3.0,0.10019068
0,0.003389716,47,1,0.373207926,10950.0,15,0,2,0,1.0,0.32919326
0,0.015771753,46,0,0.188958122,6900.0,4,0,1,0,1.0,0.067082316
0,0.000699276,41,0,0.0,4583.0,4,0,0,0,0.0,0.055121653
0,0.393830078,37,0,0.637470847,3858.0,8,0,1,0,1.0,0.22946525
0,0.841219201,60,0,0.867939229,7700.0,17,0,2,0,0.0,0.51238817
0,0.789012411,34,0,0.471173544,6833.0,11,0,2,0,1.0,0.46804887
0,0.021956507,52,0,0.355888551,4270.0,3,0,1,0,2.0,0.11084387
0,0.227237413,40,0,0.434094318,6000.0,7,0,2,0,1.0,0.21821502
0,0.971772304,32,1,0.481253605,5200.0,10,0,1,0,1.0,0.8047735
0,0.035262736,64,0,0.679288848,4330.0,15,0,1,0,0.0,0.086479545
0,0.025748713,51,0,0.070704185,7000.0,3,0,0,0,2.0,0.07935044
0,0.532873356,68,0,0.098578492,3235.0,2,0,0,0,0.0,0.23653303
0,0.200305518,61,0,0.284171076,9071.0,19,0,2,0,1.0,0.122593895
0,1.641196013,37,0,0.119063849,4400.0,4,1,0,2,2.0,0.93124753
0,0.158936765,46,0,0.194805195,8700.0,11,0,2,0,1.0,0.148481
0,0.893003344,48,0,0.295769079,10115.0,6,0,1,0,3.0,0.32954022
0,0.05968851,76,0,0.282181539,10432.0,20,0,2,0,0.0,0.14048845
0,0.093361904,39,0,0.023995201,5000.0,10,0,0,0,0.0,0.1630206
0,0.247048297,55,0,1.255310287,2400.0,15,0,1,0,1.0,0.34659073
0,0.218781219,25,0,0.123211814,4333.0,2,0,0,0,0.0,0.17270005
0,0.622399581,81,0,0.415411278,7500.0,10,0,1,0,0.0,0.24507399
0,0.083879064,46,0,0.052649117,3000.0,4,0,0,0,3.0,0.21038765
0,0.9999999,27,0,0.098644746,4500.0,3,0,0,0,0.0,0.41351372
0,0.28127187,49,0,1.022279349,3500.0,25,0,2,0,0.0,0.27877825
0,0.48166072,57,0,0.397631134,6500.0,8,0,1,0,0.0,0.19152908
0,0.017900987,82,0,0.009177319,3050.0,7,0,0,0,0.0,0.15588105
0,0.8995149,58,0,0.74285143,5000.0,5,1,1,0,1.0,0.84369975
0,0.0,29,0,0.416233507,2500.0,8,0,1,0,0.0,0.26435187
0,0.04330325,37,0,0.184763047,5000.0,10,0,1,0,2.0,0.112364806
0,0.9999999,29,1,0.0199984,12500.0,5,1,0,0,3.0,0.9055788
0,0.711791779,44,0,0.423144214,4000.0,6,0,1,0,1.0,0.41176257
0,0.051603301,69,1,0.48056311,6250.0,11,0,1,0,0.0,0.25094876
0,0.0,40,0,0.191472114,6167.0,4,0,0,0,0.0,0.18264297
0,0.68217069,38,0,0.437899048,8300.0,10,0,2,0,3.0,0.45608088
0,0.033242698,59,0,0.536272751,3900.0,8,0,2,0,2.0,0.124862134
0,0.008672584,45,0,0.263520157,3050.0,5,0,0,0,2.0,0.08385208
0,0.001412403,44,0,0.177039491,11166.0,6,0,1,0,1.0,0.033065476
0,0.042192224,64,0,0.68707483,9260.0,26,0,3,0,0.0,0.28669143
0,0.179849103,45,0,0.308615311,4166.0,7,0,2,0,0.0,0.15804255
0,0.639145584,29,1,0.251874479,3600.0,4,0,0,0,0.0,0.5543718
0,0.331933172,46,0,0.542976211,5758.0,14,0,2,0,0.0,0.3374437
0,0.183979933,47,0,0.398360164,10000.0,33,0,3,0,1.0,0.19100112
0,0.127924628,50,0,0.315336933,5000.0,12,0,1,0,4.0,0.16807468
0,0.103964388,51,0,0.347301329,7373.0,3,0,1,0,0.0,0.12012352
0,0.256316525,25,0,0.038167939,1833.0,2,0,0,0,0.0,0.24764307
1,0.000352927,73,0,0.214317943,6648.0,14,1,0,0,0.0,0.68664706
0,0.738372888,47,0,0.768149151,9600.0,13,0,3,0,3.0,0.6324876
0,0.26542555,66,0,0.792939199,3568.0,12,0,2,0,0.0,0.18973146
0,0.05455744,69,0,0.202587474,3400.0,17,0,0,0,1.0,0.13503799
0,0.008898642,63,0,0.013623297,8000.0,17,0,0,0,2.0,0.11388451
0,0.157373458,44,1,0.283277789,5100.0,10,0,1,0,2.0,0.37929526
0,0.089881158,62,0,0.49144168,5666.0,10,0,2,0,2.0,0.15131202
0,0.185218399,61,1,0.118395637,8800.0,16,0,0,0,0.0,0.33644074
0,0.222947866,36,0,0.36027814,2300.0,9,0,0,0,1.0,0.35891795
1,0.120186661,74,1,0.079684764,2283.0,3,2,0,0,1.0,0.95418024
0,0.557113605,51,0,0.493726474,6375.0,10,0,1,0,1.0,0.39379388
0,0.219939338,78,0,0.844500179,2790.0,17,0,3,0,1.0,0.39943865
0,0.057418626,75,1,0.341776371,6000.0,9,0,1,0,1.0,0.29242557
0,0.051830107,30,0,0.03016164,6000.0,10,0,0,0,2.0,0.13456632
0,0.886165753,50,0,0.058800848,5186.0,3,0,0,0,0.0,0.55968183
0,0.080116357,34,0,0.466048541,3666.0,5,0,1,0,0.0,0.1351816
0,0.0,51,0,0.217367895,13000.0,5,0,1,0,2.0,0.057742972
0,0.191583489,30,0,0.440166266,4570.0,5,0,1,0,1.0,0.1737017
1,0.9999999,43,0,0.069272446,2583.0,1,1,0,0,0.0,0.8387949
0,0.0479988,77,0,0.007124109,8000.0,2,0,0,0,0.0,0.034031607
0,0.078391107,31,0,0.101814365,6668.0,7,0,0,0,1.0,0.16103564
0,0.475514802,80,0,0.368771871,6000.0,9,0,2,0,0.0,0.219788
0,0.610367636,24,0,0.107841498,5980.0,6,0,0,0,0.0,0.32333487
0,0.025347364,34,0,0.292905272,7568.0,8,0,1,0,3.0,0.0926236
0,0.053739506,75,0,0.326034713,3744.0,13,0,2,0,0.0,0.0990034
0,0.061065038,45,0,0.185057262,5500.0,7,0,1,0,4.0,0.103175335
0,0.425149701,30,0,0.396354014,3400.0,5,0,1,0,0.0,0.26498997
0,0.525802959,50,1,0.398631759,7600.0,18,0,2,0,2.0,0.5988437
0,0.082327774,65,0,0.192709754,11000.0,12,0,2,0,0.0,0.084504135
0,0.020635051,63,0,1147.0,0.0,13,0,1,0,0.0,0.044403482
0,0.059157634,48,0,0.547671268,7750.0,7,0,2,0,4.0,0.14785874
0,0.459832203,41,0,0.565231679,3042.0,8,0,1,0,1.0,0.3429894
0,0.0,45,0,0.382065046,3166.0,7,0,1,0,3.0,0.13983
0,0.024760108,74,0,0.234539298,5610.0,8,0,2,0,0.0,0.06842536
0,0.096316147,51,0,0.638120626,3000.0,6,0,1,0,0.0,0.14493135
0,0.161503339,63,0,0.206827596,7000.0,11,0,2,0,0.0,0.11766344
0,0.0,49,0,0.374805599,4500.0,10,0,1,0,2.0,0.11541151
0,0.050103906,57,0,0.491355968,4800.0,36,0,2,0,0.0,0.1153969
0,0.00289971,74,0,0.165394402,2750.0,3,0,0,0,0.0,0.061306912
0,0.062410967,64,0,0.254308337,6440.0,13,0,0,0,0.0,0.08043894
0,0.112057827,66,0,0.243962467,6500.0,9,0,2,0,0.0,0.09234373
0,0.041263916,62,0,0.058696469,10647.0,2,0,1,0,0.0,0.025795462
0,0.03967486,75,0,0.008995502,2000.0,3,0,0,0,0.0,0.027791783
0,0.054859447,53,0,0.515350363,12800.0,20,0,4,0,4.0,0.23829894
0,0.718624433,44,0,0.314875873,10311.0,12,0,1,0,0.0,0.31367818
0,0.037641417,67,1,0.299874003,16666.0,20,0,3,0,0.0,0.39020818
0,0.023919072,74,0,0.143101971,3500.0,12,0,0,0,0.0,0.07254674
0,0.022919013,62,0,0.165210713,10416.0,5,0,1,0,0.0,0.02757713
0,0.0,27,0,251.0,0.0,3,0,0,0,1.0,0.12914315
0,0.895863053,51,1,0.003086039,8100.0,2,0,0,0,0.0,0.73482937
0,0.008344644,61,0,0.600714833,7833.0,17,0,1,0,1.0,0.10312463
0,0.251499824,26,0,0.112816851,2800.0,6,0,0,0,0.0,0.36889893
0,0.031132464,56,0,0.173019357,5010.0,9,0,2,0,0.0,0.12559953
0,0.593946005,46,2,0.251019918,12500.0,9,1,2,1,1.0,0.9060744
0,0.147528416,40,0,0.041237113,3200.0,2,0,0,0,0.0,0.1746699
0,0.408204235,59,0,0.408770161,3967.0,11,0,1,0,0.0,0.25350586
0,0.218493518,41,0,0.323210114,7276.0,12,0,2,0,2.0,0.22235058
0,0.762538774,48,0,0.599581856,11000.0,14,0,2,0,2.0,0.56286293
0,0.228596906,73,0,0.344747533,6891.0,12,0,2,0,0.0,0.13190782
0,0.423551675,55,0,0.253439591,13300.0,16,0,1,0,1.0,0.26538235
0,0.962429935,63,0,0.290231241,6356.0,5,0,1,0,0.0,0.38639757
1,2.658585354,36,0,0.262861904,4800.0,5,0,0,0,2.0,0.6031315
0,0.093928704,55,0,0.073309921,6833.0,21,0,0,0,1.0,0.10173642
0,0.142795354,58,0,0.326753113,15500.0,13,0,3,0,0.0,0.11196326
0,0.553829079,42,0,0.178955261,4000.0,3,0,0,1,0.0,0.7631117
0,0.035716307,74,0,0.567937801,2700.0,10,0,1,0,0.0,0.1953148
0,0.207107988,74,0,0.636558372,2800.0,12,0,1,1,0.0,0.69760895
0,0.0,54,0,0.006205674,3383.0,6,0,0,0,2.0,0.21827985
0,0.350188783,54,0,0.493688289,8000.0,18,0,1,0,2.0,0.23988222
0,0.9999999,31,0,0.108396947,2619.0,5,0,0,0,1.0,0.60406464
0,0.303523548,39,0,0.381197056,7200.0,10,0,1,0,3.0,0.28693154
0,0.12451056,62,0,0.556481173,3000.0,8,0,2,0,1.0,0.18224451
1,0.984015984,32,0,0.104631789,3000.0,2,2,0,1,1.0,0.94085884
1,0.2131854,60,0,0.386271871,5200.0,12,0,1,0,2.0,0.16182278
0,0.201132761,65,0,0.248417722,7583.0,9,0,2,0,0.0,0.09808242
0,0.34124008,44,0,0.271891244,2500.0,6,0,0,0,0.0,0.2730093
0,0.066345136,26,0,0.129472822,3660.0,5,0,0,0,0.0,0.14353256
0,0.244422224,55,0,0.069077577,12000.0,5,0,1,0,2.0,0.0698959
0,0.134753137,55,0,0.270529059,16500.0,8,0,1,0,4.0,0.055899743
0,0.507073832,55,0,0.702832809,5400.0,24,0,2,0,1.0,0.46654084
0,0.601446618,44,0,0.677516159,4331.0,11,0,1,0,0.0,0.50618345
0,0.233230322,34,0,0.335641279,6065.0,7,0,2,0,1.0,0.2569208
1,1.916943522,59,2,0.085560469,5200.0,4,1,0,2,1.0,0.94825214
0,0.046887152,76,0,0.003523474,10500.0,8,0,0,0,0.0,0.02166033
0,0.008658554,34,0,0.014928749,4420.0,11,0,0,0,1.0,0.107510686
0,0.9999999,51,1,0.300369004,4064.0,6,0,1,0,0.0,0.606421
0,0.364958614,45,1,0.448282131,5500.0,9,0,2,0,0.0,0.47440836
1,0.651937559,49,2,0.569649123,11399.0,26,0,4,0,0.0,0.7896133
1,1.064389591,38,5,0.545038486,4806.0,11,0,2,0,0.0,0.9610408
1,0.82000786,30,3,0.345737295,3600.0,8,0,0,0,0.0,0.8212125
1,0.168316252,54,0,0.008515643,70575.0,4,1,0,1,1.0,0.8851512
0,8.33e-05,86,0,0.187339681,23000.0,4,0,1,0,0.0,0.06222833
0,0.056751468,40,0,0.460266577,5926.0,13,0,1,0,1.0,0.13811387
0,0.079124123,44,0,0.120843958,20000.0,5,0,1,0,2.0,0.06605518
0,0.022907703,52,0,0.167152737,12000.0,7,0,1,0,3.0,0.04112077
0,0.96013289,27,0,0.147926037,2000.0,3,0,0,1,0.0,0.769113
0,0.023285899,47,0,0.347519549,7800.0,7,0,1,0,0.0,0.103969574
0,0.097708432,41,0,0.316273675,50000.0,12,0,7,0,2.0,0.2457487
1,0.05957738,56,3,0.667954497,4658.0,16,0,3,0,0.0,0.7006296
0,0.910766154,40,0,0.290400817,7833.0,6,0,2,0,2.0,0.4448676
0,0.00987775,38,0,0.229978097,10500.0,10,0,1,0,1.0,0.08835906
0,0.388224988,49,0,3.009859742,7200.0,12,2,0,0,3.0,0.8253432
0,0.528398074,51,0,0.327931841,5985.0,11,0,2,0,3.0,0.39100233
0,0.00475981,59,0,0.053470919,8527.0,4,0,0,0,0.0,0.051702186
1,0.519153182,58,0,0.220229344,3400.0,9,0,0,0,0.0,0.4330618
0,0.12634994,57,0,0.014688094,5786.0,2,0,0,0,0.0,0.10414435
0,0.085201007,65,0,0.356352665,2982.0,11,0,2,0,0.0,0.20881182
0,0.17548021,51,0,0.272356971,5400.0,11,0,1,0,0.0,0.18525507
0,0.0,56,0,0.57313983,4340.0,8,0,1,0,0.0,0.12518889
0,0.421539943,27,2,0.163942308,6239.0,11,0,0,0,0.0,0.6282698
0,0.044153902,55,0,0.309119313,5120.0,8,0,1,0,2.0,0.086275704
0,0.217156569,50,0,0.12805107,5325.0,4,0,0,1,0.0,0.54772043
0,0.220965928,31,0,0.258776897,1765.0,6,0,0,0,0.0,0.17024054
0,0.084860194,38,1,0.452089037,8400.0,14,0,2,0,5.0,0.52421105
0,0.112565728,31,0,0.414058594,10000.0,15,0,2,0,0.0,0.28573832
0,0.108963679,25,0,0.081395349,515.0,2,0,0,0,0.0,0.14378442
0,0.059342781,40,0,0.016309562,3126.0,4,0,0,0,0.0,0.07948509
0,0.135115831,65,0,0.228628562,6000.0,11,0,2,0,0.0,0.09696427
1,0.9999999,57,2,0.316170957,4000.0,4,0,0,2,1.0,0.9026737
0,0.195745763,54,0,0.30931543,8340.0,14,0,2,0,0.0,0.14826679
0,0.021332741,68,0,0.323922167,2620.0,11,0,0,0,0.0,0.12241338
0,0.013984279,60,0,0.375633375,8880.0,17,0,2,0,2.0,0.11472646
0,0.0,26,0,0.111185757,2976.0,2,0,0,0,0.0,0.24552761
0,0.067615583,68,0,0.309672582,4000.0,5,0,1,0,0.0,0.060186774
0,0.315179742,40,0,0.071100578,6750.0,15,0,0,0,0.0,0.24990048
0,0.701962903,44,0,0.221992416,2900.0,7,0,0,0,0.0,0.45756477
0,0.03446969,56,0,0.221986126,16000.0,18,0,2,0,1.0,0.122772574
0,0.033978436,57,0,0.008053319,3600.0,3,0,0,0,0.0,0.09448431
0,0.176996695,60,0,0.373982064,9700.0,28,0,3,0,0.0,0.2463503
0,0.121827411,25,0,0.019134775,1201.0,5,0,0,0,0.0,0.3216639
0,0.007898746,65,0,0.003332223,3000.0,7,0,0,0,0.0,0.0804328
0,0.280883272,25,0,0.180568572,3200.0,6,0,0,0,0.0,0.27675825
0,0.184575662,46,0,0.208986068,15000.0,6,0,1,0,2.0,0.0970162
0,0.128415262,64,0,0.628691516,9040.0,24,1,3,0,0.0,0.39811024
0,0.0,36,0,0.370418677,7666.0,4,0,1,0,2.0,0.11532605
0,0.99920032,32,2,0.852858074,4600.0,10,0,2,0,2.0,0.91708684
0,0.040956663,60,0,0.093681386,4098.0,9,0,0,0,2.0,0.14656043
0,0.073921779,48,0,0.164039993,5900.0,3,0,1,0,0.0,0.10387601
0,0.027279758,52,0,0.178905688,8333.0,13,0,0,0,0.0,0.08702516
0,0.433559587,51,0,0.259958333,23999.0,13,0,2,0,2.0,0.23550951
0,0.036392786,65,0,0.141607299,8000.0,33,0,1,0,0.0,0.16776665
0,0.0,38,0,0.014237722,6250.0,4,2,0,0,0.0,0.8861226
0,0.0,28,1,0.0,2914.0,1,0,0,0,0.0,0.425068
0,0.42119757,91,0,0.149278015,4916.0,3,0,0,0,0.0,0.11318278
0,0.266084319,47,2,0.597281596,9122.0,13,0,2,0,1.0,0.4138759
0,0.150983224,79,0,0.039276258,2265.0,3,0,0,0,0.0,0.14922518
0,0.0,86,0,0.052792321,4583.0,12,0,1,0,0.0,0.088002644
0,0.548088128,48,0,0.559258488,4800.0,9,0,1,0,0.0,0.51333314
0,0.084309833,72,0,0.167996132,4136.0,8,0,1,0,0.0,0.046391085
0,0.735132434,26,1,0.347525892,2606.0,4,0,0,1,4.0,0.8947648
0,0.152262124,51,0,0.748595372,10500.0,10,0,4,0,2.0,0.47445777
0,0.083367327,65,0,0.172823913,9500.0,8,0,1,0,0.0,0.070003144
0,0.039082983,93,0,0.187101612,2666.0,9,0,0,1,0.0,0.36366057
0,0.432810804,55,1,0.274928751,60000.0,11,0,4,0,0.0,0.46862596
0,0.372262774,55,2,0.288806432,4850.0,10,0,1,0,0.0,0.56571275
0,0.57327978,50,0,0.277907884,5123.0,11,0,0,0,0.0,0.48396367
0,0.165003434,44,0,0.464133967,4000.0,19,0,2,0,0.0,0.28170612
0,0.359220853,47,0,0.318995867,6532.0,15,0,1,0,2.0,0.34822547
0,0.001255785,42,0,0.185611186,8867.0,7,0,1,0,2.0,0.061773207
0,0.312358352,64,0,0.437234632,10833.0,8,0,1,0,0.0,0.11612047
1,0.387700439,62,1,0.501933076,7500.0,11,2,2,0,1.0,0.8563853
0,0.0,39,0,0.277168324,5833.0,7,0,2,0,0.0,0.1857688
0,0.9999999,31,0,0.08997001,3000.0,2,0,0,0,0.0,0.5391165
0,0.34707099,50,0,0.24522814,5500.0,6,0,1,0,0.0,0.21284172
0,0.757638204,54,0,0.258176892,5166.0,7,0,1,0,0.0,0.35452935
0,0.592634596,57,0,0.459801265,3320.0,12,0,1,0,2.0,0.4041971
0,0.060727867,39,0,0.016637338,6250.0,12,0,0,0,0.0,0.12151666
0,0.631259134,39,0,0.273340433,2816.0,7,0,0,0,0.0,0.4457083
0,0.102897694,50,0,0.354568705,4300.0,7,0,1,0,2.0,0.12390721
0,0.04423894,25,0,0.639464068,820.0,4,0,0,0,0.0,0.09852922
0,0.101977338,25,1,0.005498625,4000.0,3,0,0,0,0.0,0.384705
1,0.9999999,36,0,0.012699788,60000.0,2,2,0,0,0.0,0.9080928
0,0.021690078,57,0,0.185242478,12928.0,14,0,1,0,0.0,0.072724506
0,0.9999999,36,0,0.171931228,2500.0,1,2,0,0,6.0,0.7642563
0,0.907872808,30,1,0.061808817,6600.0,2,0,0,0,0.0,0.61903775
0,0.779789246,22,1,0.061384725,1400.0,3,0,0,0,0.0,0.7572311
0,0.193252991,44,0,0.220814932,12000.0,9,0,1,0,1.0,0.10896228
0,0.457669478,26,1,0.028647568,1500.0,3,0,0,0,0.0,0.63562566
0,0.663689087,63,0,0.537436125,4500.0,8,0,2,1,0.0,0.7125015
0,0.004380535,38,0,0.105884281,6100.0,6,0,0,0,0.0,0.059677124
0,0.544241593,47,1,0.423625255,5400.0,12,0,2,0,0.0,0.63610977
0,0.311812677,62,0,0.081396369,11400.0,6,0,1,0,2.0,0.075196564
0,0.025779974,64,0,0.201215154,8393.0,5,0,1,0,0.0,0.035591546
0,0.095995637,63,0,0.175955281,11985.0,8,0,1,0,1.0,0.04407332
0,0.243449572,35,0,0.534846515,10000.0,17,0,1,0,3.0,0.379447
0,0.0189865,83,0,0.009256085,5833.0,10,0,0,0,0.0,0.14620736
0,0.881932133,45,0,0.269722112,7592.0,12,0,0,1,2.0,0.78740853
0,0.005900635,57,0,0.469911337,5300.0,10,0,2,0,1.0,0.13285421
0,0.310984308,54,0,0.480525575,2130.0,7,0,1,0,0.0,0.20685579
1,0.980464544,50,2,0.843156357,2052.0,7,0,1,0,2.0,0.8086943
0,0.005256993,65,0,0.001498352,3336.0,3,0,0,0,0.0,0.031444926
0,0.9999999,36,0,0.003942632,17500.0,1,0,0,0,3.0,0.788647
0,0.008749863,47,0,0.051102891,7298.0,6,0,0,0,4.0,0.07471095
0,0.156989534,57,0,0.015264466,5633.0,6,0,0,0,0.0,0.18135585
0,0.145553403,39,1,655.0,0.0,6,0,0,0,2.0,0.12448098
0,0.01679832,78,0,0.118122977,4325.0,4,0,1,0,0.0,0.019705432
1,0.903013855,46,1,0.283976039,5341.0,4,2,0,1,1.0,0.94211996
0,0.506548988,49,0,0.241856314,2240.0,8,0,0,0,0.0,0.44396713
0,0.030803595,42,0,0.272451348,5600.0,6,0,1,0,1.0,0.08014011
0,0.078215058,52,0,0.667608819,3537.0,10,0,2,0,1.0,0.21951964
1,0.20842108,46,2,0.395489842,9400.0,12,0,3,0,1.0,0.616085
0,0.030109262,64,1,0.687248322,5214.0,12,0,2,0,2.0,0.27512196
0,0.312072413,44,0,0.123295971,3300.0,7,0,0,0,0.0,0.2703312
1,0.26056397,50,3,0.538659478,8160.0,13,0,1,2,0.0,0.80567765
0,0.021608338,38,0,0.002499107,2800.0,5,0,0,0,0.0,0.082907565
0,0.321188307,74,0,0.640387805,7838.0,12,0,1,0,0.0,0.29731438
0,0.087844594,42,0,0.111695829,7600.0,2,0,1,0,0.0,0.07318342
0,0.475053429,46,2,0.570408455,3500.0,7,1,2,0,7.0,0.6789326
1,0.931943854,57,1,0.097242686,4750.0,8,2,0,1,0.0,0.9419759
0,0.259913362,49,0,0.222422332,2220.0,3,0,0,0,0.0,0.21814348
0,0.0,71,0,0.0,5000.0,12,0,0,0,0.0,0.0286976
0,0.450339481,50,1,0.177201395,9175.0,13,0,1,0,0.0,0.27936965
0,0.201423886,30,0,0.608397601,3500.0,7,0,1,0,2.0,0.1968458
0,0.11464309,52,0,0.603210637,6166.0,13,0,2,0,1.0,0.15781644
0,0.357525848,44,0,1.4144454,2325.0,11,0,3,0,0.0,0.4892784
1,0.079991112,53,4,1.767906718,1800.0,11,0,3,0,0.0,0.81455666
0,0.0,31,3,0.139286904,3000.0,5,0,0,0,1.0,0.8024997
0,0.299472243,57,0,0.716380603,6000.0,11,0,2,0,0.0,0.3110425
0,1.00288745,71,0,0.266749547,37000.0,29,0,3,0,2.0,0.062186997
0,0.500893502,41,0,0.379260751,6952.0,11,0,2,0,2.0,0.2959716
0,0.461054962,47,0,0.254061775,5600.0,7,0,1,0,4.0,0.23579481
0,0.165728683,59,0,0.375497871,7280.0,20,0,1,0,0.0,0.18481736
0,0.145371079,53,0,0.234114033,10417.0,12,0,1,0,0.0,0.116148844
0,0.624404257,81,0,0.392699811,4766.0,8,0,1,0,0.0,0.17975403
0,0.076874299,74,0,0.709141274,1443.0,10,0,1,0,0.0,0.14919509
0,0.026512733,30,0,0.075992401,10000.0,5,0,0,0,0.0,0.082565695
0,0.026615325,45,0,0.521704815,3800.0,11,0,1,1,3.0,0.43772283
0,0.001210305,69,1,0.412313433,3751.0,14,0,2,0,0.0,0.19207472
0,0.062002285,58,0,0.175494576,4700.0,15,0,0,0,0.0,0.17294334
0,0.071761898,58,0,0.576276322,6600.0,8,0,2,0,0.0,0.14630747
0,0.3024224,57,0,0.24165513,6500.0,7,0,0,0,3.0,0.27295738
0,0.262707627,38,0,0.51105097,6650.0,10,0,1,0,0.0,0.25783527
0,0.043378245,76,0,0.00539892,5000.0,4,0,0,0,1.0,0.01943948
0,0.477672067,31,0,0.114400727,7700.0,11,0,0,0,1.0,0.34642038
1,0.9999999,31,0,0.017414766,4076.0,1,0,0,0,0.0,0.6170099
0,0.228319419,82,0,0.679053491,6000.0,22,0,3,0,0.0,0.4806205
0,0.369672233,46,1,0.442175134,3916.0,10,0,1,0,2.0,0.46617207
0,0.151763927,45,0,0.332784378,8500.0,17,0,1,0,4.0,0.19783649
0,0.987571784,44,1,0.59182382,7900.0,21,0,2,0,2.0,0.77640736
0,0.348318859,60,0,1.131094756,2173.0,10,0,2,0,0.0,0.35192764
0,0.934604905,48,0,0.159239639,3208.0,4,0,0,0,0.0,0.5300385
0,0.00960301,34,0,0.190311419,2311.0,6,0,0,0,0.0,0.10491192
0,0.596984936,58,0,0.793793321,6347.0,12,0,2,0,0.0,0.4441184
0,0.578290571,44,2,0.410892836,8500.0,7,0,2,0,3.0,0.5914555
0,0.001028249,61,0,0.000374953,8000.0,8,0,0,0,0.0,0.023869658
0,0.076116955,30,0,0.02539746,10000.0,3,0,0,0,0.0,0.1942626
0,0.017455834,42,0,0.146694523,6700.0,14,0,1,0,0.0,0.050212067
0,0.9999999,46,0,0.15483518,7310.0,4,0,1,0,1.0,0.4142331
0,0.022165103,58,2,0.226396917,9341.0,13,0,1,0,1.0,0.32505646
0,0.862978145,68,0,0.523930143,7500.0,11,0,1,0,1.0,0.32001105
0,0.010294913,66,0,2.381348876,1200.0,14,0,4,0,0.0,0.2707647
0,0.0598451,41,0,0.512227442,8300.0,11,0,3,0,2.0,0.30620253
0,0.464246166,60,0,0.643046163,3400.0,8,0,1,0,2.0,0.18997489
0,0.086924233,65,0,2237.0,0.0,12,0,2,0,0.0,0.123752326
0,0.215520451,37,0,0.121141796,4308.0,6,0,0,0,0.0,0.16774572
0,0.97030297,37,2,0.336366363,10000.0,4,0,2,0,2.0,0.7248564
0,0.337799385,42,0,0.686330524,7000.0,15,0,1,0,1.0,0.4024059
0,0.455795064,25,0,0.353911522,4000.0,14,0,0,0,0.0,0.5205053
0,0.041849234,43,0,0.867709268,7800.0,10,0,3,0,0.0,0.3941772
0,0.170200677,58,0,0.249680878,7833.0,4,0,1,0,0.0,0.10458286
0,0.06595895,78,0,0.055168097,11183.0,8,0,1,0,1.0,0.03492934
0,0.1301586,56,1,2469.0,0.0,8,0,2,0,0.0,0.3406771
0,0.457165714,55,1,0.683105631,3000.0,18,0,0,0,0.0,0.5990691
0,0.027325493,64,0,37.0,0.0,7,0,0,0,0.0,0.05302283
0,0.0,55,0,0.212840944,6525.0,8,0,1,0,4.0,0.13467836
0,0.9999999,49,1,0.165692821,9583.0,3,0,2,0,2.0,0.7196278
0,0.279525731,43,0,0.423810405,5400.0,7,0,1,0,0.0,0.18076861
0,0.250961868,40,0,0.172637894,6000.0,6,0,0,0,2.0,0.21846838
0,0.854019464,64,0,0.088732039,11900.0,6,0,0,1,0.0,0.5072246
0,0.238648109,49,0,0.265718729,4500.0,8,0,0,0,0.0,0.21813285
0,0.261779867,63,1,0.679818715,3750.0,12,0,2,0,0.0,0.38199076
0,0.109057398,49,0,0.227149747,8500.0,6,0,1,0,4.0,0.08927211
0,0.9999999,46,0,0.757080973,3000.0,9,0,4,0,2.0,0.4788074
0,0.000499986,52,0,0.417903379,6333.0,8,0,2,0,2.0,0.17316148
0,0.782012823,50,0,0.494334089,7500.0,13,0,2,0,1.0,0.4067035
0,0.0,57,0,0.483712354,4880.0,6,0,1,0,1.0,0.103459716
0,0.086198868,55,0,0.287270557,6700.0,11,0,3,0,2.0,0.09206129
0,0.100928282,37,0,0.284026358,4400.0,9,0,0,0,2.0,0.17161942
0,0.167646556,67,0,0.954789161,6900.0,11,0,2,0,1.0,0.17111829
0,0.713859101,48,0,0.212397448,6581.0,7,0,1,0,2.0,0.36838952
0,0.952956684,48,0,0.367271037,8603.0,6,0,3,0,3.0,0.37143385
0,0.100528008,56,0,0.266814721,3151.0,8,0,0,0,0.0,0.15554099
0,0.337349902,53,0,0.466666667,2264.0,17,0,0,0,1.0,0.42784536
0,0.112252801,50,0,0.378362686,5166.0,7,0,1,0,2.0,0.09982045
0,0.846574881,45,0,0.158640227,6000.0,5,0,0,0,2.0,0.5238744
0,0.054245052,55,0,0.40853049,3000.0,8,0,1,0,3.0,0.13511534
0,0.401344595,55,0,0.086184718,7773.0,15,0,0,0,0.0,0.30482984
0,0.478490901,52,0,0.953350611,2700.0,15,0,2,0,0.0,0.6204685
0,0.043296241,46,0,0.420897863,5100.0,6,0,2,0,0.0,0.23840918
1,0.122221498,33,0,0.242651657,3197.0,7,0,0,0,0.0,0.22298907
0,0.008308264,51,0,0.459829247,9135.0,9,0,2,0,0.0,0.057711814
0,0.10317671,27,0,0.459011711,3500.0,8,0,1,0,3.0,0.28382203
0,0.000568693,46,0,0.268682829,4000.0,6,0,1,0,1.0,0.08211761
0,0.9999999,46,0,0.00091832,19600.0,0,2,0,0,2.0,0.8836826
0,0.788297484,55,0,0.320273595,33333.0,17,0,4,0,0.0,0.45653552
0,0.181768402,45,0,0.300556307,6650.0,7,0,2,0,1.0,0.13819326
0,0.0,54,1,0.61391087,2400.0,4,0,1,0,2.0,0.36091024
0,0.0,41,0,0.419274376,8819.0,5,0,2,0,2.0,0.088822804
0,0.591636735,48,0,1326.5,1.0,7,0,1,0,1.0,0.21002226
0,0.257685579,52,1,0.244116654,8880.0,7,1,1,2,3.0,0.87941325
0,0.031004631,57,0,0.463049979,2340.0,5,0,1,0,0.0,0.08227956
0,0.622282898,56,0,0.572396001,3100.0,9,0,1,0,0.0,0.4771895
0,0.94342714,32,0,0.171406003,2531.0,4,0,0,0,0.0,0.4975719
0,0.353541693,46,0,0.295388147,9583.0,7,0,2,0,2.0,0.20259199
0,0.785204227,64,0,0.25224925,3000.0,6,0,0,0,0.0,0.39372584
0,0.10622538,41,0,0.418648706,4750.0,12,0,3,0,2.0,0.23547131
0,0.043912362,56,0,0.006461041,13000.0,5,1,0,0,2.0,0.5528761
0,0.45625729,35,0,0.589138782,3645.0,4,0,1,0,2.0,0.29102084
0,0.0,29,0,0.0,1150.0,1,0,0,0,0.0,0.30761597
0,0.846773719,53,2,1.439100562,1600.0,8,0,1,1,0.0,0.87111974
0,0.861778257,40,3,0.292902366,3000.0,6,0,0,0,1.0,0.856293
0,0.013701166,68,0,0.181568088,2180.0,5,0,1,0,0.0,0.03977381
0,0.006901811,47,0,0.407932011,6000.0,7,1,1,0,1.0,0.56815726
0,0.038372944,48,0,0.243724104,8205.0,8,0,1,0,2.0,0.058685206
0,0.110355858,57,1,0.570408825,1540.0,3,0,1,0,0.0,0.35097086
0,0.9999999,41,0,0.013318535,2702.0,0,0,0,0,2.0,0.7823954
0,0.400219103,42,0,0.363569646,6812.0,8,0,1,0,2.0,0.142764
0,0.9999999,46,0,0.25419493,2800.0,2,0,0,0,0.0,0.541113
0,0.281885767,87,0,0.164475902,11867.0,7,0,2,0,0.0,0.05096434
0,0.007702633,49,0,0.437520826,3000.0,11,0,1,0,0.0,0.11121251
0,0.296216988,31,1,0.162291714,4380.0,10,0,0,0,0.0,0.40854567
0,0.073528431,44,0,0.013189448,2501.0,5,0,0,0,2.0,0.16916026
0,0.173135539,63,0,1.144570286,1500.0,13,0,0,0,0.0,0.27239788
0,0.032023307,54,0,0.393132291,9085.0,7,0,2,0,0.0,0.09088686
0,0.650716948,45,1,0.306942432,7590.0,8,0,0,0,4.0,0.54904497
0,0.06006039,52,0,0.334681273,13600.0,20,0,2,0,0.0,0.20475529
0,0.0,60,0,0.160769884,7065.0,4,0,2,0,1.0,0.11166299
0,0.111826378,50,0,0.154754762,26667.0,17,0,2,0,2.0,0.09449139
0,0.9999999,55,0,0.493376656,4000.0,5,0,2,0,0.0,0.3914288
0,0.054504494,77,0,0.006494711,16166.0,6,0,0,0,1.0,0.027525906
0,0.283740887,45,0,0.421714664,12083.0,9,0,1,0,4.0,0.14460988
0,0.0,56,0,0.112727273,8249.0,7,0,1,0,0.0,0.08524799
0,0.211385177,52,1,0.857478203,2981.0,12,0,2,0,2.0,0.61132646
0,0.9999999,45,0,0.150339864,2500.0,1,0,1,0,0.0,0.5135754
0,0.483033932,32,1,0.253553416,2180.0,3,0,0,1,0.0,0.727737
0,0.092706991,51,0,0.01487881,4166.0,4,0,0,0,0.0,0.11865117
0,0.018039247,74,0,0.135200974,4104.0,7,0,1,0,0.0,0.040922508
0,0.012786932,61,0,0.314767375,12100.0,8,0,2,0,1.0,0.07971297
0,0.656950854,28,0,0.253537736,2543.0,5,0,0,0,0.0,0.37640706
0,0.018207197,44,0,0.008713041,7000.0,12,0,0,0,1.0,0.1279305
0,0.00319921,43,0,0.37074486,8900.0,9,0,1,0,2.0,0.07130328
0,0.250730657,27,1,3.219633943,600.0,3,0,1,0,0.0,0.2992322
0,0.479501367,31,1,0.334545455,4949.0,5,0,1,0,1.0,0.50675505
0,0.264392215,69,0,0.19897084,1748.0,6,0,0,0,0.0,0.1873896
0,0.123054461,56,0,0.224706971,6483.0,6,0,1,0,2.0,0.12508969
0,0.346955101,46,0,1982.5,1.0,4,0,1,0,2.0,0.095883936
0,0.380014049,51,2,0.589624857,14900.0,16,0,4,0,1.0,0.7813857
0,0.03223095,72,0,0.00319968,10000.0,4,0,0,0,1.0,0.0304831
0,0.719139025,29,0,0.119976005,5000.0,9,0,0,0,0.0,0.50793505
0,0.26266989,68,0,0.141143543,2500.0,13,0,0,0,0.0,0.15559202
0,0.9999999,40,0,0.401117483,6800.0,4,0,1,0,0.0,0.3870999
0,0.017398105,82,0,0.063131313,9503.0,14,0,2,0,0.0,0.06698124
0,0.249166975,63,0,0.481129718,4000.0,11,0,1,0,0.0,0.17631944
0,0.643010554,31,0,0.261217348,8000.0,12,0,2,0,2.0,0.4003275
1,0.389599189,44,2,0.703288428,11950.0,18,1,5,0,2.0,0.8758714
0,0.051732798,66,0,0.4204788,17334.0,10,0,5,0,0.0,0.2816215
0,0.933825163,29,0,0.085295017,13083.0,9,0,0,0,0.0,0.50303733
0,0.649357763,58,0,0.651236962,11600.0,16,0,4,0,1.0,0.4994376
0,0.043265224,51,0,0.348266459,7700.0,9,0,1,0,0.0,0.12689486
0,0.06309709,42,0,0.007753369,10833.0,2,0,0,0,2.0,0.053237338
1,0.909003988,45,6,0.659060876,11350.0,15,1,3,0,0.0,0.9569506
0,0.008108943,79,0,14.0,0.0,10,0,0,0,0.0,0.04363345
0,0.024634137,39,0,0.386762936,4154.0,6,0,2,0,0.0,0.1366842
0,0.9999999,66,0,0.046633911,11600.0,2,0,0,0,1.0,0.18933426
0,0.010074858,49,0,0.642098046,2916.0,9,0,2,0,0.0,0.23469214
0,0.401393458,30,0,0.032202216,5775.0,3,0,0,0,1.0,0.2008228
0,0.217992334,64,0,0.239982224,13500.0,11,0,2,0,0.0,0.07146391
0,0.557425135,72,1,0.254579279,13975.0,9,0,1,0,2.0,0.42944452
0,0.0,36,0,0.381681776,3198.0,5,0,1,0,1.0,0.111300565
1,0.949970876,42,4,0.489585069,6000.0,6,0,1,0,0.0,0.86763215
0,0.024227879,76,0,0.006577217,3800.0,4,0,0,0,0.0,0.014810601
0,0.309038387,33,0,0.781687325,2500.0,8,0,1,0,1.0,0.2869023
0,0.091512533,43,0,2496.0,0.0,11,0,2,0,0.0,0.18528196
0,0.0,62,0,0.106835443,3949.0,3,0,0,0,1.0,0.17297412
0,0.939276099,51,0,0.159994981,7968.0,12,0,0,0,2.0,0.53754514
1,1.022996167,36,0,0.359238955,3100.0,4,0,1,2,1.0,0.9023102
0,0.105232199,54,0,0.224,10374.0,7,0,1,0,2.0,0.043328516
0,0.015162692,43,0,0.59594191,9708.0,12,0,4,0,0.0,0.38292935
0,0.589924289,60,0,0.430851064,8083.0,4,0,2,0,0.0,0.20199935
0,0.0,58,0,0.276114926,15000.0,10,0,2,0,2.0,0.1293208
0,0.0,71,1,0.0,10500.0,3,0,0,0,0.0,0.123920314
0,0.421812271,30,0,0.233004532,3750.0,5,0,0,0,0.0,0.2658155
0,0.152250785,49,0,0.030774358,9000.0,3,0,0,0,0.0,0.17907846
0,0.021131677,57,0,0.089236512,11250.0,7,0,1,0,1.0,0.03134463
1,0.9999999,26,0,0.265631223,2510.0,3,0,0,0,2.0,0.58713007
0,0.156234591,51,0,0.621344664,4000.0,12,0,1,0,3.0,0.20760243
0,0.005775151,61,0,0.281690141,5750.0,8,0,1,0,0.0,0.044064526
0,0.001970957,69,0,0.000453309,4411.0,6,0,0,0,1.0,0.007974732
0,0.984031936,28,0,0.211697076,4000.0,3,1,0,0,0.0,0.8029964
0,0.029464949,56,0,0.375937344,6000.0,11,0,1,0,0.0,0.09984102
0,0.0,26,0,9.36318408,200.0,4,0,1,0,0.0,0.048153542
0,0.190705147,66,0,0.195996315,11938.0,10,0,0,0,0.0,0.09441194
0,0.179726562,45,0,0.698812747,4800.0,11,0,1,0,0.0,0.27222994
0,0.862025086,36,0,0.388087416,7000.0,5,0,1,0,0.0,0.485186
0,0.0,48,0,0.365263667,6200.0,12,0,1,0,2.0,0.1368415
0,0.247658854,32,0,0.470324317,7800.0,7,0,2,0,1.0,0.28180394
0,0.01833777,79,0,0.024650233,1500.0,5,0,0,0,0.0,0.026902609
0,0.100379937,48,0,0.319912733,10083.0,7,0,3,0,0.0,0.15566868
0,0.9999999,27,0,0.246966453,1400.0,1,1,0,0,1.0,0.87971604
0,0.474252847,56,0,0.765777778,4499.0,13,1,1,0,0.0,0.7783145
0,0.090636665,73,1,0.164213431,6521.0,16,0,2,0,0.0,0.30573642
0,0.090537495,42,0,0.42581314,7716.0,19,0,3,0,2.0,0.30981773
0,0.046149419,47,0,0.340043986,11821.0,7,0,2,0,3.0,0.06371107
0,0.009717564,73,0,0.006043701,2150.0,5,0,0,0,0.0,0.022527996
0,0.406293181,49,0,0.372587141,7200.0,13,0,2,0,0.0,0.22719918
0,0.030919925,77,0,0.011976048,3506.0,6,0,0,0,0.0,0.082018316
0,0.10559472,36,0,0.382973348,7916.0,7,0,1,0,0.0,0.09750778
0,0.059768311,61,0,0.010726298,11000.0,14,0,0,0,1.0,0.09452497
0,0.748846876,32,0,0.588065909,6250.0,22,0,1,0,1.0,0.64990246
0,0.9999999,22,0,0.201892744,950.0,1,0,0,0,0.0,0.29343513
0,0.288092536,29,0,0.294463498,2040.0,7,0,0,0,0.0,0.22413895
0,0.015757576,78,0,0.198877306,3740.0,18,0,1,0,0.0,0.121224254
0,0.0,64,0,0.273389571,5215.0,6,0,1,0,2.0,0.06627031
0,0.053695711,59,0,0.071827226,4120.0,9,0,1,0,1.0,0.09652401
0,0.810012257,43,0,0.121751825,6849.0,4,0,0,0,4.0,0.4842923
0,0.789543211,63,0,0.579293344,4867.0,7,0,2,0,0.0,0.40059698
0,0.520957479,54,2,0.148819895,12625.0,7,0,2,0,1.0,0.4573775
0,0.320110981,57,0,0.865081559,3616.0,21,0,1,0,0.0,0.2824422
0,0.0,51,0,0.28580946,1500.0,6,0,0,0,0.0,0.1670193
0,0.572045048,31,0,0.178136977,6000.0,6,0,1,0,0.0,0.2790951
0,0.558748042,56,0,0.639042357,1628.0,9,0,0,0,0.0,0.4896154
0,0.71716213,34,0,0.584377499,3750.0,7,0,1,0,2.0,0.5003252
0,0.9999999,30,0,0.446422993,3200.0,4,0,1,0,3.0,0.5271841
0,0.0,46,0,0.450288902,5018.0,9,0,1,0,0.0,0.14336671
0,0.035583753,44,0,0.512732386,6400.0,11,0,1,0,0.0,0.10545159
0,0.009255383,52,0,0.120887911,10000.0,10,0,1,0,1.0,0.11516449
0,0.1028478,44,0,0.236710667,5605.0,5,0,1,0,2.0,0.07849013
0,0.104115835,50,0,0.345522068,7000.0,6,0,2,0,1.0,0.13868141
0,0.0,42,0,0.255208333,2687.0,6,0,0,0,0.0,0.12224706
1,0.150901703,40,0,0.311668833,10000.0,27,0,3,0,5.0,0.5021951
0,0.0,43,0,0.71712689,6083.0,11,0,2,0,1.0,0.29235432
0,0.011896733,68,0,0.514771414,6058.0,13,0,2,0,0.0,0.08145155
0,0.931653198,80,0,0.190402133,4500.0,3,0,0,0,0.0,0.2776374
0,0.211384974,44,0,0.207924505,16000.0,6,0,1,0,2.0,0.09677586
0,0.14822199,56,0,0.895815782,3560.0,7,0,2,0,0.0,0.21783035
0,0.621061435,50,0,0.42466645,6145.0,9,0,2,0,2.0,0.38631016
0,0.9999999,58,0,0.540072447,8833.0,5,0,2,0,1.0,0.3214085
0,0.190507936,80,0,0.075457461,5300.0,8,0,0,0,1.0,0.1398575
0,0.059832238,55,0,0.343739584,9000.0,12,0,2,0,2.0,0.12592266
0,0.001890458,47,3,0.268693009,6579.0,15,0,2,2,1.0,0.6193873
0,0.9999999,31,0,0.097975506,4000.0,2,1,0,0,0.0,0.78157365
0,0.218991588,54,0,0.586137954,3000.0,13,0,1,0,0.0,0.28732243
0,0.001237593,51,0,3224.0,0.0,12,0,2,0,3.0,0.30406067
1,0.9999999,42,3,0.49390122,5000.0,6,0,1,0,0.0,0.84701467
0,1.031714286,25,0,0.152564957,1500.0,4,0,0,0,0.0,0.7078171
0,0.014119718,47,0,0.296814741,7000.0,11,0,2,0,3.0,0.10240162
0,0.595161995,72,0,0.543422499,5457.0,7,0,2,0,0.0,0.21860403
0,0.555217881,27,0,0.188022897,4541.0,5,0,0,0,0.0,0.40433502
0,0.0,43,0,0.494584236,6000.0,7,0,2,0,0.0,0.1486842
0,0.107084629,28,0,0.099528605,9333.0,11,0,0,0,0.0,0.13655674
1,0.429246744,60,3,1.50041632,1200.0,16,0,0,0,0.0,0.83566064
0,0.404649235,63,0,0.251187203,4000.0,5,0,1,0,0.0,0.15462533
0,0.024144806,37,0,0.280245934,10083.0,11,0,2,0,2.0,0.15461019
0,0.0,50,0,0.473670177,7500.0,7,0,2,0,0.0,0.13201712
0,0.112044398,42,0,0.274800812,6400.0,5,0,2,0,0.0,0.09242174
0,0.995334888,68,0,0.125437281,2000.0,3,0,0,0,0.0,0.29171363
0,0.597560163,58,0,0.333757637,11783.0,13,0,4,0,2.0,0.2209313
0,0.162734906,31,0,0.116941529,2000.0,2,0,0,0,0.0,0.15145764
0,0.9999999,32,0,0.306815642,4474.0,5,0,1,0,0.0,0.43094206
0,0.128587141,39,0,0.271587744,9333.0,7,0,2,0,2.0,0.13695231
0,0.985213017,60,0,0.569945625,4045.0,3,1,1,0,0.0,0.83884495
0,0.0,94,0,0.0,10000.0,2,0,0,0,1.0,0.03567108
0,0.06365166,42,0,0.254337603,12333.0,8,0,2,0,2.0,0.05201699
0,0.818020015,39,2,0.637759224,3712.0,8,0,0,0,0.0,0.7860056
0,0.157536985,26,0,0.319536093,5000.0,7,0,1,0,0.0,0.32701936
0,0.554791781,67,0,0.237529163,9000.0,10,0,2,0,1.0,0.22034462
0,0.729626588,60,0,0.602799067,3000.0,8,0,0,0,0.0,0.49848232
0,0.38584796,40,1,0.45229298,4600.0,6,0,1,0,3.0,0.49501038
0,0.05668835,49,0,0.279897608,12500.0,17,0,1,0,1.0,0.12025229
0,0.193533866,45,0,0.365136731,8300.0,16,0,2,0,4.0,0.22398707
0,0.000123892,34,0,0.089610513,10500.0,12,0,1,0,0.0,0.07954994
0,0.721471104,44,0,0.605498957,8146.0,10,0,3,0,1.0,0.5527707
0,0.47089257,51,2,0.446868467,11000.0,20,0,1,0,1.0,0.63172406
0,0.071890812,64,0,0.225649814,3500.0,13,0,2,0,1.0,0.1050085
0,0.9999999,33,0,0.116768862,3750.0,2,0,0,0,1.0,0.55432385
0,0.543902966,37,0,0.825834833,5000.0,11,0,1,0,0.0,0.6267151
0,0.267105609,61,0,0.347584541,12419.0,9,0,1,0,1.0,0.094474785
0,0.387609124,53,1,0.443466889,8410.0,15,0,1,0,1.0,0.44681907
0,0.881764742,71,0,0.116499337,5278.0,4,0,0,0,0.0,0.33833742
0,0.507804009,53,0,0.23888056,2000.0,10,0,0,0,0.0,0.5024819
0,0.9999999,33,0,0.355366492,4583.0,4,0,1,0,0.0,0.4608599
0,0.248168757,66,0,0.259263019,9850.0,16,0,1,0,2.0,0.2019937
0,0.257874213,47,0,0.130849666,17500.0,6,2,1,0,1.0,0.6755388
0,0.937242798,65,0,0.662911612,1153.0,6,0,1,0,0.0,0.29339394
1,0.9999999,29,0,0.011157601,716.0,1,0,0,0,0.0,0.66602343
0,0.11422333,60,0,0.319374191,8500.0,10,0,1,0,2.0,0.082946256
0,0.010979544,56,0,0.003237787,10500.0,10,0,0,0,0.0,0.08748132
0,0.033074379,55,0,0.296194721,5833.0,11,0,1,0,0.0,0.097312525
0,0.031912349,42,0,0.484383053,9700.0,12,0,2,0,1.0,0.1918147
0,0.500577666,45,0,0.129364713,6500.0,4,0,0,0,2.0,0.4253212
0,0.054569696,56,0,0.519437979,11600.0,5,0,2,0,0.0,0.07240378
1,0.101265823,36,0,0.227738377,2537.0,9,2,0,0,1.0,0.8753017
0,0.658273176,62,2,0.818980025,13666.0,10,0,4,0,0.0,0.7505218
0,0.649276381,51,0,0.530174979,8400.0,11,0,2,0,0.0,0.4281821
0,0.079688046,53,3,0.04892681,7500.0,13,0,0,0,3.0,0.4509891
1,0.9999999,45,0,0.332472007,1160.0,8,0,0,0,1.0,0.6396593
1,0.9999999,43,0,0.407647548,6014.0,2,5,1,1,1.0,0.9656094
0,0.097875662,82,0,0.006454462,77000.0,7,0,1,0,0.0,0.010530507
0,0.042803241,68,0,0.417203011,18333.0,14,0,3,0,1.0,0.1318885
0,0.318017825,59,0,0.481322225,3720.0,10,0,0,0,0.0,0.3080485
1,0.0,29,1,0.112221717,2200.0,5,0,0,0,0.0,0.48036426
0,0.007533166,64,0,0.002684564,3724.0,5,0,0,0,0.0,0.04637229
0,0.9999999,39,0,0.015954052,4700.0,0,0,0,0,3.0,0.7504555
0,0.546612954,47,0,0.203701734,9400.0,3,0,1,0,2.0,0.35924402
0,0.0,60,0,0.198892308,16249.0,13,0,3,0,0.0,0.07068599
0,0.404844945,60,0,0.895636172,3803.0,14,0,1,0,0.0,0.27651742
0,1.026994601,57,1,0.122183434,3150.0,4,0,0,0,1.0,0.88099474
0,0.861712762,50,1,0.293946555,5500.0,7,0,1,1,1.0,0.7962503
0,0.0,47,0,0.021962906,66156.0,10,0,1,0,4.0,0.1349605
0,0.094588218,49,0,0.185640521,4066.0,12,0,0,0,0.0,0.13688667
0,0.672288514,39,0,0.381061894,10000.0,5,0,1,0,0.0,0.32474357
0,0.212851996,42,0,0.411331345,5700.0,7,0,1,0,2.0,0.16956246
0,0.600856745,49,0,0.510513355,5278.0,8,0,1,0,0.0,0.41748193
0,0.047190562,25,0,0.003249188,4000.0,3,0,0,0,0.0,0.10162841
0,0.083554571,71,0,0.674512559,5692.0,24,0,2,0,0.0,0.14894776
0,0.971568854,45,0,0.719228077,10000.0,9,0,2,0,3.0,0.6925663
0,0.139096165,44,0,0.56035991,4000.0,12,0,1,0,1.0,0.21024038
0,0.159168166,31,0,0.581860108,1300.0,3,0,1,0,0.0,0.1745376
0,0.553089997,39,0,0.450824679,4910.0,9,0,1,0,2.0,0.49675417
0,0.0,30,1,0.351830532,4342.0,5,0,1,0,0.0,0.40761533
0,0.56737552,55,1,0.637038286,5928.0,21,0,2,0,2.0,0.6283318
0,0.152589827,49,0,0.320996866,6700.0,4,0,2,0,3.0,0.12012081
0,0.556867236,54,0,0.148136143,3084.0,4,0,0,0,0.0,0.3624562
0,0.0,47,1,0.311173255,7866.0,6,0,2,0,1.0,0.33828995
0,0.023391626,71,1,0.128251896,10416.0,8,0,2,0,1.0,0.13696675
0,0.0,30,0,0.541273922,3500.0,5,0,2,0,2.0,0.29538253
0,0.9999999,64,0,0.144152047,3419.0,2,0,0,0,0.0,0.29549456
1,0.9999999,36,0,0.009327115,1500.0,0,4,0,0,0.0,0.9521568
0,0.489434249,43,0,0.230681331,7000.0,14,0,0,0,1.0,0.34949994
0,0.836594772,28,0,263.0,1.0,5,0,0,0,1.0,0.37320203
0,0.010231463,63,0,0.187273409,7998.0,13,0,2,0,1.0,0.07280919
0,0.103701958,55,0,0.175854943,15000.0,6,0,1,0,3.0,0.03654394
1,0.817204301,36,2,0.276831976,1350.0,9,0,0,0,1.0,0.85528517
0,0.9999999,38,0,0.110878973,6700.0,3,0,0,0,3.0,0.45466
0,0.219258756,61,0,1.028039107,5420.0,11,0,2,0,2.0,0.23754756
0,0.800613809,48,1,0.308885133,13606.0,13,0,2,0,0.0,0.53441143
0,0.766239483,51,0,0.567484001,13906.0,35,0,2,0,4.0,0.39366826
0,0.429767204,47,0,0.344272904,10816.0,13,0,2,0,0.0,0.27706426
0,0.025803113,47,0,0.456142537,8025.0,14,0,2,0,0.0,0.15082403
0,0.005487136,46,0,0.026338148,9415.0,6,0,0,0,0.0,0.13918397
0,0.693329681,42,2,0.257731959,2230.0,7,0,0,0,0.0,0.72515154
0,0.059810631,71,0,0.013899049,4100.0,5,0,0,0,0.0,0.023043925
0,0.049481332,63,0,0.34652009,12916.0,8,0,2,0,0.0,0.086643316
0,0.153504582,70,0,0.312609075,4583.0,22,0,1,0,2.0,0.07576365
0,0.065953698,32,0,0.308569143,10000.0,7,0,2,0,2.0,0.14300682
1,0.65435641,45,1,0.548854605,6416.0,17,0,1,1,1.0,0.8283798
0,0.068688801,55,0,0.414475114,4600.0,15,0,1,0,3.0,0.22128841
0,0.463458245,47,0,0.281437496,16166.0,15,0,4,0,0.0,0.38941905
0,0.684299006,71,0,0.591900702,7975.0,8,0,2,1,1.0,0.7147135
0,0.265379766,48,0,0.398561778,4588.0,11,0,1,0,1.0,0.2327609
0,0.595977078,64,0,0.503367003,2375.0,8,0,1,0,1.0,0.23429395
0,0.934043971,36,0,0.048775105,4530.0,4,0,0,0,2.0,0.5780115
0,0.009699515,75,0,0.248172757,3009.0,3,0,1,0,0.0,0.043856904
0,0.022485072,78,0,0.318692543,3915.0,11,0,1,0,0.0,0.07158336
0,0.793020698,54,0,0.458834858,2076.0,4,0,1,0,0.0,0.4015051
1,0.342368389,47,2,0.427276988,6400.0,9,2,2,0,0.0,0.9315395
0,0.666688887,50,0,0.750874854,6000.0,5,0,2,0,0.0,0.5110071
0,1.004416299,42,0,0.283397394,10666.0,6,0,2,0,3.0,0.36770147
0,0.437974973,68,0,0.054510831,4200.0,3,0,0,0,0.0,0.13851917
0,0.197160568,36,0,0.233827335,4250.0,2,0,1,0,0.0,0.10558796
0,0.306836896,44,0,2240.0,0.0,12,0,2,0,0.0,0.20944236
0,0.03304371,69,0,0.016660356,2640.0,4,0,0,0,0.0,0.033411644
0,470.0,60,0,0.001749344,8002.0,5,0,0,0,0.0,0.3759474
0,0.001287654,46,0,0.379484305,5351.0,12,0,1,0,2.0,0.06740739
1,0.721447418,53,0,0.354822335,11819.0,10,0,2,0,0.0,0.3618116
0,0.361682297,41,0,0.19675058,5600.0,9,0,0,0,2.0,0.2702733
0,0.012872877,49,0,0.000734682,20416.0,4,0,0,0,0.0,0.07043633
0,0.085152475,25,0,1005.0,0.0,5,0,0,0,0.0,0.032879826
0,0.087245638,42,0,1868.0,0.0,5,0,1,0,3.0,0.060779434
1,0.98296837,64,3,0.976804639,5000.0,15,0,1,0,0.0,0.89321154
0,0.070846458,38,0,0.634360335,4900.0,6,0,1,0,2.0,0.20285693
1,0.9999999,22,98,0.0,800.0,0,98,0,98,0.0,0.8674574
0,0.503660421,51,0,0.346370889,15416.0,22,0,3,0,2.0,0.4839521
0,0.227967036,58,0,0.099858357,1411.0,11,0,0,0,0.0,0.2881404
0,0.030391772,56,0,0.125,8303.0,2,0,1,0,1.0,0.04730948
0,0.150526395,67,0,0.375114225,6565.0,17,0,2,0,1.0,0.17082559
0,0.004499944,50,0,0.001538225,6500.0,5,0,0,0,0.0,0.047162637
0,1.644518272,40,0,0.002153515,6500.0,1,0,0,0,5.0,0.7493653
0,0.297076954,56,0,0.349332126,8833.0,9,0,1,0,2.0,0.17655185
0,0.411974199,65,0,0.355604036,11000.0,14,0,2,0,0.0,0.25576854
0,0.971792188,52,0,0.76123817,5071.0,15,0,1,0,1.0,0.7975084
0,0.528071063,49,0,0.576242376,10000.0,6,0,3,0,4.0,0.35189828
0,0.103777152,67,0,1.206092337,2100.0,8,0,2,0,0.0,0.14096163
0,0.004674577,42,0,0.322382517,7000.0,7,0,1,0,0.0,0.09663835
0,0.017660995,48,0,0.320139988,12000.0,5,0,1,0,0.0,0.06324068
0,0.213391408,64,0,0.448906965,5900.0,12,0,1,0,0.0,0.12824135
0,0.650017453,63,0,0.603816707,8750.0,17,0,2,0,1.0,0.4642142
0,0.002556199,58,0,0.115826132,7752.0,17,0,0,0,2.0,0.107998244
0,0.229411945,38,0,0.311465976,6950.0,11,0,1,0,0.0,0.21128178
0,0.282346679,44,0,0.301960341,17700.0,6,0,2,0,2.0,0.10875573
0,0.732816796,34,2,0.029763941,2922.0,4,0,0,0,0.0,0.7895584
0,0.9999999,43,0,0.0,6200.0,0,0,0,0,0.0,0.6832457
0,0.9999999,26,0,640.0,0.0,3,1,0,0,0.0,0.31770107
0,0.9999999,37,0,0.338658147,2190.0,3,0,2,0,2.0,0.48012748
0,0.880201277,50,0,0.538402848,3931.0,10,0,0,0,1.0,0.65075696
0,0.03473015,62,0,0.304428447,9167.0,28,0,2,0,0.0,0.07459291
1,0.9999999,62,0,0.370758123,2769.0,4,0,0,0,0.0,0.52446187
1,0.26204215,57,1,0.385427666,10416.0,16,0,1,0,2.0,0.39971083
0,0.00579971,67,0,0.141737374,12374.0,4,0,1,0,1.0,0.022660185
0,0.948601781,48,0,0.219824141,1250.0,3,0,0,0,2.0,0.5999795
0,0.078650821,59,0,0.138572906,2900.0,6,0,0,0,1.0,0.18596554
0,0.027979972,61,0,0.010873641,8000.0,7,0,1,0,0.0,0.06064494
0,0.9999999,32,0,0.0,1.0,4,0,0,0,0.0,0.42604345
0,0.001333289,43,1,0.411329137,2700.0,8,0,1,1,2.0,0.6647756
0,0.10416531,43,0,0.284813962,8250.0,7,0,2,0,2.0,0.097661555
0,0.094190581,33,0,0.247735083,3200.0,9,0,0,0,0.0,0.23519626
0,0.239655193,42,1,0.413862046,3000.0,20,0,0,0,0.0,0.6057309
1,0.231916262,37,0,0.44027986,2000.0,9,0,0,0,0.0,0.3787527
0,0.078019227,50,0,0.207670795,12514.0,8,0,2,0,2.0,0.062290095
0,0.050266782,55,0,0.112813281,15600.0,21,0,1,0,2.0,0.09724885
0,0.838702511,64,0,0.467207995,1600.0,7,0,0,0,0.0,0.42500374
0,0.9999999,38,0,1220.0,0.0,4,0,1,0,2.0,0.34393558
0,0.711594127,45,1,0.296058269,2333.0,11,0,0,0,0.0,0.75982094
0,0.022579188,73,0,0.004868154,2464.0,5,0,0,0,0.0,0.02581407
0,0.360575274,79,1,0.398769336,11700.0,14,0,1,0,0.0,0.47724837
0,0.576329627,43,0,0.158526135,3500.0,3,0,0,0,1.0,0.3550114
0,0.049202056,68,0,0.27562073,6000.0,18,0,3,0,0.0,0.13809873
1,1.223880597,45,1,0.17994002,3000.0,4,3,0,0,2.0,0.9662687
0,0.060183391,53,0,0.089756834,25167.0,6,0,2,0,1.0,0.07221254
0,0.450373645,51,1,0.060305659,2420.0,8,0,0,0,0.0,0.6101467
0,0.017799676,46,0,0.394857485,5016.0,10,0,1,0,1.0,0.13404922
0,0.21955042,54,0,0.315983758,5417.0,20,0,2,0,1.0,0.15821368
0,0.10568409,27,1,0.116127116,3366.0,2,0,0,0,0.0,0.39156082
0,0.461592125,43,0,0.574137931,1739.0,5,0,1,0,3.0,0.30211353
0,0.05645204,44,0,0.006500102,4922.0,1,0,0,0,2.0,0.12129771
0,0.690629411,50,0,0.664094019,5700.0,19,0,2,0,0.0,0.6638105
0,0.873711737,54,0,0.208816178,4400.0,5,0,0,0,2.0,0.53489643
0,0.093138998,45,1,0.687090066,6250.0,6,0,2,1,1.0,0.7664108
0,0.813296676,39,1,0.213514594,2500.0,4,0,0,0,2.0,0.70004517
0,0.81119138,45,4,0.158851537,6930.0,7,0,0,0,2.0,0.8360055
0,1.268977585,37,1,0.605445316,6500.0,8,0,1,0,1.0,0.85527045
0,0.3540025,67,0,0.228385807,2000.0,5,0,0,0,0.0,0.22654474
0,0.890862674,34,1,0.209546233,4671.0,5,0,0,0,4.0,0.7903922
0,0.088229254,57,0,0.210419055,7850.0,14,0,1,0,0.0,0.12564786
0,0.770718451,29,0,0.223743648,7083.0,3,0,0,0,0.0,0.37356865
0,0.9999999,51,0,0.683038063,5700.0,8,0,2,0,1.0,0.5528676
0,0.02657778,66,0,0.190927996,7693.0,12,0,1,0,0.0,0.05769176
0,0.080501318,58,0,0.287745787,5695.0,11,0,1,0,2.0,0.08553863
0,0.756769729,38,0,0.693017533,3250.0,5,0,1,0,1.0,0.47206694
0,0.106522895,39,1,0.200943924,12500.0,9,0,1,0,2.0,0.22371253
0,0.095956925,43,0,0.052987123,4736.0,4,0,0,0,3.0,0.12848166
0,0.061686215,57,0,0.292212654,5341.0,9,0,1,0,1.0,0.09570271
0,0.013822017,50,0,0.237520852,7792.0,13,0,1,0,0.0,0.07873316
0,0.152415005,38,0,0.390374332,4113.0,4,0,1,0,0.0,0.14721136
0,0.047807247,59,0,1.481407437,2500.0,6,0,3,0,0.0,0.38704053
0,0.794239842,62,0,0.401504074,4786.0,11,0,1,0,1.0,0.48336643
0,0.03124132,50,0,0.305102516,8583.0,15,0,1,0,0.0,0.12587565
0,0.071040187,71,0,0.438033743,4800.0,11,0,2,0,0.0,0.16905351
0,0.9999999,31,0,0.0,1000.0,0,1,0,0,1.0,0.9183159
0,0.658299428,57,0,0.382962492,7864.0,9,0,1,0,0.0,0.3351348
0,0.954687319,63,0,0.264019254,4154.0,8,0,0,0,0.0,0.4544819
0,0.116866353,62,0,0.515269695,16666.0,16,0,4,0,1.0,0.27545533
1,0.9999999,33,0,0.040856622,6583.0,9,1,0,0,2.0,0.83795935
1,0.943343273,52,0,0.264789408,25000.0,7,0,0,1,3.0,0.82682985
0,0.251165889,33,0,0.016112444,2916.0,4,0,0,0,0.0,0.21378821
0,0.316706906,50,0,0.46652144,8721.0,9,0,2,0,1.0,0.2415886
0,0.9999999,45,1,0.369753498,1500.0,2,0,0,0,1.0,0.78664505
0,0.143034279,39,0,0.017997,6000.0,1,1,0,0,0.0,0.65008044
0,0.0174626,69,0,0.391200677,13000.0,29,0,2,0,0.0,0.13558516
0,0.018990388,68,0,0.069326731,10500.0,18,0,1,0,0.0,0.055086505
0,0.001669435,56,0,0.001666111,3000.0,9,0,0,0,0.0,0.10566209
0,0.216230164,66,0,0.344889689,2220.0,4,0,1,0,1.0,0.13249266
0,0.085476603,47,0,0.18295698,6066.0,5,0,2,0,1.0,0.103840515
0,0.1000439,37,0,0.42450914,2953.0,6,0,0,0,0.0,0.15086368
0,0.026494923,39,0,2.453183521,800.0,8,0,2,0,2.0,0.16090587
0,0.32938915,43,0,0.732544996,11500.0,13,0,3,0,2.0,0.4959755
0,0.0,41,0,0.063005432,8284.0,5,0,0,0,0.0,0.06389076
0,0.566539055,28,0,0.580916031,1309.0,6,0,0,0,0.0,0.5538237
0,0.761768902,29,0,0.149712572,4000.0,3,0,0,0,2.0,0.4837752
0,0.9999999,47,0,0.022695035,7049.0,1,0,0,0,0.0,0.63370353
0,0.897605285,66,2,0.304237595,2760.0,6,0,0,0,1.0,0.8118175
1,0.995001136,37,0,0.321441843,2690.0,18,0,0,0,2.0,0.82408804
0,0.053998036,44,0,0.006566184,6700.0,3,0,0,0,3.0,0.12506323
0,0.0,54,1,0.19737637,11586.0,11,0,1,0,3.0,0.21892978
0,0.938209905,34,0,0.401414949,3250.0,7,1,1,0,0.0,0.852533
0,0.05330991,65,0,0.384653465,4039.0,15,0,2,0,0.0,0.1690013
0,0.141720379,53,0,0.240518549,7250.0,7,0,1,0,2.0,0.11898608
0,0.079666759,45,0,0.127822319,57000.0,22,0,1,0,1.0,0.14594676
0,0.133830147,55,0,0.219450721,11505.0,16,0,2,0,1.0,0.14062296
0,0.894407208,38,0,0.316166761,5300.0,7,0,0,0,2.0,0.5787516
0,0.603311567,61,0,0.361983471,4234.0,14,0,1,0,0.0,0.4375568
0,0.131735247,50,1,0.539699122,4785.0,17,0,1,0,0.0,0.46020806
0,0.059460829,63,0,0.404711465,11800.0,11,0,4,0,1.0,0.18711944
0,0.000349991,49,0,0.408655791,7416.0,15,0,2,0,0.0,0.14967032
0,0.002739651,71,0,0.249628315,20850.0,5,0,1,0,3.0,0.0166595
0,0.958146705,50,0,0.568652437,9416.0,10,0,1,0,0.0,0.6210673
0,0.9999999,45,0,2.096814491,1600.0,2,0,1,0,0.0,0.54372525
0,0.22727136,53,0,0.380847953,5471.0,9,0,1,0,0.0,0.1843377
0,0.45508982,23,0,0.04636291,1250.0,3,0,0,0,0.0,0.4122341
0,0.095352372,30,0,0.281279222,5346.0,5,0,1,0,0.0,0.0680629
0,0.19067159,65,0,0.887818697,5294.0,27,0,3,0,1.0,0.26766807
0,0.034413879,52,0,0.18241892,11500.0,11,0,1,0,4.0,0.117770635
0,0.054602112,80,0,0.377225067,4100.0,6,0,2,0,1.0,0.050484184
0,0.528628109,66,0,0.146157774,7833.0,6,0,0,0,0.0,0.22366408
1,0.0,71,1,0.028630032,11700.0,6,0,1,0,0.0,0.19661614
0,0.79374283,73,0,2.347356289,6940.0,8,1,2,0,1.0,0.758529
0,0.407800535,49,0,0.558088382,5000.0,9,0,1,0,2.0,0.40904945
0,0.30368888,68,0,0.397509317,11000.0,16,0,2,0,0.0,0.21529725
0,0.029032296,65,0,0.019865841,3875.0,13,0,0,0,0.0,0.067407444
0,0.021159577,36,0,0.120536989,3500.0,5,0,0,0,0.0,0.060093854
0,0.049194392,53,1,0.597400433,6000.0,15,0,2,0,0.0,0.46687946
0,0.306022462,46,0,0.950719688,4098.0,12,0,2,0,1.0,0.44091707
0,0.0,68,0,1303.0,0.0,10,0,1,0,0.0,0.049775984
0,0.06129654,50,0,0.232577869,8250.0,8,0,2,0,0.0,0.09025212
0,0.9999999,28,0,0.193903048,2000.0,2,0,0,1,0.0,0.8165595
0,0.094141635,55,0,0.236409608,9491.0,11,0,1,0,3.0,0.0947498
0,0.067464418,40,0,0.200295483,4737.0,2,0,1,0,2.0,0.09976029
0,0.311740379,54,0,0.404745854,7416.0,23,0,2,0,0.0,0.19776404
0,0.190124208,79,0,3.536872219,6291.0,11,0,2,0,0.0,0.17036875
0,0.664223851,45,1,0.299457995,4427.0,6,0,0,0,3.0,0.6544853
0,0.989661601,50,0,0.521895621,5000.0,10,0,2,0,0.0,0.63685393
0,0.038337914,49,0,0.342582177,8000.0,12,0,1,0,0.0,0.101417586
0,0.03157211,39,0,0.644706486,3900.0,14,0,1,0,1.0,0.15251108
0,0.010203943,93,0,0.00617804,3560.0,7,0,0,0,0.0,0.07648289
0,0.9999999,21,0,0.0,929.0,1,0,0,0,0.0,0.14355002
0,0.109061819,40,0,0.413053196,2236.0,10,0,1,0,1.0,0.21024151
0,0.058894111,77,0,0.005097451,3334.0,3,0,0,0,0.0,0.028478218
0,0.9999999,42,1,0.0,3333.0,1,0,0,0,2.0,0.68022424
0,1.009488309,36,1,0.466597618,1930.0,4,0,0,0,0.0,0.8507226
0,0.16388759,31,0,0.040682415,2285.0,3,0,0,0,1.0,0.25422332
0,0.055897243,44,0,0.020997375,2285.0,5,0,0,0,0.0,0.08960421
0,0.013781568,67,0,0.00439912,5000.0,9,0,0,0,0.0,0.058782402
0,0.117051994,46,0,0.31154307,7510.0,12,0,1,0,5.0,0.19798508
0,0.174728159,33,1,0.375939065,9583.0,13,0,2,0,2.0,0.5064728
0,0.9999999,65,0,0.165706974,3125.0,5,0,1,0,0.0,0.2314836
1,0.172725871,64,0,0.258537412,11800.0,18,0,1,0,0.0,0.13398921
0,0.017896069,66,1,0.007017544,5414.0,7,0,0,0,0.0,0.18853018
0,0.31761365,49,0,0.542062911,4100.0,7,0,2,0,0.0,0.30941015
0,0.273926141,50,0,1.011998829,3416.0,20,0,1,0,3.0,0.24234518
0,0.9999999,53,0,0.118982967,4050.0,1,0,0,0,5.0,0.746815
0,0.9999999,63,0,0.620590353,4166.0,8,0,2,0,1.0,0.3688476
0,0.019529497,66,0,0.191518943,8630.0,14,0,1,0,1.0,0.09744595
0,0.129974005,55,0,0.258988624,12042.0,8,0,1,0,1.0,0.05381284
0,0.188074406,89,0,0.131373725,5000.0,5,0,1,0,0.0,0.04579667
0,0.139986001,75,1,0.117432251,5202.0,6,0,0,0,0.0,0.32244673
0,0.011010295,80,0,0.00419916,3333.0,7,0,0,0,0.0,0.061164346
0,0.08946059,50,0,0.472332689,8800.0,11,0,2,0,2.0,0.1532329
0,0.9999999,54,0,0.080814027,23782.0,6,0,1,0,3.0,0.29687738
0,0.125874126,23,0,0.000760264,3945.0,1,0,0,0,0.0,0.13956733
0,0.138215446,65,0,0.20127317,5340.0,5,0,1,0,0.0,0.06362728
0,0.007293689,45,0,0.403781864,9571.0,7,0,2,0,3.0,0.05486591
0,0.022366071,66,0,0.004285306,10500.0,10,0,0,0,0.0,0.03953043
0,0.9999999,39,2,0.357351104,2400.0,5,0,0,2,1.0,0.91489
1,0.972575346,31,1,0.338019369,3200.0,4,0,0,0,1.0,0.7671847
0,0.086996244,58,1,0.006096074,4100.0,3,0,0,0,0.0,0.34375164
0,0.01899905,47,0,0.249005483,9300.0,4,0,2,0,2.0,0.058839176
0,0.971503601,40,1,0.414267016,4583.0,13,0,0,0,2.0,0.8236401
1,0.9999999,24,1,0.148243359,3500.0,2,1,0,0,0.0,0.80928046
0,0.158857768,39,0,0.401558594,6800.0,8,0,1,0,2.0,0.15026627
0,0.653205151,54,1,0.257359748,5400.0,7,0,1,0,1.0,0.5305053
0,0.73271756,66,3,0.519458734,8941.0,11,1,3,0,0.0,0.88720053
0,0.160968363,38,0,0.392660734,10000.0,20,0,2,0,1.0,0.37309957
0,0.140151599,47,0,0.566086783,5000.0,10,0,2,0,2.0,0.30390456
0,0.0,59,0,0.218854341,19167.0,13,0,2,0,0.0,0.06266685
0,0.207665871,68,0,0.313642565,7329.0,16,0,1,0,0.0,0.13224036
0,0.955989453,31,2,0.557776889,2500.0,16,3,0,0,1.0,0.95365775
0,0.142479275,58,0,0.257018393,6197.0,14,0,2,0,0.0,0.1480116
0,0.465466694,45,0,0.15959253,5300.0,3,0,0,0,0.0,0.34270936
0,0.431637754,23,0,0.01708383,2516.0,4,0,0,0,0.0,0.38043532
1,0.9999999,30,0,0.0,2120.0,0,0,0,0,2.0,0.7861053
0,0.028534845,45,0,0.25109956,2500.0,10,0,1,0,1.0,0.12187652
0,0.200199263,51,0,0.532322013,5800.0,18,0,1,0,2.0,0.2548407
0,0.018974471,63,0,0.336317517,3350.0,14,0,1,0,0.0,0.1486176
0,0.166845539,36,0,0.294596595,1350.0,8,0,0,0,2.0,0.23564686
1,0.036942263,43,0,0.719173799,55966.0,41,0,29,0,0.0,0.8629337
0,0.365533691,51,0,0.453910402,6584.0,10,0,1,0,0.0,0.25455615
0,0.037927668,40,1,0.00469953,10000.0,3,0,0,0,3.0,0.27438176
0,0.356773753,42,0,0.435941874,7500.0,14,0,3,0,2.0,0.40288487
0,0.00478687,52,0,0.183003597,2223.0,7,0,0,0,1.0,0.14825508
0,0.651112407,51,0,0.266199399,6990.0,6,0,1,0,2.0,0.23730907
0,0.264961035,49,0,0.010382619,5200.0,2,0,0,0,2.0,0.2004126
0,0.476229434,39,0,0.198309777,6862.0,5,0,1,0,2.0,0.19638318
0,0.002026721,62,0,0.222793488,2333.0,10,0,1,0,1.0,0.15684631
0,0.054163431,58,0,0.416461382,6900.0,10,0,2,0,1.0,0.0897737
0,0.022201244,59,0,0.062253743,3806.0,14,0,0,0,0.0,0.14276631
0,0.005499725,37,0,0.053848934,8300.0,4,0,1,0,1.0,0.038462974
0,0.387879071,66,0,0.694061188,5000.0,12,0,2,0,0.0,0.28428796
0,0.304366231,56,0,0.321828136,4200.0,17,1,0,0,0.0,0.7921885
0,0.749345681,66,0,0.432517758,3800.0,7,0,2,0,0.0,0.25888094
0,0.355413217,42,1,0.356447803,10584.0,13,0,2,0,2.0,0.41018632
0,0.364401483,29,0,0.063932273,6850.0,10,0,0,0,0.0,0.16126354
0,0.020064469,32,0,1.582376897,2700.0,12,0,3,0,0.0,0.5976281
0,0.922384648,64,0,0.267568362,3400.0,2,0,0,0,0.0,0.32392496
0,0.246802573,41,2,0.106578684,5000.0,9,0,0,0,5.0,0.62474656
0,0.07139881,53,0,0.442005993,11345.0,20,0,1,0,0.0,0.3102896
0,0.147126719,52,0,0.250294811,6783.0,10,0,2,0,1.0,0.10248902
0,0.001450271,65,0,0.192450616,5112.0,5,0,1,0,0.0,0.024019267
0,0.0,42,0,0.355264932,7416.0,12,0,2,0,2.0,0.1881965
0,0.357020812,57,0,0.302048057,6200.0,14,0,1,0,0.0,0.22404249
0,0.066798516,47,1,0.31572369,12000.0,14,0,2,0,1.0,0.39971006
0,0.925591362,49,0,0.852429514,3333.0,12,0,1,0,0.0,0.652181
0,0.737271254,57,0,0.53921181,7586.0,19,0,3,0,1.0,0.49204132
0,0.099889012,47,0,0.056471764,2000.0,3,0,0,0,3.0,0.20044306
0,0.021162463,81,0,0.218960864,2963.0,20,0,0,0,0.0,0.11436706
0,0.080299304,41,0,0.69421358,6376.0,10,0,2,0,2.0,0.25776076
0,0.461107778,54,0,0.304543674,5105.0,8,0,1,0,0.0,0.17057097
0,0.215802673,60,0,0.351571874,8333.0,8,0,1,0,1.0,0.10030588
0,0.0,41,0,2451.0,0.0,4,0,1,0,2.0,0.0837403
0,0.002867389,89,0,0.001850139,4323.0,5,0,0,0,0.0,0.029584507
0,0.705920408,50,0,0.582908322,8038.0,22,0,1,0,2.0,0.61413205
0,0.345324193,34,0,0.377416344,7500.0,9,0,1,0,2.0,0.30536592
0,0.021812227,62,0,0.007284674,7000.0,7,0,0,0,0.0,0.10327309
0,0.162250654,57,3,0.225027775,9900.0,13,0,1,0,3.0,0.5522515
0,0.741739078,66,0,0.514434587,7100.0,16,0,1,0,0.0,0.40503293
0,0.286892429,30,0,0.387543253,2600.0,10,0,0,0,0.0,0.2995499
0,0.019396121,31,0,0.538645181,3350.0,6,0,2,0,0.0,0.16064535
0,0.23459476,54,0,0.278879813,4284.0,8,0,1,0,1.0,0.1587965
0,0.001807807,58,0,0.059521042,4300.0,7,0,0,0,0.0,0.093701385
0,0.001688686,62,0,0.431268749,5666.0,6,0,1,0,1.0,0.053765524
0,0.878081279,34,0,0.079944866,1450.0,6,0,0,0,0.0,0.5935101
0,0.019158776,56,0,0.005271769,5500.0,7,0,0,0,0.0,0.11175224
0,0.470337288,30,0,0.142555438,2840.0,4,0,0,0,1.0,0.30072033
0,0.012326824,62,0,0.001075153,9300.0,9,0,0,0,1.0,0.08373588
0,0.895192949,44,3,0.25810443,4040.0,7,0,0,0,0.0,0.80077374
0,0.386373004,62,1,0.288152712,9900.0,11,0,1,0,0.0,0.34444347
0,0.035964036,21,0,1.0,0.0,1,0,0,0,0.0,0.022334708
0,0.200266578,28,0,0.704575163,764.0,6,0,0,1,0.0,0.32132474
0,0.022563232,57,0,0.009373828,8000.0,9,0,0,0,0.0,0.111038655
0,0.224071935,50,0,0.31299639,2769.0,9,0,1,0,0.0,0.21973038
0,0.297961279,27,0,0.364727055,5000.0,22,0,0,0,0.0,0.40486407
0,0.002256381,63,0,0.00059997,6666.0,9,0,0,0,0.0,0.05024474
0,0.031393579,62,0,1663.0,1.0,12,0,3,0,0.0,0.09077824
0,0.0,59,0,0.10172144,3833.0,4,0,0,0,0.0,0.13822679
1,0.9999999,58,98,0.073789393,1300.0,0,98,0,98,2.0,0.98092103
0,0.394956675,48,0,0.555869393,8850.0,15,0,1,0,2.0,0.3823363
0,0.491402789,44,0,0.471579176,9200.0,9,0,2,0,4.0,0.30778894
1,1.409638554,38,1,0.518714012,4167.0,6,7,2,3,4.0,0.9856652
0,0.338283689,50,2,0.209872894,3382.0,8,0,1,1,3.0,0.6962801
0,0.780035478,46,0,0.098165472,8230.0,7,0,0,0,5.0,0.44158712
0,0.053222777,65,0,0.00707623,6217.0,6,0,0,0,0.0,0.07879442
0,0.9999999,39,0,0.218679198,11916.0,1,0,1,0,4.0,0.4304878
0,0.712365293,30,0,0.414560162,3955.0,8,0,1,0,0.0,0.42854166
0,0.051924878,56,0,0.366789014,7900.0,13,0,2,0,1.0,0.12522079
0,0.611902381,44,0,0.522134351,11000.0,8,0,1,0,1.0,0.295591
0,0.343911471,80,0,0.309393212,5833.0,10,0,1,0,0.0,0.2230068
0,0.910193878,64,0,0.23560599,10750.0,14,0,0,0,1.0,0.38889188
0,0.021544561,44,0,0.006853583,3209.0,4,0,0,0,0.0,0.065604806
0,0.008835709,74,1,0.545342922,5700.0,17,0,2,0,1.0,0.27188134
0,0.058172337,57,0,0.192550466,16000.0,15,0,1,0,0.0,0.09359199
0,0.076689252,45,0,0.206583603,6500.0,7,0,1,0,0.0,0.103656836
0,0.05494006,27,0,0.43218927,3000.0,9,0,2,0,0.0,0.48273262
0,0.004232819,60,2,0.184817932,12000.0,12,0,5,0,0.0,0.24750243
0,0.612774451,28,0,81.0,0.0,1,0,0,0,0.0,0.28322077
0,0.144737588,46,1,0.086349061,13097.0,8,0,0,0,5.0,0.24163218
1,0.206332194,86,1,0.200275767,2900.0,15,0,0,0,0.0,0.6579623
0,0.033109836,57,0,0.303097938,11200.0,8,0,2,0,2.0,0.0605897
0,0.012327465,53,0,0.391843263,2500.0,8,0,1,0,1.0,0.19295336
1,0.922505535,45,0,0.501614046,12700.0,11,0,4,0,1.0,0.5617207
0,0.292509357,44,0,1.343385214,3083.0,12,0,2,0,0.0,0.3916475
0,0.0,52,1,0.044524371,8062.0,7,0,0,0,1.0,0.4943202
0,0.119044048,58,0,0.714205186,8869.0,12,0,2,0,2.0,0.19413382
0,0.583754781,45,0,0.36580285,12000.0,17,0,1,0,3.0,0.42946532
0,0.790524578,49,0,0.572528302,6624.0,9,0,1,0,2.0,0.56519264
0,0.626991565,63,5,0.520762842,3250.0,11,0,1,0,0.0,0.8331327
0,0.018549073,66,0,0.201632759,7716.0,4,0,1,0,1.0,0.03864015
0,0.0,30,1,291.0,1.0,3,0,0,0,0.0,0.13027997
0,0.207912699,59,0,0.036396942,12555.0,7,0,0,0,1.0,0.14901395
0,0.071766686,89,0,0.021118311,8333.0,10,0,0,0,1.0,0.19520207
1,0.578931421,91,0,0.297576194,4166.0,4,4,0,1,1.0,0.9147483
0,0.18058995,40,1,0.27934723,14583.0,5,0,1,0,0.0,0.38478363
0,0.033510811,39,2,0.116437976,18000.0,16,0,1,0,1.0,0.345409
0,0.9999999,37,0,0.94213198,984.0,3,0,0,0,2.0,0.58772486
0,0.227048704,60,0,0.149793776,5333.0,9,0,0,0,0.0,0.17118284
0,0.055447694,43,0,0.442441355,9207.0,5,0,2,0,2.0,0.13802065
0,0.014350743,45,1,0.638292123,7400.0,12,0,2,0,0.0,0.35193285
0,0.018845429,70,0,0.220284754,6250.0,3,0,2,0,0.0,0.02943445
0,0.013268179,47,0,0.364820847,3683.0,12,0,2,0,0.0,0.17175929
0,0.163778336,35,0,0.104429852,30000.0,9,0,2,0,2.0,0.17924315
0,0.984040981,69,1,0.376235348,4350.0,7,1,0,0,1.0,0.8389682
0,0.737043826,53,0,0.022853878,7000.0,2,0,0,0,1.0,0.50566995
0,0.536370903,76,0,0.45324768,1400.0,10,0,1,0,0.0,0.2770887
0,0.0,46,0,0.15445494,7833.0,10,0,1,0,1.0,0.13241965
0,0.9999999,35,0,0.250999862,7250.0,5,0,1,0,0.0,0.3971207
0,1.099800399,34,1,0.206357344,3900.0,4,1,0,0,1.0,0.93341434
1,0.9999999,45,1,0.102811434,8500.0,2,1,0,0,4.0,0.8892725
0,0.0,23,0,0.0,820.0,1,0,0,0,0.0,0.091197334
0,1.030993801,58,0,0.337220926,3000.0,3,1,2,0,1.0,0.883808
0,0.9999999,33,0,0.100599908,6500.0,1,6,0,1,1.0,0.92877924
0,0.88384755,44,2,0.234001648,3640.0,7,1,0,0,3.0,0.91698337
0,0.176436406,49,0,0.658097686,3500.0,7,0,1,0,0.0,0.17093107
0,0.0,22,0,0.0,75.0,1,0,0,0,0.0,0.104485795
0,0.034640104,58,1,0.122219506,4090.0,6,0,1,0,0.0,0.32646942
0,0.0,49,0,0.185226847,5333.0,12,0,0,0,2.0,0.0973183
0,0.9999999,23,0,0.0,820.0,1,0,0,0,0.0,0.33897626
0,0.026339299,77,0,0.337828412,4300.0,8,0,1,0,0.0,0.048201375
0,0.975610946,35,0,0.436563226,9473.0,9,0,1,0,4.0,0.6533779
0,0.0,68,0,0.196992826,13101.0,7,0,2,0,0.0,0.053587593
0,0.402112561,54,0,1.116801999,3201.0,9,1,2,0,0.0,0.8070908
0,0.732490393,34,0,0.222066304,5700.0,7,0,0,0,0.0,0.3980884
0,0.178321644,56,0,1.201859628,3333.0,30,0,2,0,0.0,0.2753458
0,0.763283712,55,2,0.303051198,5800.0,11,1,2,1,0.0,0.911654
0,0.921797005,56,0,0.590704648,1333.0,3,0,0,0,1.0,0.50558937
0,0.030726714,45,0,0.357866963,7200.0,9,0,3,0,0.0,0.1790001
1,0.0499002,31,0,0.051212271,4041.0,3,2,0,1,4.0,0.96180075
0,0.785131837,59,0,0.824234774,3168.0,8,0,1,0,0.0,0.41137397
1,0.724910036,49,0,0.285047767,4500.0,8,0,1,0,0.0,0.38295612
0,0.0,42,1,0.442820658,7047.0,12,0,3,0,2.0,0.3956033
0,0.925893845,31,0,0.516296741,5000.0,14,0,1,0,0.0,0.72001946
0,0.367511622,32,0,0.04419558,10000.0,4,0,0,0,0.0,0.2515828
0,0.075042146,54,1,0.905097525,6100.0,17,1,3,0,1.0,0.8842421
0,0.113449389,36,0,0.723480334,2516.0,6,0,2,0,3.0,0.18987541
0,0.015160679,56,3,0.112375043,2900.0,8,2,0,0,0.0,0.9579863
0,0.387766386,54,0,0.594931992,5366.0,10,0,1,0,1.0,0.2572911
0,0.04405331,53,0,0.491358377,7000.0,13,0,2,0,1.0,0.15701883
0,0.750240723,57,0,1.105648229,3416.0,5,0,2,0,1.0,0.47721502
0,0.659983582,51,1,0.164307004,10735.0,6,0,0,0,3.0,0.36019206
0,0.035585389,59,0,0.450601805,3987.0,3,0,1,0,0.0,0.060857788
1,0.9999999,39,1,0.783777298,4166.0,4,0,1,0,0.0,0.73015976
0,0.9999999,27,0,0.1976008,3000.0,2,0,0,0,0.0,0.4960054
0,0.85537021,45,1,0.414015304,4965.0,7,0,0,0,0.0,0.7615795
0,0.000526311,48,1,0.686420905,15000.0,24,0,3,0,3.0,0.36092043
0,0.022814402,68,0,0.109344533,6666.0,10,0,0,0,0.0,0.06563688
0,0.007967481,59,0,0.002806771,11400.0,23,0,0,0,2.0,0.061109617
0,0.025153717,39,0,0.339893783,3200.0,6,0,1,0,4.0,0.14292532
0,0.598081175,47,0,0.211452385,6478.0,11,0,0,0,2.0,0.4527955
0,0.682708972,41,4,0.38708711,13350.0,8,0,4,0,1.0,0.8101134
0,0.0,29,0,0.0,2786.0,1,0,0,0,1.0,0.31844166
0,0.160589596,42,0,1303.5,1.0,8,0,2,0,2.0,0.08113771
0,0.87485578,80,0,0.585646581,1476.0,7,0,1,0,0.0,0.29672673
0,0.033499163,83,0,0.001844116,26570.0,5,0,0,0,0.0,0.010195567
0,0.009235826,67,0,0.679321486,2475.0,12,0,1,0,1.0,0.13193527
0,0.328143351,74,0,0.189760571,3925.0,8,0,2,0,0.0,0.10881012
0,0.859776396,51,0,0.220682235,15800.0,12,0,0,0,0.0,0.51100934
0,0.064810812,47,0,0.436292995,8750.0,8,0,2,0,1.0,0.150044
0,0.064860062,64,0,0.14850897,8416.0,15,0,1,0,2.0,0.079689465
0,0.31361792,40,0,0.39649426,8100.0,23,0,3,0,1.0,0.38805428
0,0.553942173,27,0,0.437403876,3250.0,11,0,0,0,0.0,0.6622868
1,0.205253872,55,1,0.255372314,2000.0,3,0,0,1,2.0,0.82176965
0,0.022358923,42,0,0.082319613,6000.0,7,0,1,0,0.0,0.074927576
0,0.045708828,42,0,0.34404708,6626.0,12,0,1,0,0.0,0.14935154
0,0.9999999,52,1,0.108618654,2540.0,1,2,0,0,3.0,0.9370689
0,1.013289037,32,1,0.002307101,3900.0,1,0,0,0,2.0,0.8806749
0,0.00173813,88,0,0.01980198,201.0,6,0,0,0,0.0,0.026898466
0,0.480520342,64,0,0.155987521,4166.0,8,0,0,0,0.0,0.21363193
0,0.753306902,49,0,0.365384615,10711.0,18,0,2,0,0.0,0.52822626
0,0.556722164,30,0,0.146991756,5700.0,5,0,0,0,0.0,0.27273422
0,0.510661541,52,0,0.397742965,21000.0,8,0,1,0,2.0,0.30433127
0,0.0,56,0,0.0,0.0,1,0,0,0,1.0,0.1371493
0,0.99140172,46,0,0.449631056,6233.0,3,0,1,0,1.0,0.546491
0,0.043028153,64,0,0.181929744,6518.0,7,0,1,0,0.0,0.04185215
0,0.008073476,62,0,0.000635459,4720.0,2,0,0,0,0.0,0.028418008
0,0.142835167,62,0,0.219251337,7666.0,8,0,2,0,0.0,0.08609762
1,0.786584467,61,0,1.732325695,2050.0,12,0,3,0,0.0,0.66802293
0,0.0,60,0,0.378088844,7000.0,10,0,2,0,3.0,0.12419548
0,0.364235019,30,0,0.067561777,7000.0,10,0,0,0,1.0,0.24898325
0,0.384099014,33,1,0.650201613,2975.0,7,0,1,0,1.0,0.46748146
0,0.079269845,32,0,0.365817681,10168.0,10,0,2,0,0.0,0.34964505
0,0.9999999,35,0,0.398075241,8000.0,7,0,2,1,0.0,0.78171843
0,0.9999999,42,1,0.234670023,5560.0,4,14,0,1,0.0,0.96303743
0,0.37037741,44,0,0.277144571,5000.0,6,0,0,0,0.0,0.26108626
1,0.173138149,58,0,0.09026852,5250.0,9,0,0,0,0.0,0.23763143
0,0.9999999,62,2,0.4375,2095.0,6,1,1,1,0.0,0.94249207
1,0.820489156,26,0,0.475381155,4000.0,8,0,1,0,0.0,0.58519906
0,0.28579364,52,0,0.242063492,10583.0,4,0,2,0,0.0,0.0511127
0,0.738736619,65,0,0.481353326,2600.0,5,0,1,0,0.0,0.2786354
0,0.244088931,46,0,0.030984508,2000.0,1,0,0,1,0.0,0.59741
0,0.003114197,77,0,0.002101392,15227.0,6,0,0,0,1.0,0.052917585
0,0.988023952,30,0,0.180327869,4025.0,4,0,0,0,1.0,0.51825166
0,0.294787338,39,1,0.40362078,11433.0,16,0,3,0,0.0,0.5652939
0,0.173487964,68,0,0.524155017,5650.0,18,0,1,0,0.0,0.16144839
0,0.657763177,48,0,0.505274847,1800.0,7,0,0,0,3.0,0.4800271
0,0.0,58,0,2.776223776,1000.0,14,0,1,0,0.0,0.10748657
0,0.0,41,0,0.097425655,4505.0,5,0,0,0,0.0,0.06555547
0,0.591501118,50,1,0.041494813,8000.0,9,1,0,0,0.0,0.864113
0,0.172921107,53,0,0.392638037,9616.0,18,0,2,0,2.0,0.2732728
0,0.40042348,56,1,0.3160415,2505.0,4,0,0,0,0.0,0.5289042
0,0.014170783,67,0,0.044407668,7250.0,15,0,0,0,0.0,0.1263843
0,0.084998192,37,0,0.179861193,8500.0,8,0,2,0,1.0,0.096212246
0,0.989883662,49,0,0.318681319,5004.0,7,0,0,0,3.0,0.5691712
1,0.415430267,52,6,0.394810738,8902.0,18,1,3,0,2.0,0.92764616
0,0.046461767,74,0,0.01228913,8950.0,8,0,0,0,0.0,0.047146764
0,0.488819721,46,0,0.514777657,7375.0,12,0,2,0,1.0,0.36341307
0,0.160659973,39,1,0.329445092,6000.0,16,0,1,0,2.0,0.4670985
0,0.0,72,0,0.0,1.0,1,0,0,0,0.0,0.024766093
0,0.122774465,53,2,0.157994734,30000.0,15,0,1,0,0.0,0.49840242
0,0.0,42,0,0.628474305,5000.0,5,0,1,0,2.0,0.114184536
0,0.049074565,57,2,0.668937935,6750.0,16,0,1,0,2.0,0.3812957
0,0.472819727,72,0,0.230662983,5067.0,10,0,0,0,0.0,0.26992685
0,0.001846626,51,0,0.945295405,2284.0,9,0,1,0,1.0,0.13061747
0,0.148026496,57,0,0.489948574,6416.0,12,0,2,0,1.0,0.1831888
0,0.01672199,52,0,0.554210617,5782.0,14,0,2,0,3.0,0.16940708
0,0.0,45,0,0.123058362,6630.0,6,0,0,0,0.0,0.14169338
0,0.82699187,41,3,0.242605194,7200.0,19,0,0,0,3.0,0.85962206
0,0.060292147,56,0,0.357793251,5600.0,6,0,1,0,0.0,0.09138782
0,0.848006333,30,0,0.121632728,10950.0,5,0,0,0,0.0,0.26716867
0,0.952905084,47,0,0.475277234,7664.0,11,0,2,1,0.0,0.796146
0,0.014222963,67,0,0.148693044,7000.0,8,0,1,0,0.0,0.069462046
0,0.203485804,48,0,0.155701846,24000.0,4,0,1,0,2.0,0.109927595
0,0.473421831,33,0,0.415016663,5100.0,12,0,0,0,0.0,0.48017454
0,0.043380467,70,0,0.10275,15999.0,13,0,1,0,0.0,0.023643438
0,0.737052589,38,2,0.262703919,5332.0,8,0,1,0,0.0,0.75005317
0,0.0,49,0,0.355376308,15000.0,12,0,2,0,3.0,0.17096487
0,1.044184762,46,2,0.553450609,8867.0,8,0,1,0,2.0,0.89231986
0,0.889425881,37,0,0.191508053,3414.0,10,0,0,0,1.0,0.6126971
0,0.061993801,48,1,0.072484899,4800.0,5,0,0,0,0.0,0.30042604
0,0.0,40,0,0.26647904,6750.0,8,0,1,0,0.0,0.11168553
0,0.820090762,52,0,2693.0,0.0,9,0,2,0,0.0,0.646126
0,0.017845625,54,0,0.511686144,2395.0,12,0,0,0,0.0,0.18527183
0,0.9999999,30,0,0.0,3900.0,1,0,0,0,1.0,0.61551845
0,0.482797881,52,0,0.104248483,2800.0,4,0,0,0,1.0,0.41760945
1,0.875496409,47,1,0.383301982,6910.0,7,0,2,0,0.0,0.5603969
0,0.0,24,0,0.0,1.0,4,0,0,0,0.0,0.17593251
0,0.042065668,60,0,0.333444426,6000.0,5,0,1,0,0.0,0.06047548
0,0.416371023,57,0,0.150384962,10000.0,9,0,0,0,1.0,0.29298857
0,0.669360887,33,1,0.208,2499.0,4,0,0,0,3.0,0.67411095
0,0.008297073,61,0,0.252199413,3750.0,8,0,1,0,0.0,0.061946947
0,0.945591436,69,0,0.329223592,3000.0,6,0,1,0,0.0,0.25997058
0,0.9999999,28,0,0.965574681,1800.0,4,1,1,0,0.0,0.8384368
0,0.0,50,0,0.636600739,4600.0,4,0,1,0,1.0,0.15122786
0,0.033972774,61,1,0.545454545,3200.0,18,0,1,0,1.0,0.43642595
0,0.049604997,45,0,0.43225467,3800.0,8,0,0,0,2.0,0.18230923
0,0.0414876,48,0,0.184191666,9766.0,6,0,2,0,2.0,0.07702634
1,0.483011326,32,1,0.231345948,2800.0,8,0,0,0,0.0,0.5722315
0,0.081681632,64,0,0.089246567,17333.0,7,0,1,0,0.0,0.035065994
0,0.131032639,42,0,0.084925959,7900.0,8,0,0,0,0.0,0.15492107
0,0.314991487,47,0,0.311770944,6600.0,6,0,1,0,1.0,0.24897863
0,0.189139584,62,0,0.198121307,19800.0,11,0,3,0,1.0,0.10412434
0,0.020730559,72,0,0.135574639,5472.0,10,0,1,0,0.0,0.047395457
1,0.739409283,42,3,0.714157438,3340.0,11,3,1,1,4.0,0.9605235
0,0.266877514,46,0,1.261671877,9916.0,17,0,5,0,1.0,0.80422115
0,0.14805598,31,0,0.404932511,6000.0,10,0,1,0,0.0,0.24833055
0,0.94376875,53,0,0.260277305,12332.0,9,0,1,0,0.0,0.36321038
0,0.278938053,51,2,0.5496875,3199.0,16,0,2,0,1.0,0.612163
0,0.837162837,25,0,0.033143705,4042.0,2,0,0,0,0.0,0.41986454
0,0.017871865,63,0,3050.5,1.0,9,0,2,0,2.0,0.12162238
0,0.105114533,49,0,0.458383182,5850.0,18,0,2,0,0.0,0.22008744
0,0.25764905,52,0,0.843187661,3500.0,12,0,1,0,6.0,0.1694342
0,0.191246123,43,0,0.311017998,10500.0,20,0,2,0,2.0,0.15829183
0,0.048007562,34,3,0.259068837,3500.0,8,0,0,0,2.0,0.64737993
0,0.038028618,55,1,0.500141163,7083.0,19,0,2,0,0.0,0.39201766
0,0.727574751,49,2,0.026403486,3900.0,5,0,0,0,0.0,0.80925614
0,0.041473847,39,0,0.192684002,11344.0,6,0,1,0,3.0,0.02669302
0,0.007524812,50,0,0.741275866,8166.0,7,0,3,0,1.0,0.24676459
0,0.9999999,38,0,1.162330905,960.0,4,0,1,0,3.0,0.528271
0,0.043792097,77,0,0.360808709,4500.0,6,0,2,0,0.0,0.062134024
0,0.664335664,27,0,0.116836961,2250.0,2,0,0,0,1.0,0.5143252
0,1.169435216,42,0,0.151291513,8400.0,2,2,1,0,3.0,0.928483
0,0.162247449,40,0,940.0,0.0,9,0,2,0,0.0,0.1838024
0,0.007993555,67,0,1.039796303,5301.0,12,0,2,0,1.0,0.14125894
1,0.786485406,44,0,0.291709578,3883.0,7,2,0,2,1.0,0.9402772
0,0.286206563,37,0,0.164341518,3583.0,9,0,0,0,0.0,0.19824496
0,0.068034769,52,0,0.136640911,14753.0,13,0,1,0,4.0,0.103929915
0,0.000277259,48,0,0.400757735,4750.0,10,0,1,0,2.0,0.11773165
0,0.050223813,86,0,0.050779688,2500.0,13,0,0,0,0.0,0.10763687
0,0.011518357,62,0,0.602159753,5833.0,25,0,1,0,0.0,0.14277083
0,0.9999999,49,1,0.020979021,1000.0,1,0,0,0,0.0,0.80563104
0,0.028047667,65,1,0.177497092,6016.0,11,0,1,0,0.0,0.22433174
0,0.671909117,59,0,0.217397515,7000.0,6,0,0,0,0.0,0.35093668
0,0.9999999,40,0,0.009696459,2371.0,1,0,0,1,0.0,0.8734551
0,0.002884934,43,0,0.674522407,5600.0,7,0,1,0,0.0,0.08300787
0,0.698544239,65,0,0.669685307,4416.0,12,0,1,0,0.0,0.36929673
0,0.386827883,47,0,0.908697101,3000.0,9,0,1,0,0.0,0.4034736
0,0.279385918,60,0,0.780869855,6000.0,22,0,3,0,1.0,0.37982738
0,0.00916604,56,0,0.195121951,3156.0,25,0,2,0,0.0,0.13201153
0,0.9999999,53,0,0.533373331,6666.0,8,0,3,0,0.0,0.43060485
1,0.9999999,58,1,0.483589088,4691.0,6,2,1,3,0.0,0.94906384
0,0.40706611,49,0,0.74325135,5000.0,20,0,2,0,3.0,0.63873553
0,0.45604945,31,0,0.018946571,7916.0,3,0,0,0,0.0,0.2577002
0,0.098039216,41,0,0.246625562,6000.0,6,0,1,0,3.0,0.11684454
1,1.111296235,40,2,0.553899291,5500.0,5,2,1,1,1.0,0.9718052
0,0.006825298,51,0,0.148077448,7333.0,7,0,1,0,0.0,0.03886517
0,0.159244895,50,0,0.410598234,6000.0,5,0,1,0,0.0,0.16820815
0,0.21826081,51,0,0.285255266,2800.0,10,0,0,0,3.0,0.308801
0,0.034348139,82,0,0.00579884,5000.0,4,0,0,0,0.0,0.034799322
0,0.080361738,39,0,0.329374697,4125.0,6,0,1,0,2.0,0.120455064
0,0.303207475,47,0,0.749487855,3416.0,8,0,1,0,1.0,0.2949945
0,0.9999999,28,0,0.072665595,5600.0,2,0,0,0,0.0,0.40984827
0,0.878243513,34,1,0.017568919,7000.0,2,3,0,0,2.0,0.92449576
0,0.01223068,88,1,0.300155521,1285.0,7,0,0,0,0.0,0.34528103
0,0.076573161,52,0,0.38660793,5674.0,9,0,2,0,4.0,0.15703006
0,0.087353786,57,1,0.103953518,7916.0,12,0,0,0,1.0,0.34252995
0,0.000101,47,0,0.104779044,5000.0,5,0,0,0,1.0,0.11168108
0,0.533010152,50,0,0.388755571,8750.0,4,0,1,0,4.0,0.27643287
0,0.797721515,50,0,0.476196215,8296.0,13,0,0,0,5.0,0.5563114
0,0.230324857,54,0,0.333408364,22212.0,16,0,8,0,1.0,0.33183742
0,0.074281389,46,1,0.099254681,5500.0,6,0,0,0,0.0,0.3142353
0,0.211102968,53,1,0.275092937,7800.0,7,0,1,0,0.0,0.36990452
0,0.015596881,33,0,0.278509768,2200.0,7,0,0,0,1.0,0.21306375
0,0.856215645,52,0,0.648848327,2300.0,2,0,0,0,0.0,0.55360717
0,0.9999999,50,0,0.098334401,9365.0,7,0,1,0,0.0,0.4134881
0,0.161742314,78,0,0.089535262,6153.0,20,0,0,0,0.0,0.2146352
0,0.9999999,29,0,0.1828,4999.0,6,1,0,0,0.0,0.8068411
0,0.136891134,56,0,18.0830227,2950.0,11,0,1,0,1.0,0.24411745
0,0.074800186,57,0,0.511329916,7413.0,8,0,1,0,0.0,0.07749856
0,0.314212233,60,3,0.341100858,27850.0,24,0,3,0,2.0,0.329178
0,0.660818713,24,0,0.027039309,4400.0,3,0,0,0,0.0,0.3916411
0,0.006579864,52,1,0.277521812,10200.0,18,0,1,0,0.0,0.34400028
0,0.904004571,40,0,0.455777921,7744.0,7,0,1,0,0.0,0.47758365
0,0.054066617,44,1,0.36601191,11250.0,9,0,2,0,2.0,0.28516865
0,0.245076526,35,0,0.903108526,5500.0,9,0,3,0,0.0,0.5976121
0,0.0,48,1,0.560394784,11043.0,7,0,3,0,3.0,0.35208628
0,0.472065237,48,0,0.079131553,7000.0,5,0,0,0,1.0,0.34454855
0,0.536951089,23,0,0.043956044,1000.0,4,0,0,0,0.0,0.5293841
0,0.783875453,56,1,1.030062394,3525.0,8,0,1,0,0.0,0.636791
0,0.021283203,90,0,0.208604731,5833.0,4,0,1,0,0.0,0.016677843
0,0.220620588,55,0,0.419464008,10932.0,18,0,2,0,0.0,0.1596818
0,0.004918653,39,1,0.000833194,6000.0,2,0,0,0,3.0,0.19204852
0,0.741358524,67,0,0.45695643,9501.0,20,0,1,0,0.0,0.5001949
0,638.0,35,0,0.972864896,3500.0,9,0,2,0,2.0,0.7869714
0,0.013825421,52,0,0.363116966,6300.0,11,0,1,0,0.0,0.11838813
0,0.9999999,39,0,0.121151539,2500.0,2,0,0,0,0.0,0.48196188
0,0.750067566,46,0,0.35417843,7083.0,14,0,1,0,0.0,0.4290399
0,0.223170134,46,0,0.55782235,8724.0,11,0,2,0,2.0,0.264904
0,0.019322269,73,0,0.004666045,7500.0,4,0,0,0,0.0,0.020901324
0,0.896777171,64,1,0.480755729,15666.0,15,0,2,0,0.0,0.5583652
0,0.121637871,64,0,0.351026649,4577.0,7,0,1,0,0.0,0.10556058
0,0.385929831,47,0,0.153177621,5522.0,7,0,0,0,1.0,0.268242
0,0.995846473,30,0,0.263984766,4200.0,8,0,0,0,2.0,0.59578323
0,0.06838933,49,0,0.244917715,11362.0,14,0,1,0,2.0,0.13430318
0,0.065348923,68,0,0.024223703,6150.0,8,0,0,0,0.0,0.05106767
0,0.328573722,66,1,0.293398759,10800.0,17,0,2,0,1.0,0.363474
0,0.918342055,33,0,0.270289344,2833.0,4,1,0,2,0.0,0.9372897
0,0.321414503,56,1,0.922792987,3250.0,10,0,2,0,0.0,0.56576204
0,0.835282691,63,0,0.436689874,17666.0,16,0,2,1,4.0,0.43785626
0,0.219153068,63,2,0.860140955,6384.0,13,0,3,0,0.0,0.67882574
0,0.501329541,71,0,0.442234246,6283.0,4,0,2,0,0.0,0.21059676
0,0.265684383,40,0,0.326010707,5416.0,14,0,0,0,0.0,0.24282432
0,0.123659893,54,0,0.032494584,6000.0,4,0,0,0,0.0,0.1310082
0,0.875601629,37,1,0.842840512,858.0,6,0,0,0,0.0,0.66325027
0,0.290157743,29,1,0.009665428,4034.0,3,0,0,2,0.0,0.79010487
0,0.013805172,62,0,0.270954841,6000.0,15,0,3,0,0.0,0.13660271
0,0.330186047,52,0,0.390956326,7120.0,25,0,1,0,1.0,0.2912908
0,0.124996489,40,0,0.751022263,2200.0,6,0,1,0,2.0,0.15405537
1,0.805534204,57,0,0.342270771,3020.0,13,1,1,0,0.0,0.85317105
0,0.0,77,0,0.269857969,1900.0,9,0,0,0,0.0,0.25617027
0,0.565886823,49,0,0.653925316,3400.0,6,0,1,2,0.0,0.80988586
0,0.9999999,54,0,0.0,3416.0,1,0,0,0,0.0,0.53578925
0,0.089200909,52,1,0.132339967,10200.0,7,0,1,0,2.0,0.30001357
0,0.025887011,82,1,0.016198704,925.0,1,0,0,0,0.0,0.1324577
0,0.017813715,61,0,0.453812907,13650.0,19,0,2,0,0.0,0.15289244
0,0.080709576,63,0,0.406533852,13100.0,7,0,1,0,0.0,0.08841165
0,0.145949847,39,0,0.086152308,6000.0,10,0,0,0,2.0,0.21322186
0,0.020962124,55,0,0.293927364,6800.0,16,0,2,0,0.0,0.061718598
0,0.147373477,33,0,0.963926174,2383.0,7,0,2,0,2.0,0.32185698
0,0.018497943,70,0,0.262144054,1193.0,12,0,1,0,0.0,0.071345225
0,0.977209116,38,0,0.397990389,4577.0,6,0,2,0,0.0,0.51138085
0,0.720139115,73,0,0.292101128,7000.0,3,0,1,0,1.0,0.28912863
0,0.0,57,0,0.384087987,7000.0,11,0,1,0,0.0,0.093413725
0,0.023033134,39,0,0.201438849,1250.0,19,0,0,0,0.0,0.21613567
0,0.515748113,44,0,0.819416832,3017.0,8,0,2,0,4.0,0.4436546
0,0.229084335,47,0,0.476668074,9471.0,10,0,2,0,3.0,0.20649458
0,0.239200008,53,0,0.498850115,10000.0,20,0,2,0,1.0,0.29059216
0,0.269465391,58,0,0.461380725,4388.0,8,0,0,0,0.0,0.1504681
0,0.015588614,53,0,0.00579884,5000.0,8,0,0,0,0.0,0.15698794
0,0.373828271,41,0,0.404599233,6000.0,4,0,2,0,0.0,0.2273579
0,0.436060966,43,0,0.091058785,6072.0,7,0,1,0,3.0,0.25703079
0,0.018161821,72,0,0.087592993,4166.0,9,0,0,0,1.0,0.06997593
0,0.063774943,37,0,0.505928854,7083.0,8,0,2,0,2.0,0.16546881
0,0.027702526,60,0,0.272576742,7850.0,8,0,2,0,1.0,0.07369899
0,0.032443081,87,0,0.00372315,10474.0,9,0,0,0,0.0,0.056036975
0,0.006286177,40,0,0.001661743,5415.0,3,0,0,0,0.0,0.0353192
0,0.903238705,61,0,0.676076217,4250.0,7,0,1,0,0.0,0.37074605
0,0.421840238,46,1,0.186414512,5181.0,8,0,0,0,2.0,0.5564237
0,0.670534986,49,0,0.367733333,3749.0,13,0,1,0,3.0,0.40082464
0,0.931678054,42,0,0.189576349,3280.0,4,0,0,0,0.0,0.5112404
0,0.604470019,31,1,0.542161339,3284.0,9,0,1,0,2.0,0.6794009
0,0.021021931,39,0,0.450059988,6667.0,6,0,1,0,3.0,0.10643178
0,0.14881565,78,0,0.186468922,6000.0,18,0,1,0,0.0,0.18482739
0,0.233558247,67,0,0.083826176,11666.0,4,0,2,0,0.0,0.049405683
0,0.862520721,50,0,0.113344239,17115.0,6,0,1,0,3.0,0.36054006
0,1.004383067,54,0,0.681232635,7917.0,14,0,1,0,2.0,0.59512955
0,0.9999999,28,0,0.20326766,2080.0,2,0,0,0,1.0,0.5877169
0,0.979925315,70,0,1.25512979,4044.0,10,0,2,0,0.0,0.40310788
0,0.149359845,39,0,0.585646001,14016.0,8,0,3,0,1.0,0.4112865
0,0.9999999,56,0,0.013545474,4650.0,1,2,0,0,1.0,0.8552006
0,0.638445788,71,1,0.44098443,5972.0,7,0,2,0,0.0,0.4867177
1,0.392782474,48,0,0.019542494,6600.0,5,0,0,2,0.0,0.5218402
0,0.184020193,44,0,0.867042116,4083.0,7,0,2,0,2.0,0.27610055
0,0.267340128,40,0,0.33435011,5900.0,15,0,0,0,0.0,0.26062325
0,0.078549385,46,0,0.412431843,4584.0,9,0,2,0,1.0,0.19312346
0,0.293230733,49,0,0.167462201,37500.0,10,0,2,0,1.0,0.1536195
0,0.177444454,56,0,0.076274818,7000.0,10,0,0,0,1.0,0.22104973
0,0.990722606,48,0,0.859082094,1546.0,4,0,0,0,2.0,0.6323944
0,0.669014527,39,0,0.62037962,1000.0,6,0,0,0,0.0,0.4644991
0,0.055095589,61,0,0.068077649,7417.0,5,0,1,0,0.0,0.0556721
0,0.002409856,72,0,0.458392649,7726.0,7,0,2,0,0.0,0.07050064
0,0.142272545,52,0,0.246875,5439.0,11,0,1,0,4.0,0.1701556
0,0.08618774,38,0,0.694522191,2500.0,9,0,1,0,2.0,0.18714888
0,0.9999999,28,0,0.097686375,3500.0,1,0,0,0,0.0,0.5086832
0,0.170440341,74,0,0.227553119,2917.0,7,0,0,0,0.0,0.18057212
0,0.096737158,47,0,0.009748781,8000.0,2,0,0,0,2.0,0.10524456
0,0.791706492,42,1,0.196006041,5958.0,7,0,0,0,0.0,0.6358621
0,0.145078305,58,0,0.285512617,17000.0,6,0,3,0,0.0,0.08595375
0,0.064749945,66,0,0.14706417,5500.0,8,0,2,0,0.0,0.06784631
0,0.090907666,59,0,0.91858306,7000.0,12,0,2,0,0.0,0.17159952
0,0.248231794,38,0,6.364392679,600.0,8,0,2,0,2.0,0.21117276
1,0.869855602,48,1,0.386540161,21500.0,27,0,8,0,1.0,0.709703
0,0.006927627,62,0,0.002666222,6000.0,7,0,0,0,0.0,0.062668264
0,0.024610402,76,0,0.999181837,4888.0,8,0,3,0,1.0,0.1654144
0,0.036051683,47,0,0.253303965,8625.0,10,0,1,0,2.0,0.09240672
0,0.0,86,0,0.0,3250.0,5,0,0,0,0.0,0.04396295
0,0.905478018,60,0,0.536124547,6615.0,8,0,1,0,0.0,0.3428425
0,0.049547842,63,0,0.332733453,5000.0,12,0,2,0,2.0,0.19390856
0,0.703816909,31,0,0.553445337,8213.0,12,0,2,0,1.0,0.66646814
0,0.009502251,67,0,0.06231856,5166.0,3,0,0,0,0.0,0.036953602
0,0.0,23,1,0.139643861,3200.0,5,0,0,1,1.0,0.8067471
0,0.9999999,27,0,0.0,3816.0,1,0,0,0,0.0,0.53786266
0,0.518354872,32,1,0.482007576,3167.0,10,0,0,0,0.0,0.66501296
0,0.86155976,59,0,0.116463737,5666.0,4,0,0,0,1.0,0.43483394
0,0.103167394,54,0,0.20679743,11827.0,18,0,1,0,2.0,0.1079076
1,0.053130071,78,0,0.066343042,617.0,3,0,0,0,0.0,0.21628316
0,0.0,37,0,0.312745448,2800.0,3,0,0,0,1.0,0.16231301
0,0.9999999,58,0,0.337730871,1894.0,4,0,0,0,0.0,0.50118864
0,0.0,67,0,0.010143457,6900.0,7,0,0,0,0.0,0.0971734
0,0.738791606,56,0,0.540807914,3638.0,6,0,2,0,0.0,0.397241
0,0.2342448,31,0,0.173132798,5850.0,14,0,0,0,1.0,0.3063392
0,0.790895535,33,0,0.144106622,2400.0,6,0,0,0,0.0,0.36812627
0,0.957034766,44,0,0.426218709,6071.0,4,0,2,0,4.0,0.60286564
0,0.27591279,54,0,0.324771441,6890.0,10,0,1,0,1.0,0.103026725
0,1.068965517,33,0,1.508305648,300.0,3,0,0,0,0.0,0.54736876
0,0.367887243,65,0,0.404555315,3687.0,11,0,2,0,1.0,0.19210057
0,0.0,56,0,0.159642018,20000.0,16,0,1,0,5.0,0.063758515
0,0.910089337,48,0,0.74836316,9163.0,16,0,3,0,1.0,0.73641765
0,0.025048245,56,0,0.008639309,4166.0,6,0,0,0,0.0,0.15064119
0,0.028237741,48,0,0.169625927,5800.0,8,0,1,0,0.0,0.078882776
0,0.372609475,39,1,0.250920568,3801.0,8,0,0,0,0.0,0.4713619
0,0.56876642,45,1,0.35765163,4632.0,12,0,1,0,1.0,0.6557142
0,0.345057194,45,0,0.797415782,6500.0,14,0,1,0,0.0,0.44157076
0,0.532934132,22,0,0.394014963,400.0,2,0,0,0,0.0,0.16956086
0,0.18797337,50,0,0.033911686,57000.0,9,0,2,0,3.0,0.15495877
0,0.909096182,46,0,0.408053813,11000.0,11,0,0,0,3.0,0.507813
0,0.014110999,62,1,1.035991002,4000.0,20,0,2,0,0.0,0.42999485
0,0.149516823,49,0,0.247725162,5384.0,13,0,0,0,0.0,0.13029635
0,0.447123514,77,0,0.519296905,7850.0,13,0,2,0,0.0,0.25266346
0,0.400828961,54,0,0.250876869,5416.0,7,0,1,0,0.0,0.16210274
0,0.0,73,0,1161.0,0.0,11,0,1,0,0.0,0.04720054
0,0.109713288,61,0,0.01729827,10000.0,5,0,0,0,1.0,0.07661496
0,0.019888447,79,0,0.009119607,2850.0,2,0,0,0,0.0,0.025818706
0,1.77161013,47,0,0.56853559,6616.0,13,0,1,0,1.0,0.7256596
0,0.022366805,37,0,0.051206037,7420.0,8,0,0,0,1.0,0.09688129
0,0.0,36,1,2.487929773,4100.0,8,0,4,0,0.0,0.6940165
0,0.164394098,44,2,0.317248734,3750.0,6,0,1,0,0.0,0.52167565
0,0.620004524,57,0,0.632508251,6059.0,9,0,2,0,0.0,0.40881956
0,0.808104215,61,1,1.879450344,1600.0,12,0,2,0,0.0,0.7750593
0,0.0,57,0,0.156227502,4166.0,3,0,1,0,0.0,0.13807094
0,0.030601342,60,0,0.116859946,14572.0,14,0,1,0,1.0,0.07650802
0,0.29304818,44,0,0.653266332,3581.0,5,0,1,0,0.0,0.15598546
0,0.083806847,59,0,0.046651116,3000.0,4,0,0,0,0.0,0.15014897
0,0.606786427,21,0,0.004862237,1850.0,2,0,0,0,1.0,0.40136918
0,0.00411755,58,0,0.127439812,13166.0,9,0,1,0,0.0,0.04444746
0,0.049802837,61,0,0.529720039,7250.0,10,0,2,0,0.0,0.12379277
0,0.0,66,0,0.065113668,3562.0,6,0,0,0,1.0,0.11636937
0,0.860983904,64,0,1.005627156,5508.0,12,0,3,0,0.0,0.5398408
0,1.095808383,24,1,0.008360596,2750.0,2,0,0,0,0.0,0.71510625
0,0.014532791,57,0,0.008212749,2556.0,3,0,0,0,0.0,0.0999933
0,0.734474612,58,0,0.495186926,4466.0,8,0,1,0,0.0,0.31132826
0,0.039842505,71,0,0.020544142,1800.0,6,0,0,0,0.0,0.055877235
0,0.56942821,66,0,0.838733239,19166.0,33,0,6,0,0.0,0.50913006
0,0.88388676,38,0,0.41309324,6552.0,7,0,2,0,2.0,0.45805222
0,0.9999999,23,0,0.241099313,1600.0,1,0,0,0,0.0,0.5903186
1,0.909306201,66,0,0.417904204,4780.0,19,0,0,1,0.0,0.8689023
0,0.771740542,72,0,0.643280632,7083.0,15,0,1,0,0.0,0.48830983
0,0.021724728,70,0,0.902346227,1576.0,8,0,1,0,0.0,0.062435694
0,0.004224894,47,0,0.299870013,10000.0,6,0,1,0,2.0,0.046673514
0,0.88109977,30,0,0.615912013,7000.0,16,0,2,0,0.0,0.64608735
0,0.294850799,55,0,0.227106808,6300.0,5,0,1,0,5.0,0.1735231
0,0.9999999,70,0,0.001279898,12500.0,0,0,0,0,0.0,0.3032653
0,0.179763227,51,1,0.325722274,2145.0,9,0,0,0,1.0,0.59337217
0,0.033866798,67,0,0.186232505,3500.0,5,0,0,0,0.0,0.072761506
0,0.75582928,31,0,0.226122221,7150.0,6,0,0,0,0.0,0.40855706
0,0.04389561,50,0,1965.0,0.0,4,0,1,0,2.0,0.07893093
0,0.177592896,53,0,0.18819848,6710.0,3,0,1,0,0.0,0.1477679
0,0.0,78,0,0.432311978,8974.0,20,0,3,0,0.0,0.13139962
0,0.061768695,80,0,0.185953512,4000.0,4,0,0,0,0.0,0.037388843
0,0.436099453,48,0,0.156728297,24500.0,10,0,1,0,2.0,0.28175983
0,0.32593701,35,0,0.289283253,5803.0,10,0,0,0,0.0,0.3037067
0,0.001074005,74,0,0.094181164,5000.0,9,0,0,0,0.0,0.06736586
0,0.456176416,25,0,0.155098543,3500.0,10,0,0,0,1.0,0.46242347
0,0.440928372,42,0,1.014638829,8333.0,8,0,3,0,2.0,0.52134717
0,0.206093401,58,0,0.118734924,3730.0,3,0,0,0,1.0,0.19706364
0,0.0,41,0,2.071464268,2000.0,7,0,1,0,3.0,0.12842408
0,0.044597027,72,1,0.029998605,21500.0,5,0,0,0,1.0,0.09588532
0,0.997194522,38,0,0.365454199,5250.0,10,0,0,0,0.0,0.6654613
0,0.0,44,1,0.550855605,5200.0,5,1,1,0,4.0,0.8340322
0,0.9999999,58,2,0.360956618,3595.0,2,0,1,1,0.0,0.84501183
0,0.0,44,0,0.431305341,3500.0,4,0,1,0,2.0,0.098182246
0,0.097108424,40,0,0.468625177,7760.0,11,0,3,0,2.0,0.3269162
0,1.672071342,48,0,0.265073948,3515.0,8,0,2,0,4.0,0.50293475
0,0.009902278,47,1,0.318984072,6968.0,11,0,1,0,0.0,0.21995384
0,0.004358408,91,0,0.093973151,3500.0,6,0,0,0,0.0,0.037670262
0,0.109270962,65,0,0.536170213,2819.0,13,0,1,0,0.0,0.17205633
0,0.056652084,55,0,0.111420613,11128.0,8,0,0,0,1.0,0.06505764
0,0.0,45,0,0.022991264,20833.0,6,0,0,0,0.0,0.14073189
0,0.708903461,39,0,0.738011479,5400.0,23,0,2,0,0.0,0.7888741
0,0.899546564,26,0,0.642946317,800.0,4,0,0,0,0.0,0.26715425
0,0.022998673,77,0,0.215729838,4500.0,12,0,1,0,0.0,0.04991134
0,0.162738716,35,0,0.354312354,9437.0,7,0,2,0,1.0,0.2459457
1,1.449251248,49,0,0.162706983,4166.0,3,0,0,3,0.0,0.8960306
0,0.436626267,55,0,0.335794792,20583.0,11,0,4,0,0.0,0.31079796
0,0.012583071,58,0,0.243571703,7816.0,9,0,1,0,0.0,0.0839223
0,0.027433759,79,0,0.263930348,4019.0,10,0,1,0,0.0,0.049822476
0,0.288266301,66,1,0.60150958,5166.0,15,0,1,0,0.0,0.42381272
0,0.119760479,27,0,0.000384468,2600.0,2,0,0,0,0.0,0.20560306
1,0.304269573,42,0,0.583317463,5250.0,7,1,1,0,2.0,0.8057145
0,0.492409781,46,2,0.033778148,4795.0,5,0,0,0,1.0,0.6591181
0,0.0,55,0,0.622146198,14322.0,14,0,5,0,0.0,0.46291998
0,0.561142352,60,0,0.533223201,5447.0,13,0,1,0,0.0,0.31680292
0,0.046662778,31,0,0.127235415,3410.0,4,0,0,0,0.0,0.07797866
0,0.799700772,42,0,0.195647912,5100.0,5,0,0,0,2.0,0.5163629
0,0.0,46,0,4120.0,0.0,10,0,2,0,2.0,0.6605041
0,0.28389209,66,0,0.385087845,7000.0,8,0,2,0,2.0,0.083902955
0,0.957865441,33,0,0.714609287,7946.0,10,0,2,0,0.0,0.66313094
0,0.496134419,47,1,0.864157601,3400.0,11,1,1,2,2.0,0.93772215
0,0.0,27,0,0.255726781,2400.0,3,0,0,0,0.0,0.21917547
0,0.047672201,82,0,0.071925754,430.0,2,0,0,0,1.0,0.10445422
0,0.105548176,35,0,0.09029699,30000.0,18,0,1,0,1.0,0.12537597
0,0.568610025,35,2,0.392121431,2766.0,6,0,0,0,2.0,0.79067224
0,0.9999999,39,0,0.201554692,1800.0,2,0,0,0,3.0,0.59888846
0,0.014163808,52,0,0.217463756,6000.0,9,0,1,0,1.0,0.10747871
0,0.050339981,76,0,0.009468318,2745.0,6,0,0,0,0.0,0.0779328
0,0.0,43,0,0.176580284,15550.0,7,0,2,0,4.0,0.06541192
0,0.05195979,75,0,0.261248393,7000.0,10,0,1,0,0.0,0.093014814
0,0.11845251,63,0,0.314313582,4100.0,4,0,1,0,1.0,0.12832455
1,0.005997601,31,1,0.105584642,4583.0,4,0,0,1,2.0,0.70566195
0,0.788837984,31,0,0.356973372,3792.0,6,0,0,0,0.0,0.48692864
0,0.451092734,45,0,0.448629162,10540.0,8,0,2,0,2.0,0.18764465
0,0.9999999,50,3,244.5,1.0,0,0,0,0,0.0,0.47594702
0,0.020460909,40,0,0.630619101,6250.0,7,0,1,0,2.0,0.10468728
0,0.480414069,42,1,0.116012351,6800.0,6,0,0,0,3.0,0.46444985
0,0.093200655,45,0,0.400075952,10532.0,14,0,2,0,1.0,0.2010904
0,0.06491816,73,0,0.011498084,6000.0,5,0,0,0,1.0,0.04408869
0,0.535237293,68,0,0.684113475,7049.0,19,0,6,0,1.0,0.5347068
1,0.928126769,47,1,0.078368653,2500.0,3,0,0,1,0.0,0.8501222
0,0.370943818,58,0,0.324112648,6000.0,7,0,1,0,1.0,0.17231144
0,0.9999999,27,0,0.452217364,1600.0,8,0,0,0,1.0,0.7117043
0,0.9999999,62,0,0.542275574,1915.0,4,0,1,0,0.0,0.39926285
0,0.031978246,55,0,0.193304536,8333.0,10,0,1,0,1.0,0.07816936
0,0.200618328,51,0,0.530367408,4000.0,18,0,1,1,1.0,0.5949459
0,0.405315615,38,0,0.673469388,2400.0,16,0,0,0,4.0,0.48704943
1,0.533716932,26,1,0.197786505,2800.0,5,0,0,0,0.0,0.68241423
0,0.823026275,51,0,0.240758376,11550.0,11,0,1,0,0.0,0.35805187
0,0.110241693,52,0,0.018001417,7054.0,5,0,0,0,1.0,0.10455993
0,0.046703219,48,0,0.544994579,8300.0,10,0,2,0,0.0,0.16525368
0,0.0,45,2,0.48364924,4800.0,8,1,1,1,2.0,0.9055871
0,0.515397667,75,0,1.653763441,1859.0,9,0,2,0,0.0,0.41395387
1,2.297612046,42,1,0.806048488,4000.0,8,2,1,4,0.0,0.96798396
0,0.073886114,76,0,0.249392944,7000.0,9,0,1,0,0.0,0.15581644
0,0.015668674,60,0,0.128682536,4242.0,5,0,1,0,0.0,0.0525184
0,0.532416195,82,0,0.452741759,6400.0,8,0,3,0,0.0,0.21711136
0,0.054420797,46,0,0.073333333,7499.0,6,0,0,0,1.0,0.12975702
0,0.9999999,30,0,0.021591363,2500.0,1,0,0,0,0.0,0.6747054
0,0.000520826,70,0,0.00329934,3333.0,10,0,0,0,0.0,0.0478177
0,0.959469369,49,0,0.200159968,5000.0,4,0,0,0,0.0,0.5167045
0,0.139630909,50,0,0.188124945,11300.0,8,0,2,0,0.0,0.08582304
0,0.438179856,57,0,0.345820557,7500.0,15,0,1,0,0.0,0.30214065
0,0.020830584,68,0,0.166386689,12500.0,9,0,2,0,0.0,0.06397747
0,0.0,68,0,0.105344733,20000.0,9,0,1,0,1.0,0.045369532
0,0.062959618,61,0,0.409748984,9600.0,11,0,2,0,1.0,0.12058572
0,0.219958645,51,0,0.470816148,8000.0,12,0,3,0,0.0,0.23450561
0,0.29368963,52,1,8.439873418,315.0,7,0,2,0,2.0,0.23653218
0,0.453011438,31,0,0.355580552,8000.0,11,0,2,0,0.0,0.31741208
0,0.03528277,43,0,0.311943283,5500.0,22,0,1,0,1.0,0.1444721
0,0.048136826,77,2,0.046558126,3500.0,12,0,0,0,2.0,0.567336
0,0.8679383,54,1,0.199809342,5244.0,3,0,0,0,0.0,0.71666193
0,0.9999999,39,0,0.424548736,4154.0,3,0,1,0,0.0,0.4782972
0,0.053546298,57,0,0.388030598,6666.0,31,0,2,0,2.0,0.16074987
0,0.040770264,47,0,0.389435094,6000.0,7,0,1,0,0.0,0.10764411
1,1.314307141,37,0,0.496190858,4987.0,9,0,1,0,1.0,0.76909864
0,0.9999999,51,1,0.117840309,7000.0,1,3,0,0,3.0,0.94082826
0,0.038707328,31,0,0.254044169,7108.0,8,0,2,0,3.0,0.070497364
0,0.119770005,48,5,0.526239536,6211.0,13,0,1,1,2.0,0.86784637
0,0.9999999,28,1,0.154738105,2500.0,2,1,0,1,0.0,0.8566433
0,0.686319532,43,0,0.766954604,5440.0,8,0,1,0,4.0,0.5170695
0,0.002020161,43,0,0.228941685,12500.0,9,0,2,0,1.0,0.058340892
0,0.269092363,23,0,0.079250247,3040.0,3,0,0,0,0.0,0.21267419
0,0.047909653,53,1,0.330711837,4958.0,15,0,3,0,0.0,0.50300753
1,0.9999999,34,0,0.106323053,7100.0,6,0,0,0,2.0,0.5726484
0,0.98150515,39,0,0.227457824,1718.0,3,0,0,0,2.0,0.612552
0,0.9999999,41,0,0.0,0.0,1,0,0,0,0.0,0.4377085
0,0.2103892,73,0,0.039641732,6028.0,7,0,0,0,0.0,0.17455754
0,0.0,68,0,0.518024841,3300.0,5,0,1,0,1.0,0.08566413
0,0.645844843,71,1,0.318030999,22000.0,24,0,2,0,0.0,0.42478773
0,0.409845269,52,1,0.393490834,10200.0,9,0,2,0,3.0,0.47484136
0,0.880127864,49,0,0.470003315,6033.0,8,0,1,0,0.0,0.4733206
0,1.413872126,55,0,0.372763629,4750.0,8,0,1,0,0.0,0.5596667
1,0.069723888,40,0,0.037488285,3200.0,10,0,0,0,2.0,0.40154922
0,0.740814796,34,0,0.17247844,8000.0,4,2,0,0,0.0,0.85692143
0,0.081929733,57,0,0.337166427,16000.0,15,0,2,0,0.0,0.15623835
0,0.0,49,0,0.927870461,2037.0,7,0,1,1,1.0,0.51417226
0,0.021060691,65,0,0.340661599,14600.0,20,0,3,0,0.0,0.23775212
0,0.002266516,48,0,0.027063058,7500.0,3,0,0,0,1.0,0.07517536
0,0.16730168,52,0,0.613483685,4167.0,18,0,1,0,0.0,0.28737006
0,0.193697868,63,0,0.152005106,9400.0,5,0,0,0,1.0,0.12307545
0,0.007247292,34,0,0.003764842,3452.0,6,0,0,0,0.0,0.11751561
1,0.080932517,80,0,1.0,2500.0,11,0,1,2,0.0,0.8185429
0,0.009256729,71,1,0.095436767,7669.0,13,0,1,0,0.0,0.1357092
0,0.029069352,45,0,0.292227703,7500.0,13,0,1,0,2.0,0.067148805
0,0.288384812,68,0,0.680088864,3600.0,24,0,2,0,0.0,0.14278543
0,0.050862492,30,0,0.057407112,6270.0,7,0,0,0,0.0,0.10570695
0,0.165179543,61,0,0.445437706,12416.0,23,0,2,0,2.0,0.11524346
0,0.014045334,75,0,0.341434731,2550.0,8,0,1,0,1.0,0.09213659
0,0.075793255,68,0,0.233641771,6051.0,15,0,1,0,1.0,0.1095089
0,0.138874445,74,0,0.337904435,14000.0,8,0,2,0,1.0,0.121413566
0,0.12604994,42,0,0.26461883,12500.0,4,0,1,0,1.0,0.081606984
0,0.016532136,51,0,0.307080772,9433.0,8,1,2,0,1.0,0.5754229
0,0.540622958,70,0,0.25775852,8538.0,9,0,1,0,1.0,0.23085384
0,0.109313213,42,0,0.06161318,10500.0,5,0,0,0,3.0,0.042456836
0,0.062870602,72,0,0.337709554,4950.0,10,0,2,0,0.0,0.1219507
0,0.061297957,57,0,0.281529556,5700.0,9,0,1,0,1.0,0.10255738
0,0.06022513,73,0,0.031440162,985.0,2,0,0,0,0.0,0.035704292
0,0.308256339,50,0,0.452201761,6244.0,10,0,3,0,1.0,0.3075376
0,0.077118458,30,0,0.413566987,8844.0,16,0,1,0,2.0,0.26930094
0,0.728470802,26,0,0.147058824,6051.0,4,0,0,0,1.0,0.4692041
0,0.086422839,39,0,1619.0,0.0,6,0,1,0,2.0,0.099334255
0,0.0,49,0,0.27883071,6225.0,5,0,3,0,1.0,0.18104349
0,0.156721421,46,0,0.135181976,7500.0,17,0,0,0,1.0,0.16733845
0,0.9999999,66,0,0.0,2410.0,1,0,0,0,0.0,0.3669705
0,0.355036555,41,0,0.358835036,9201.0,13,0,2,0,0.0,0.26246613
1,0.9999999,25,0,0.037613489,3083.0,2,1,0,0,0.0,0.83044785
0,0.000180448,39,0,0.449460449,10100.0,13,0,6,0,0.0,0.44942734
0,0.729341139,57,0,0.558529457,6500.0,15,0,1,1,1.0,0.82999074
0,0.024955625,49,0,0.763809048,4000.0,12,0,2,0,1.0,0.24072094
0,0.339798711,32,0,0.582683463,5000.0,13,0,1,0,3.0,0.46884456
0,0.933111857,41,0,0.512125535,5607.0,13,0,1,0,0.0,0.57853985
0,0.034431692,78,0,0.000313922,6370.0,3,0,0,0,0.0,0.061681356
0,0.309379897,48,0,0.217508781,3700.0,4,0,1,0,2.0,0.1855205
0,0.092176989,55,0,0.142059986,4300.0,8,0,0,0,1.0,0.11460646
0,0.988800747,66,0,0.616611757,5766.0,4,0,1,0,0.0,0.19603615
0,0.246458924,72,0,0.297909408,4591.0,5,0,2,0,0.0,0.070292704
0,0.033067172,64,0,68.0,0.0,8,0,0,0,0.0,0.17385724
1,0.154724314,44,0,0.727416799,4416.0,10,0,3,0,0.0,0.4135786
0,0.255242826,52,1,0.209864833,12650.0,9,0,2,0,4.0,0.20425147
0,0.402966155,58,0,0.34350663,4750.0,11,0,1,0,1.0,0.27163738
0,0.180611772,49,0,0.347778454,8214.0,7,0,1,0,3.0,0.13662852
0,0.690136593,57,0,0.407587549,6167.0,9,1,1,0,3.0,0.8372202
0,0.238993068,67,0,0.183176197,8166.0,8,0,1,0,2.0,0.07833333
0,0.9999999,58,0,0.032542959,10416.0,2,1,0,1,0.0,0.74765664
0,0.335010076,62,0,0.327952001,16166.0,9,0,2,0,1.0,0.13078251
0,0.005552751,60,0,0.499305748,3600.0,16,0,1,0,0.0,0.1636145
0,0.032684429,69,0,0.024986119,1800.0,6,0,0,0,0.0,0.081736766
0,0.438341488,37,1,0.330395573,4878.0,6,1,1,1,2.0,0.888209
0,0.088742605,38,0,0.049590082,5000.0,10,0,0,0,0.0,0.15740447
0,0.552423979,66,0,0.738630685,2000.0,15,1,0,1,0.0,0.92056835
1,0.9999999,58,0,0.094089974,3400.0,2,0,0,1,1.0,0.87814176
0,0.00538936,68,0,2.855610877,2610.0,8,0,1,0,0.0,0.0726136
0,0.818738766,53,0,0.313532545,11076.0,7,0,1,0,0.0,0.27171442
0,0.046891496,78,0,0.037437005,8333.0,13,0,0,0,0.0,0.08308672
0,0.04019836,74,0,0.309335047,14000.0,11,0,2,0,0.0,0.1462313
0,0.143377025,48,0,0.303899513,5333.0,11,0,2,0,1.0,0.14164984
0,0.118732956,49,0,0.096761295,2500.0,4,0,1,0,0.0,0.12961417
0,0.064499152,83,0,0.012794882,2500.0,3,0,0,0,0.0,0.079269014
0,0.059183801,26,0,0.067061144,1520.0,7,0,0,0,0.0,0.3137703
0,0.337033611,54,0,0.103589278,2200.0,3,0,0,0,1.0,0.30626664
0,0.577829738,59,0,0.365795918,12249.0,13,0,2,0,0.0,0.19680294
0,0.207036215,43,2,0.599680064,5000.0,7,0,2,0,0.0,0.6599751
0,0.007140319,47,0,0.248623465,2360.0,4,0,0,0,0.0,0.047716953
0,0.015489826,78,0,0.271226789,6300.0,14,0,1,0,0.0,0.08692227
0,0.366062091,77,0,0.559043159,7900.0,12,0,1,0,0.0,0.34271276
0,0.020206864,72,0,0.021591363,2500.0,12,0,0,0,0.0,0.12745266
0,0.70651236,34,0,0.336475293,3500.0,9,0,0,0,1.0,0.55940896
0,0.014811588,68,0,0.283589368,4100.0,13,0,0,0,0.0,0.041171823
0,0.999868091,46,2,0.162412662,7012.0,5,0,0,0,3.0,0.7973732
0,0.134438935,37,0,1232.5,1.0,13,0,1,0,2.0,0.1073706
0,0.00411102,60,0,0.000705816,7083.0,4,0,0,0,0.0,0.036168624
0,0.099726185,46,0,0.077051229,2400.0,4,0,0,0,1.0,0.15549837
0,0.392508269,67,0,0.351412147,4000.0,6,0,1,0,0.0,0.13977508
0,0.001935421,86,0,0.000488759,2045.0,1,0,0,0,0.0,0.009801645
0,0.9999999,43,0,0.083596656,25000.0,5,0,1,0,0.0,0.32252944
0,0.180794778,55,0,0.620613403,10400.0,17,0,2,0,2.0,0.20375969
0,0.864565417,69,0,0.383461694,7400.0,13,0,1,0,0.0,0.25266615
1,1.28685259,50,0,0.059957173,1400.0,1,0,0,0,2.0,0.8343966
1,0.983708568,60,1,0.578915572,6620.0,16,0,1,2,0.0,0.93668145
0,0.914618073,57,0,0.109633028,4359.0,2,0,0,0,0.0,0.5120723
0,0.323205907,31,0,0.103808033,3833.0,5,0,0,0,0.0,0.21527524
0,0.353684047,65,0,1698.0,1.0,11,0,2,0,0.0,0.08966662
0,0.064616233,45,0,0.131261641,10200.0,8,0,1,0,2.0,0.09536902
0,0.10142604,53,2,0.461230838,4500.0,9,2,1,1,0.0,0.9239249
0,0.0,55,0,0.0,7400.0,6,0,0,0,0.0,0.040871307
0,0.226443264,68,0,0.366547045,17833.0,20,0,4,0,0.0,0.28376773
0,0.343201248,53,0,0.377370662,7750.0,8,0,1,0,3.0,0.17592283
0,0.013974129,53,0,0.135480289,1800.0,15,0,0,0,2.0,0.24447517
0,0.134625659,68,0,0.038377297,10500.0,12,0,0,0,0.0,0.055874813
0,0.896395032,30,0,0.298802201,3088.0,8,0,0,0,0.0,0.544964
0,0.9999999,24,0,0.147511998,3958.0,2,0,0,0,0.0,0.39379683
0,0.317712531,66,0,0.263323936,14897.0,9,0,2,0,0.0,0.14330865
1,0.239872735,48,0,0.184094256,8826.0,9,0,0,1,0.0,0.5236958
1,0.899010492,51,1,0.429801416,7200.0,12,0,1,0,0.0,0.6941896
0,0.080412615,54,0,0.276396161,4583.0,8,0,1,0,0.0,0.09597782
0,0.331111323,63,2,0.290322581,2200.0,8,2,0,1,0.0,0.94127065
0,0.254916339,49,0,0.423192269,3000.0,8,0,2,1,2.0,0.5441852
0,0.220173135,64,0,0.290087464,12347.0,24,0,2,0,0.0,0.09054485
0,0.9999999,24,0,0.159900062,1600.0,1,0,0,0,0.0,0.5864813
0,0.053323983,61,0,0.221923398,10782.0,11,0,3,0,0.0,0.098990664
0,0.311651272,57,0,0.344136566,8083.0,13,0,1,0,0.0,0.18298368
0,0.258986886,67,0,0.549192811,3282.0,20,0,2,0,0.0,0.26851207
0,0.236160981,40,0,0.382927665,5833.0,9,0,1,0,3.0,0.21853438
0,0.9999999,53,1,0.176798041,4490.0,4,0,0,0,1.0,0.7074707
0,0.196759552,49,0,0.262870386,6040.0,11,0,2,0,1.0,0.18611035
0,0.044464535,55,0,0.227193202,4000.0,4,0,1,0,2.0,0.08424937
0,0.0,62,0,0.0,9606.0,10,0,0,0,0.0,0.07617914
0,0.695991801,52,1,0.234503361,8033.0,17,0,1,0,0.0,0.6340066
0,0.009693941,58,0,0.289244638,6433.0,11,0,2,0,3.0,0.086381756
0,0.069406231,56,0,0.384580771,6666.0,5,0,2,0,0.0,0.2181044
0,0.9999999,59,0,0.0,1109.0,1,0,0,0,0.0,0.51587325
0,0.008005714,61,0,0.003128666,2556.0,3,0,0,0,0.0,0.055816367
0,0.234399181,42,0,0.230195382,11259.0,13,0,2,0,2.0,0.12969656
0,0.026150494,36,0,1854.0,0.0,3,0,1,0,3.0,0.02495633
0,0.142282428,63,3,0.7651763,2750.0,19,0,2,0,0.0,0.7205791
0,0.001422906,47,0,0.221502714,10500.0,11,0,1,0,0.0,0.063249536
0,0.270500713,46,0,0.421957804,10000.0,11,0,3,0,0.0,0.30619353
0,0.489228359,68,0,0.418632547,2500.0,10,0,0,0,0.0,0.27959982
0,0.0,70,0,0.0,2000.0,5,0,0,0,0.0,0.015721371
0,0.067659149,55,0,0.235968538,7500.0,6,0,1,0,0.0,0.11093689
0,0.037954872,41,0,0.049854187,7200.0,4,0,0,0,0.0,0.05335978
0,1.00614198,39,3,1.696086595,1200.0,5,0,1,3,2.0,0.9575455
0,0.180184264,49,0,0.451133698,6394.0,13,0,1,0,0.0,0.1824645
0,0.9999999,29,0,0.088880484,5287.0,2,0,0,0,0.0,0.5057268
1,0.473652635,45,0,1.196865818,1020.0,5,0,1,0,2.0,0.35802487
0,0.072889584,57,0,0.097390494,8583.0,6,0,1,0,0.0,0.099032834
0,0.586830269,47,0,0.612091861,6400.0,17,0,1,0,2.0,0.59075135
0,0.9999999,63,0,0.176802379,9750.0,7,0,2,0,1.0,0.32479185
0,0.085867365,42,0,0.289874039,6112.0,6,0,1,0,0.0,0.108351626
0,0.882839421,56,0,0.050312791,7512.0,6,0,0,0,0.0,0.5205084
0,0.260376554,49,0,0.437941608,7500.0,9,0,2,0,1.0,0.17733836
0,0.875746657,46,1,0.863988967,5800.0,14,0,1,0,0.0,0.82456404
0,0.053381757,67,0,0.016767095,3816.0,5,0,0,0,0.0,0.041859485
0,0.215699769,36,0,0.372525849,3384.0,3,0,1,0,1.0,0.1452583
0,0.015732452,64,0,0.210421064,9000.0,11,0,1,0,0.0,0.054158084
0,0.032180843,53,0,0.059564329,2937.0,5,0,0,0,0.0,0.12716776
0,0.409008842,74,0,0.427517132,1896.0,5,0,0,0,0.0,0.30074942
0,0.827585708,50,0,0.835531082,6900.0,13,0,1,0,0.0,0.5274085
0,0.004850154,62,0,0.171980891,9000.0,6,0,1,0,2.0,0.059938494
0,0.370756365,66,0,0.517607165,11500.0,20,0,2,0,0.0,0.21969037
0,0.0,73,1,0.015760555,6915.0,8,0,0,0,0.0,0.18532106
0,0.00388259,69,0,0.329597343,4817.0,10,0,1,0,0.0,0.048648957
0,0.009782396,53,0,0.575388575,10100.0,19,0,2,0,1.0,0.2248549
0,0.199964574,46,1,0.384682449,14910.0,13,0,1,0,0.0,0.41085526
0,0.003001855,37,0,0.084766094,2500.0,6,0,0,0,0.0,0.08127953
0,0.078076881,63,0,0.343697946,1800.0,7,0,2,0,0.0,0.16442272
0,1.053157807,33,4,0.145823719,6500.0,12,1,0,0,0.0,0.94274
0,0.065630892,31,0,0.162635688,5250.0,10,0,0,0,0.0,0.17096855
1,0.709035617,45,0,0.527155816,8708.0,12,0,3,0,3.0,0.5062421
0,0.002727149,39,0,0.519337017,3800.0,7,0,1,0,1.0,0.09516351
0,0.037854752,54,0,0.845064556,2400.0,5,0,1,0,1.0,0.081931084
0,0.011195522,24,0,0.0,10200.0,2,0,0,0,0.0,0.048791654
0,0.0,67,0,0.0,5500.0,3,0,0,0,1.0,0.042877432
0,0.000237385,55,0,0.299283453,6000.0,10,0,2,0,3.0,0.19852772
0,0.081662042,57,0,0.322324077,7417.0,17,0,2,0,2.0,0.13898592
0,0.24485423,47,0,0.352941176,6952.0,6,0,2,0,2.0,0.13909082
0,0.0,44,0,0.353844677,10416.0,7,0,3,0,1.0,0.21046302
0,0.193887032,81,0,0.384538487,3000.0,26,0,1,0,0.0,0.060327545
0,0.29592083,83,0,0.087702226,8220.0,4,0,0,0,0.0,0.10664264
0,0.9999999,57,0,0.0,6673.0,1,0,0,0,1.0,0.60932595
0,0.062699433,59,0,0.42048,6249.0,14,0,1,0,1.0,0.14276972
0,0.032778889,53,0,0.253617945,5527.0,5,0,1,0,2.0,0.075130284
0,0.985807442,46,1,0.090409133,12000.0,4,2,0,0,4.0,0.85401565
0,0.138022616,53,0,0.343406288,9000.0,12,0,2,0,4.0,0.17514424
0,0.157733986,42,0,0.481780071,3100.0,10,0,1,0,2.0,0.2793607
0,0.028535889,63,0,0.517522412,29447.0,10,0,4,0,0.0,0.11818475
1,0.952123742,31,1,0.192903548,2000.0,2,4,0,1,1.0,0.9570873
0,0.0,48,0,0.241959673,6000.0,5,0,1,0,0.0,0.10525328
0,0.0,82,0,0.240978701,5680.0,8,0,0,0,0.0,0.13624059
0,0.065471904,66,0,0.756747751,3000.0,7,0,1,0,0.0,0.12018209
0,0.421594952,51,0,0.378316032,10403.0,14,0,1,0,1.0,0.30647236
0,0.217634953,31,0,0.460384904,4000.0,9,0,2,0,0.0,0.33203438
0,0.434055374,52,0,0.396259395,5720.0,5,0,1,1,0.0,0.5655262
0,0.084159933,65,0,0.632216324,6027.0,7,0,2,0,0.0,0.12048288
0,0.066625575,54,1,0.342396014,9231.0,19,0,2,0,0.0,0.41306555
0,0.806071932,43,0,0.244107311,11666.0,9,0,0,0,2.0,0.4148282
0,0.114927571,46,0,0.348212143,4166.0,7,0,1,0,0.0,0.18288812
0,0.780406531,60,0,0.127790179,3583.0,6,0,0,0,2.0,0.5171859
0,1.062744771,48,0,0.173706441,41667.0,11,0,2,0,2.0,0.44914743
0,0.420346215,38,0,1.365630713,4375.0,12,0,2,0,2.0,0.6670548
0,0.821368061,28,0,0.109526032,15000.0,7,0,0,0,0.0,0.49436462
1,1.149390661,39,0,0.556205803,4100.0,5,5,2,2,1.0,0.9811303
0,0.024066437,40,0,0.233595801,8000.0,9,0,2,0,1.0,0.1128818
0,0.082739658,30,0,0.005205479,3649.0,3,0,0,0,2.0,0.1394493
1,1.025179856,34,0,1.576905728,6650.0,6,5,1,1,0.0,0.9757884
0,0.090297558,30,0,0.161967606,3333.0,7,0,0,0,0.0,0.12906064
0,0.054039958,37,0,0.46960281,3700.0,8,0,1,0,0.0,0.12453961
0,0.334309666,52,1,0.777712438,3400.0,8,0,2,0,0.0,0.54736024
0,0.9999999,50,0,0.291281052,2052.0,2,3,1,0,1.0,0.9079406
0,0.132492696,47,0,0.289854203,16666.0,14,0,1,0,2.0,0.15809745
0,0.06284116,65,0,0.279480037,14000.0,8,0,2,0,0.0,0.09614209
0,0.085420436,72,0,0.285164835,7279.0,15,0,1,0,0.0,0.10532414
0,0.340159795,62,0,0.381757668,22233.0,26,0,3,0,2.0,0.14263822
0,0.024517189,29,0,0.385515728,4100.0,2,0,1,0,2.0,0.10556169
0,0.072005141,57,0,0.12479376,6666.0,14,0,1,0,0.0,0.1410177
0,0.605226318,48,1,0.719904648,7550.0,11,0,2,0,2.0,0.63589776
0,0.290265422,57,0,0.374828465,5100.0,9,0,1,0,0.0,0.18805191
0,0.021458879,55,0,0.172063687,13000.0,7,0,2,0,2.0,0.047954656
0,0.0,37,0,0.0,15500.0,1,0,0,0,2.0,0.1271063
0,0.003105806,62,1,0.163177301,16000.0,16,0,1,0,1.0,0.16646682
0,0.107609432,64,0,0.341422048,7664.0,10,0,1,0,0.0,0.08803017
0,0.874518509,41,0,0.587140675,7200.0,11,0,1,0,4.0,0.6411077
1,0.784431138,36,2,0.520741732,5230.0,3,2,1,0,0.0,0.9420821
0,0.029159417,63,0,0.221365639,13619.0,6,0,2,0,0.0,0.03790952
1,0.902408675,51,2,0.713235294,1767.0,8,0,1,1,1.0,0.89861685
0,0.116515307,30,0,0.198160368,5000.0,10,0,0,0,1.0,0.24704786
0,0.513148685,57,0,0.027125717,5750.0,1,0,0,0,1.0,0.34280834
0,0.08625688,67,0,0.365132264,4800.0,9,0,1,0,0.0,0.109953575
1,0.44584215,47,3,0.537244694,9987.0,14,0,2,0,2.0,0.7712138
0,0.0,30,0,0.298331698,3056.0,4,0,0,0,1.0,0.26280612
0,0.024825874,35,0,0.258715391,8920.0,7,0,2,0,0.0,0.08856607
0,0.558277869,45,0,0.163592323,5366.0,8,0,0,0,2.0,0.3771729
0,0.536323184,63,0,0.3075248,4132.0,4,0,1,0,1.0,0.22680975
0,1.487520799,35,3,0.069559668,4700.0,3,0,0,0,2.0,0.8792022
0,0.037479097,52,0,0.231110563,8112.0,12,0,1,0,2.0,0.08328702
0,0.033391335,57,0,0.316239316,6083.0,6,0,2,0,0.0,0.09029364
0,0.0,45,0,1.464580617,2300.0,11,0,2,0,2.0,0.28457654
0,0.9999999,57,0,0.209025302,11500.0,6,0,2,0,2.0,0.19750746
0,0.759966805,52,0,0.564763386,4500.0,10,0,1,0,1.0,0.59763366
0,0.050331656,56,0,0.211245163,8785.0,5,0,2,0,1.0,0.054954056
1,1.313373253,32,1,0.005065316,3750.0,3,1,0,0,2.0,0.9334289
0,0.354205852,55,3,0.560515173,5667.0,15,0,2,0,0.0,0.72661054
0,0.0,76,0,0.498456109,6800.0,9,0,1,0,0.0,0.119747505
0,0.417434642,46,2,0.48515613,6500.0,14,0,3,0,1.0,0.69566774
0,0.81393002,56,0,3583.0,0.0,15,0,2,0,2.0,0.37828705
0,0.583610137,37,0,0.236234159,17833.0,8,0,2,0,2.0,0.3016772
0,0.202481416,62,0,0.032326369,7083.0,5,0,0,0,0.0,0.10204761
0,0.004966501,50,0,0.374583426,4500.0,6,0,1,0,3.0,0.051965848
0,0.017185714,50,0,0.053409423,6833.0,11,0,0,0,4.0,0.104164325
0,0.096653899,54,1,0.198315644,8667.0,9,0,2,0,0.0,0.30950314
0,0.104317914,44,0,0.553618298,5333.0,4,0,2,0,0.0,0.14004569
0,0.040391167,72,0,0.545092838,5277.0,9,0,3,0,0.0,0.11698765
1,0.57888986,49,3,0.4493002,3500.0,7,1,1,1,0.0,0.9310146
0,0.441792204,46,0,0.444301503,17100.0,12,0,4,0,0.0,0.39482597
0,0.465062016,59,0,0.575252592,7620.0,8,0,2,0,1.0,0.20285754
0,0.9999999,56,0,0.835407467,2490.0,3,0,2,0,0.0,0.46709982
0,0.0473278,38,0,0.18441942,5416.0,11,0,0,0,2.0,0.11694593
0,0.387657042,59,0,0.573324701,6177.0,24,0,2,0,0.0,0.28330603
0,0.262035494,45,0,1.162335677,6541.0,14,0,3,0,0.0,0.5004309
0,0.662660216,32,0,0.135733033,8000.0,4,0,0,0,4.0,0.44426504
0,0.0,44,0,0.477124183,2600.0,3,0,1,0,0.0,0.11582079
0,0.057325109,50,0,0.200074412,10750.0,3,0,1,0,0.0,0.060359314
0,0.020540622,37,0,0.008725686,5500.0,4,0,0,0,3.0,0.11050434
0,0.425127864,51,0,0.311735718,10957.0,8,0,1,0,1.0,0.17624013
0,0.230929815,40,0,0.303265941,4500.0,6,0,0,0,3.0,0.22027029
0,0.146770646,48,0,0.003398208,6473.0,1,0,0,0,0.0,0.27847773
0,0.117213048,33,0,0.36775483,1500.0,8,0,0,0,0.0,0.22381906
0,0.418527158,43,0,0.283886445,2500.0,5,0,0,0,1.0,0.32797602
0,0.035073101,51,0,0.525491503,3000.0,9,0,2,0,0.0,0.23208818
0,0.985068576,36,2,1.686653772,1550.0,8,0,2,1,2.0,0.914277
0,0.0,56,0,0.149395732,11666.0,8,0,1,0,0.0,0.06804237
0,0.229561225,67,0,0.3005689,6327.0,15,0,1,0,0.0,0.20672706
0,0.023623778,26,0,0.001713796,3500.0,3,0,0,0,0.0,0.12510894
1,0.990764426,36,2,0.361340457,4117.0,4,0,0,0,1.0,0.82763565
0,0.0,57,0,1.946953091,2280.0,9,0,3,0,0.0,0.44130546
0,0.0,58,0,0.067784149,6800.0,5,0,1,0,0.0,0.049861446
0,0.874009333,46,0,0.654266958,2741.0,11,0,2,0,0.0,0.63471717
0,0.226787068,56,0,0.352190014,7830.0,13,0,1,0,0.0,0.13781236
1,0.360271979,61,0,0.277280702,11399.0,17,0,1,0,0.0,0.24121326
0,0.957802813,53,0,0.793429745,5600.0,9,0,1,0,0.0,0.625075
0,0.0,64,0,0.457708458,5000.0,7,0,1,0,0.0,0.0758725
0,0.05775328,37,0,0.00777605,4500.0,1,0,0,0,3.0,0.12990467
0,0.345654346,52,0,0.529621699,1400.0,4,0,0,1,1.0,0.7023429
1,0.9999999,56,0,0.0,637.0,0,0,0,0,0.0,0.73397326
0,0.024381065,77,0,0.488835082,3716.0,12,0,2,0,1.0,0.14995217
0,0.085224411,52,0,0.29106491,6300.0,17,0,1,0,1.0,0.14738175
0,0.997231195,46,3,0.324796848,4060.0,11,0,0,0,0.0,0.8734865
0,0.092550526,43,0,0.363772705,6000.0,7,0,2,0,2.0,0.12782575
0,0.230378811,35,0,0.399952387,8400.0,7,0,2,0,3.0,0.20671707
0,0.043562501,53,0,1.31187525,2500.0,28,0,3,0,1.0,0.3098032
0,0.042706666,60,0,0.357810195,6100.0,10,0,1,0,0.0,0.104644656
0,0.040877968,72,0,0.193518519,10799.0,12,0,1,0,0.0,0.056192253
0,0.036605836,75,0,0.020256583,1480.0,5,0,0,0,0.0,0.033185903
0,1.04598978,44,2,0.378406229,8733.0,14,1,1,0,0.0,0.91655016
0,0.217992765,42,0,0.421399702,4700.0,8,0,1,0,3.0,0.1936429
0,0.9999999,40,0,0.175513422,27900.0,5,0,2,0,2.0,0.46335158
1,0.21660572,49,1,0.38160115,16000.0,11,0,3,0,3.0,0.51463544
0,0.090114997,31,0,0.657268546,5000.0,7,0,2,0,2.0,0.31798014
0,1.459027315,46,0,0.023991276,2750.0,2,0,0,2,1.0,0.91159
0,0.502042508,30,0,0.254387914,4500.0,9,0,0,0,0.0,0.3931213
0,0.390523088,54,1,0.433277785,7800.0,15,0,1,0,2.0,0.40877494
0,0.513035528,59,0,0.332167832,12583.0,9,0,2,0,2.0,0.18791045
0,0.011162278,57,0,0.00241838,9096.0,8,0,0,0,1.0,0.09257024
0,0.0,68,1,0.06285767,10833.0,9,1,0,0,0.0,0.58758885
0,0.272251893,80,0,0.265164645,7500.0,18,0,1,0,0.0,0.16011822
0,0.257896293,52,0,0.485813614,8916.0,5,0,2,0,2.0,0.17042574
1,0.329877908,48,0,0.402533374,13183.0,7,0,2,0,2.0,0.24360533
0,0.015802654,74,0,0.150440371,4200.0,12,0,0,0,0.0,0.055300772
0,0.318531575,40,0,0.435403908,3428.0,8,0,1,0,0.0,0.23979345
0,0.0,37,0,0.000249984,16000.0,7,0,0,0,0.0,0.032171022
0,0.9999999,48,0,0.0,3752.0,0,0,0,0,0.0,0.6734039
0,0.995067324,59,0,0.388119954,1733.0,4,0,0,0,0.0,0.5458129
0,0.470582764,68,0,0.274082962,5833.0,8,0,1,0,1.0,0.14161935
0,0.42071494,33,0,0.170487948,1700.0,4,0,0,0,1.0,0.38083223
0,0.10497321,48,1,0.233943481,6227.0,8,0,2,0,2.0,0.30486488
1,0.635484788,73,1,0.672546196,8333.0,13,4,4,0,0.0,0.93496233
0,0.007733497,53,0,0.341788409,6228.0,21,0,1,0,0.0,0.15951292
0,0.0291711,59,0,0.241582008,15650.0,16,0,2,0,2.0,0.09807633
0,0.0,60,0,0.358372457,1916.0,2,0,1,0,0.0,0.16831201
0,0.047017648,61,0,0.206558688,5000.0,6,0,1,0,0.0,0.06264935
0,0.05262768,46,0,0.277203144,7250.0,7,0,1,0,1.0,0.099710606
0,0.142438114,50,0,0.451729028,9166.0,9,0,1,0,1.0,0.1293464
0,0.003009983,52,0,0.443911218,5000.0,14,0,2,0,2.0,0.14940178
0,0.003155485,62,0,0.190949606,2916.0,4,0,0,0,1.0,0.09797563
0,0.026802624,72,0,0.176865046,3578.0,14,0,0,0,0.0,0.09096905
0,0.0,62,3,0.290491738,10106.0,17,0,2,0,0.0,0.40836924
1,0.9999999,30,1,0.109424181,5400.0,4,3,0,2,0.0,0.9512485
0,0.246240637,54,0,1.040989753,4000.0,10,0,1,0,1.0,0.33930215
0,0.126996152,46,0,0.019997059,6800.0,7,0,0,0,0.0,0.14729333
0,0.168677611,76,0,0.137035949,10208.0,7,0,2,0,0.0,0.1113438
0,0.052147898,53,0,0.324711748,6417.0,12,0,1,0,0.0,0.1362028
0,0.258369211,47,0,0.466095857,10160.0,19,0,1,0,2.0,0.2174484
0,0.003820637,80,0,0.218446602,3501.0,12,0,1,0,0.0,0.089311294
0,0.14464738,36,0,0.112751884,6500.0,5,0,0,0,3.0,0.23073477
0,0.100908634,40,0,0.234127645,6000.0,7,0,0,0,0.0,0.1065803
0,0.192080792,33,0,0.016893894,3373.0,4,0,0,0,0.0,0.13515756
0,0.201813117,44,1,0.152587413,7149.0,7,0,0,0,2.0,0.4470428
0,0.485311598,38,0,0.675802847,8500.0,12,0,6,0,0.0,0.7476104
0,0.075304439,56,0,0.930613877,5000.0,15,0,4,0,1.0,0.4243627
0,0.919981339,41,0,0.730926907,10000.0,15,0,3,0,0.0,0.7658161
0,0.775953452,51,0,0.501081159,6936.0,12,0,2,0,1.0,0.3699691
0,1.048951049,30,0,0.021925978,5700.0,3,0,0,0,1.0,0.71304476
0,0.024726523,60,0,0.005160181,4650.0,3,0,0,0,0.0,0.05822716
0,0.031825394,45,0,0.01032989,3000.0,3,0,0,0,0.0,0.10935434
0,0.204291893,75,0,0.187008688,2416.0,6,0,0,0,0.0,0.15257695
0,0.181713732,57,0,0.130453416,11666.0,17,0,1,0,1.0,0.1420218
1,0.9999999,30,0,0.005640303,7800.0,0,0,0,1,1.0,0.90379184
0,0.445765502,31,0,0.493998153,5414.0,7,0,2,0,0.0,0.28725973
0,0.014264765,48,0,0.733315748,3790.0,5,0,1,0,0.0,0.11944447
0,1.222591362,28,1,239.0,0.0,2,0,0,0,1.0,0.56055266
0,0.352465551,36,1,0.657787377,8333.0,24,0,0,0,2.0,0.4773922
0,0.016868832,93,0,0.009151414,1201.0,3,0,0,0,0.0,0.00938945
0,0.190183371,59,0,0.051549828,9000.0,6,0,0,0,0.0,0.15034786
0,0.258494337,32,0,0.007773852,1414.0,1,0,0,0,0.0,0.28452772
1,0.973965774,57,4,0.564327485,9233.0,15,0,1,1,0.0,0.93804795
1,0.850830246,49,0,0.529635098,4740.0,17,0,2,0,1.0,0.6985765
0,0.050347483,86,0,0.302549966,2901.0,3,0,1,0,1.0,0.036569525
0,0.194382523,64,2,0.26576986,5500.0,7,0,1,1,0.0,0.7574985
0,1.014663408,48,0,0.625675676,1479.0,4,0,0,0,0.0,0.711183
0,0.574183595,44,0,0.318739585,6600.0,6,0,1,0,2.0,0.28988805
0,0.005841295,46,1,0.247597078,2600.0,8,1,0,0,2.0,0.76180595
0,0.0,63,0,0.202621054,11750.0,13,0,3,0,0.0,0.09427016
0,0.052617225,56,0,0.849670812,5467.0,7,0,2,0,0.0,0.19567588
0,0.089850094,50,0,0.489930996,7100.0,10,0,1,0,2.0,0.11199509
0,0.384972601,49,4,1.872606162,1200.0,17,0,1,0,1.0,0.754784
0,0.022232873,72,0,0.24494825,2028.0,18,0,1,0,0.0,0.14851645
0,0.774714038,53,0,0.371553885,14363.0,12,0,2,0,1.0,0.43211976
0,0.809291421,40,0,0.14236538,4066.0,6,0,0,0,3.0,0.50558716
0,0.044669511,48,0,0.161992684,17222.0,5,0,1,0,1.0,0.05968279
0,0.0,35,0,0.55069678,2080.0,3,0,2,0,0.0,0.15456781
0,0.02138596,42,0,0.293254042,5380.0,11,0,1,0,1.0,0.08816213
0,0.889222156,29,0,0.042889391,3100.0,3,0,0,0,1.0,0.6242933
0,0.816618338,54,0,0.12171957,4000.0,4,0,0,0,2.0,0.52774185
0,0.911548782,32,0,0.683320523,1300.0,6,0,0,0,0.0,0.5721614
0,0.106795184,49,0,0.041146624,27000.0,11,0,1,0,3.0,0.1233391
0,0.439156084,53,0,0.360451164,4166.0,5,0,1,0,0.0,0.24636634
0,0.969650919,63,0,0.225041039,6700.0,6,0,0,0,0.0,0.32576564
0,0.58832798,65,0,0.342393687,2280.0,4,0,0,0,1.0,0.357625
0,0.9999999,32,0,0.0,1916.0,0,1,0,0,4.0,0.89577913
0,0.000248432,54,1,0.196544276,8333.0,7,0,0,0,1.0,0.37070823
1,0.9999999,71,4,0.278454577,2872.0,4,1,1,2,0.0,0.952016
0,0.135674573,49,0,0.639204545,3167.0,5,0,2,0,0.0,0.19522122
0,0.278036098,50,0,0.466284933,11700.0,9,0,2,0,0.0,0.19495328
0,0.9999999,38,0,0.276493256,2075.0,6,0,0,0,0.0,0.5710114
0,0.020675421,40,0,0.10023071,3900.0,4,0,0,0,2.0,0.08072659
0,0.460310794,40,0,0.302101576,2283.0,3,0,0,0,0.0,0.30018213
0,0.125239858,55,0,0.337732454,5000.0,13,0,1,0,0.0,0.19430992
0,0.375374984,34,0,0.318048207,1700.0,3,0,0,0,0.0,0.27291116
0,1.016598893,63,0,0.071896203,8400.0,3,1,0,0,0.0,0.8720966
0,0.486510623,51,0,0.476803321,9634.0,20,0,2,0,0.0,0.43779138
0,0.026285762,51,0,0.614257162,1500.0,12,0,1,0,0.0,0.14596428
0,0.780468451,55,0,0.22891302,9116.0,15,0,0,0,0.0,0.52290994
0,0.11694686,80,2,0.22397365,8500.0,15,0,1,0,0.0,0.6533369
0,0.284236153,45,1,0.318890815,7500.0,9,0,1,0,2.0,0.3434123
0,0.123126515,62,0,0.419510514,2900.0,13,0,2,0,1.0,0.22979742
0,0.420971354,47,0,0.218872051,6400.0,5,0,1,0,2.0,0.2645639
1,0.612644579,55,0,0.263680832,6541.0,9,0,0,0,0.0,0.40694895
0,0.094639056,30,0,0.060248686,7800.0,5,0,0,0,1.0,0.091415055
0,0.011551807,50,0,0.16575936,9000.0,16,0,1,0,2.0,0.11965195
0,0.375744744,61,0,0.259580838,3339.0,13,0,2,0,0.0,0.17985478
0,0.184060497,55,1,0.664699757,2880.0,13,0,2,0,0.0,0.4723875
0,0.005748274,35,0,0.446221511,2500.0,15,0,2,0,3.0,0.18087913
0,0.531692584,31,1,0.518217251,5900.0,14,0,1,0,3.0,0.65973544
0,0.135613696,63,0,0.12373663,10190.0,15,0,2,0,1.0,0.18906249
0,0.227917361,48,0,0.539642482,4754.0,5,0,2,0,3.0,0.2852284
0,0.804077898,33,0,0.195724179,6641.0,5,0,0,0,0.0,0.4160861
0,0.9999999,27,0,0.061155914,1487.0,1,0,0,0,0.0,0.693902
0,3.82e-05,67,0,0.168978878,8000.0,7,0,1,0,1.0,0.08412917
0,0.0,62,1,0.175516224,2033.0,7,0,0,0,0.0,0.4176655
0,0.0412714,60,0,0.015687393,3505.0,7,0,0,0,0.0,0.14326927
0,0.021042868,67,0,0.283218889,8300.0,6,0,2,0,0.0,0.059827276
0,0.135154507,47,0,0.264947011,5000.0,9,0,2,0,0.0,0.18237086
0,0.191739119,57,5,0.589037123,6895.0,19,0,2,0,0.0,0.5265895
0,0.0,60,0,0.78243826,2550.0,4,0,1,1,3.0,0.60866106
0,0.926303657,62,1,0.45202487,5950.0,11,0,2,0,0.0,0.6715337
0,0.148163071,63,0,1.079316077,4210.0,9,0,1,0,0.0,0.2140511
0,0.124712156,40,0,0.272690924,2500.0,4,0,0,0,0.0,0.14940202
0,0.43659537,50,1,0.054315572,7750.0,12,1,0,1,1.0,0.85079837
0,0.884889209,62,1,0.382639504,4515.0,10,0,1,0,0.0,0.6922899
0,0.002339534,31,0,0.338732901,8333.0,8,0,2,0,0.0,0.13502903
1,1.088359223,55,2,0.285573123,7083.0,5,1,1,1,0.0,0.9573039
0,0.031051464,46,1,0.821303304,5416.0,11,0,3,0,2.0,0.5222557
0,0.018787544,62,0,0.152980877,8000.0,12,0,1,0,0.0,0.07202086
0,0.004084466,62,0,0.007328448,1500.0,6,0,0,0,0.0,0.13609837
0,0.0,49,0,0.249166694,30300.0,9,0,2,0,2.0,0.13544904
0,0.94203972,41,0,2.093522802,3025.0,11,0,4,0,0.0,0.6776617
0,0.030993801,84,0,0.000965484,4142.0,1,0,0,0,0.0,0.028168237
0,0.032186441,36,0,0.52283214,6284.0,10,0,1,0,0.0,0.13297233
0,0.045595285,74,0,0.197972252,3747.0,8,0,1,0,0.0,0.042496145
0,0.0,53,0,0.318981201,11542.0,7,0,2,0,0.0,0.10911799
0,0.0,24,0,0.0,450.0,1,0,0,0,0.0,0.12788375
0,957.0,79,0,0.00430703,6500.0,3,0,0,0,0.0,0.19229245
0,0.544620958,52,0,0.380661741,6225.0,14,1,1,0,1.0,0.8248493
0,0.088824,67,1,0.108284535,10416.0,7,0,1,0,0.0,0.120746456
0,0.03480715,44,0,0.272069465,7600.0,9,0,2,0,3.0,0.08212325
0,0.531394055,38,0,0.402728947,11945.0,10,0,2,0,0.0,0.40969357
0,0.175409184,67,0,0.702510553,4500.0,22,0,2,0,0.0,0.2146359
0,0.005674198,63,0,0.255603351,4416.0,10,0,1,0,0.0,0.06326289
0,0.698405644,35,0,0.373862696,4835.0,5,0,1,0,0.0,0.40091357
0,0.001582631,97,0,0.001998668,1500.0,15,0,0,1,0.0,0.37581322
1,0.700670657,37,0,0.313614398,6000.0,12,0,0,0,0.0,0.5217113
0,0.570229656,74,0,2.330223259,3000.0,11,0,0,0,0.0,0.54759145
0,0.354464308,62,1,1.025324892,3000.0,18,0,2,0,1.0,0.64163935
0,0.22736891,44,0,0.220522052,4443.0,7,0,0,0,2.0,0.20872335
0,0.644923668,56,1,0.302776225,5366.0,6,1,1,0,0.0,0.8123189
0,0.595654075,53,1,0.322879738,11000.0,9,0,1,0,0.0,0.46220386
0,0.087212767,48,1,0.007306287,5200.0,8,0,0,0,1.0,0.32992035
0,0.9999999,25,0,0.100529101,1700.0,4,0,0,0,0.0,0.59364504
0,0.9999999,50,2,0.072349382,3800.0,4,1,0,2,3.0,0.9619695
0,0.152794401,55,0,0.576550528,6916.0,23,0,2,0,0.0,0.13847089
0,0.062443873,52,0,0.396978778,16350.0,23,0,3,0,4.0,0.24473245
0,0.034553636,30,0,0.241166381,2914.0,3,0,0,0,0.0,0.0929765
0,0.9999999,34,0,0.020038371,4690.0,0,0,0,0,1.0,0.715314
0,0.248974611,51,0,0.283678601,8350.0,4,0,1,0,2.0,0.1424825
0,0.17408562,50,0,0.366580867,4661.0,12,0,2,0,0.0,0.22457826
0,0.0,39,1,0.591139825,6500.0,7,0,2,0,2.0,0.34620953
0,0.0262475,63,0,0.076597691,8746.0,8,0,1,0,1.0,0.059894685
0,0.036912621,62,0,0.17317691,7500.0,8,0,1,0,1.0,0.07993499
0,0.253317981,41,0,0.478531425,6427.0,6,0,2,0,4.0,0.2538266
0,0.479507032,54,0,0.847180748,5692.0,10,0,2,0,0.0,0.40082598
0,0.071804931,66,0,0.12125163,2300.0,7,0,0,0,1.0,0.1823075
0,0.161098326,61,1,4.24750499,500.0,5,0,2,0,0.0,0.3472261
0,0.0,71,0,0.0,2019.0,3,0,0,0,0.0,0.0290201
1,0.510970258,36,1,0.110245103,9750.0,6,3,0,0,0.0,0.91129905
0,0.401260704,41,0,0.519115398,8500.0,12,0,3,0,1.0,0.41622677
1,0.798403194,37,2,0.187355342,8208.0,4,1,0,1,2.0,0.93407434
0,0.004090835,61,0,0.000832755,7204.0,5,0,0,0,1.0,0.04882693
1,0.855749645,46,0,0.336348532,5416.0,5,0,1,0,0.0,0.46723405
0,0.212442996,33,0,0.200724909,8000.0,14,0,0,0,2.0,0.23934364
0,0.2231509,57,0,0.359059814,5700.0,14,0,1,0,1.0,0.20026058
0,0.00254711,58,0,0.348060145,5386.0,9,0,1,0,1.0,0.075473785
0,0.847235662,32,0,0.259532841,5008.0,5,0,0,0,4.0,0.56978244
0,0.666083354,52,0,0.44077275,5900.0,6,0,1,0,0.0,0.42215
0,0.9999999,47,0,0.137904067,3835.0,1,0,0,0,2.0,0.7060654
0,0.143154881,49,0,0.030443217,6700.0,3,0,0,0,0.0,0.1329241
0,0.219901796,74,0,0.51996257,3205.0,13,0,1,0,0.0,0.23273128
0,0.083426677,64,0,0.037871034,2930.0,7,0,0,0,2.0,0.1798741
0,0.0,53,0,0.154903758,12000.0,6,0,1,0,1.0,0.06856184
0,0.270617633,58,0,0.176364156,10500.0,12,0,0,0,0.0,0.10349449
0,0.790902615,45,2,0.422043397,6958.0,10,0,1,0,5.0,0.75277096
0,0.17279136,52,0,0.273903328,8502.0,6,0,1,0,1.0,0.15204044
0,0.02886864,48,0,0.478383326,7100.0,6,1,2,1,2.0,0.86667216
0,0.068841385,55,1,0.688253434,10700.0,19,1,2,0,0.0,0.85622245
0,0.15865811,47,1,0.716778767,5500.0,9,0,2,0,3.0,0.5195381
0,0.095732008,67,0,0.928267933,4000.0,10,0,2,0,0.0,0.15138127
0,0.241312697,48,0,0.345003287,6083.0,14,0,2,0,1.0,0.2808354
0,0.036215374,65,1,0.072579697,8500.0,11,0,0,0,0.0,0.3785708
0,0.0,71,0,0.267870467,6700.0,8,0,1,0,0.0,0.07946594
0,0.117810046,52,1,0.428302049,11666.0,19,0,3,0,3.0,0.557855
0,0.325568107,73,0,0.133236152,6859.0,8,0,1,0,0.0,0.10926521
0,0.106931199,38,1,0.286785536,6000.0,10,0,0,0,0.0,0.36780506
0,0.345073048,72,0,0.092810621,7983.0,6,0,0,0,0.0,0.22417071
0,0.901238304,50,0,0.282762692,6775.0,6,0,0,0,1.0,0.39668706
0,0.075553584,57,1,0.363174093,7472.0,14,0,1,0,1.0,0.3231465
1,1.017618214,38,0,0.542518468,5820.0,9,0,1,0,0.0,0.80397797
0,0.275506414,59,0,0.542850206,4118.0,9,0,1,0,0.0,0.16417718
0,0.114815229,49,0,0.501506672,9291.0,20,0,2,0,0.0,0.24663515
0,0.368988799,51,0,1.152569486,5000.0,10,0,3,0,0.0,0.4808152
0,0.214410878,33,0,0.242126312,6000.0,6,0,1,0,2.0,0.14865214
0,0.033738421,38,1,0.008517888,4108.0,12,0,0,0,0.0,0.33429572
0,0.007740597,31,0,0.092984503,6000.0,6,0,0,0,2.0,0.12862518
1,0.913773615,55,2,0.881655429,4300.0,17,0,2,0,1.0,0.8976485
0,0.027176919,65,0,0.15607672,11000.0,6,0,1,0,0.0,0.035236634
0,0.547230456,48,0,0.520895821,5000.0,7,0,2,0,2.0,0.41880077
0,0.275074238,75,0,0.370338248,2305.0,9,0,2,0,0.0,0.20966747
0,0.316676597,61,0,0.631121076,11149.0,25,0,4,0,1.0,0.38278902
0,0.783538479,61,0,0.167791439,10816.0,11,0,0,0,0.0,0.38401508
0,0.116194662,52,0,0.46345754,6252.0,6,0,3,0,3.0,0.32771006
0,0.9999999,39,0,0.578333905,8750.0,3,0,2,0,0.0,0.58913356
0,0.097156114,41,0,0.194480552,10000.0,4,0,1,0,0.0,0.07832307
0,0.086938217,43,1,1.129623459,3000.0,5,0,2,0,2.0,0.47377634
0,0.039797347,58,0,0.213937411,16200.0,9,0,1,1,0.0,0.2727147
0,0.017092526,70,0,0.009998667,7500.0,5,0,0,0,0.0,0.025303883
1,0.0,30,0,0.0,1417.0,1,0,0,0,1.0,0.39851016
0,0.390971132,49,0,0.6234994,6663.0,6,0,1,0,0.0,0.23280206
0,0.072462827,65,0,0.404397069,1500.0,16,0,2,0,0.0,0.3748076
0,0.490329202,32,0,0.131642288,5400.0,5,0,0,0,0.0,0.28189197
0,0.9999999,45,0,0.0,4000.0,3,0,0,0,4.0,0.5305669
0,0.78962805,34,1,0.862112112,3995.0,10,0,1,0,2.0,0.76953536
0,0.019587083,54,0,0.022622172,8000.0,7,0,0,0,0.0,0.116402246
0,1.109634551,27,0,0.066266781,3500.0,2,1,0,0,0.0,0.8579326
0,0.641076414,41,0,0.769400718,7241.0,12,0,1,0,5.0,0.5362061
0,0.013578471,77,0,0.000830126,13250.0,2,0,0,0,0.0,0.02026176
0,0.279083777,31,0,0.538692262,3333.0,18,0,0,0,0.0,0.2776259
0,0.198570448,50,0,0.437981362,23500.0,13,0,2,0,4.0,0.20921409
0,0.046535789,64,0,0.165734981,12700.0,10,0,2,0,0.0,0.060752515
0,0.197156083,71,0,0.819556996,1850.0,11,0,2,0,0.0,0.21773422
0,0.574775792,41,0,1436.0,0.0,11,0,0,0,0.0,0.2608328
0,0.674461737,74,0,1.072815534,1647.0,8,0,1,0,0.0,0.33550236
0,0.291387915,43,1,0.322119816,4339.0,6,0,1,0,2.0,0.43398294
0,0.230743219,68,0,0.021921391,13000.0,3,0,0,0,0.0,0.074228406
0,0.05492322,64,0,0.221422256,7916.0,7,0,2,0,1.0,0.05709383
0,0.952552372,38,0,0.578725455,8300.0,6,0,2,0,2.0,0.60279465
0,0.070792358,32,0,0.074708047,6250.0,8,0,0,0,1.0,0.15862621
0,0.153024866,43,0,0.594681064,5000.0,9,0,1,0,1.0,0.26977986
0,0.829268293,28,0,0.186750428,1750.0,3,0,0,0,0.0,0.540944
0,0.003382633,48,0,0.34674543,8971.0,12,0,1,0,1.0,0.06783032
0,0.140420678,47,0,0.389372338,5400.0,11,0,3,0,1.0,0.22489363
0,0.034570194,35,0,0.486962086,6250.0,10,0,2,0,0.0,0.2018871
0,0.095400196,49,0,0.222461798,10666.0,5,0,2,0,2.0,0.04523688
0,0.184002222,26,0,0.730718954,764.0,3,0,0,0,0.0,0.11136019
0,0.192648111,81,1,0.610888957,3250.0,10,0,1,0,0.0,0.33807307
0,0.02124755,58,2,0.003147565,5400.0,6,0,0,0,0.0,0.4478441
0,0.575946493,57,1,0.504210715,5580.0,9,0,1,0,1.0,0.5429764
0,0.870956358,28,1,0.103633298,6522.0,9,0,0,2,0.0,0.7863109
0,0.436723628,64,0,0.367454311,10833.0,12,0,2,0,0.0,0.19370024
0,0.522041944,40,0,0.151461679,17000.0,4,0,2,0,4.0,0.17198941
0,0.9999999,34,0,0.246076722,4587.0,5,0,1,0,1.0,0.46295676
0,0.04472998,37,1,0.328206706,3250.0,16,0,1,0,3.0,0.5116235
0,0.017292999,76,0,0.002285497,10500.0,9,0,0,0,0.0,0.04109974
0,0.024758279,69,0,0.170365927,5000.0,10,0,1,0,0.0,0.039659057
0,0.970215694,41,1,0.295989393,6033.0,7,0,0,0,0.0,0.7170461
0,0.441477554,47,0,0.3027726,8583.0,11,0,2,0,1.0,0.2674405
0,0.068335636,39,0,0.517102263,5700.0,9,0,1,0,1.0,0.20168205
0,0.08690957,68,0,0.247128881,4701.0,8,0,1,0,0.0,0.0462564
0,0.152047644,43,0,0.044198056,6583.0,7,0,0,0,0.0,0.17919582
0,0.020381389,77,0,0.021496417,6000.0,6,0,0,0,0.0,0.06227367
0,0.314503254,43,0,0.302126886,5500.0,7,0,1,0,3.0,0.21508855
0,0.977707006,41,1,0.294676331,4000.0,6,1,1,0,2.0,0.87998545
0,0.016743699,74,0,0.003999333,6000.0,7,0,0,0,0.0,0.03581612
0,0.957228089,44,0,1.082799282,3900.0,5,6,1,1,3.0,0.9720168
0,0.077165488,48,0,0.655362648,6162.0,24,0,2,0,1.0,0.26146153
0,0.0,51,0,0.078706658,4700.0,5,0,0,0,1.0,0.124785334
0,0.0,30,1,0.227912932,3123.0,8,0,0,0,4.0,0.6669733
0,0.968187602,26,0,0.228944655,2908.0,3,0,0,0,0.0,0.49036056
0,0.109528109,39,0,0.626745201,4583.0,9,0,3,0,2.0,0.38913763
0,0.135997307,47,1,0.202137998,11318.0,19,0,1,0,4.0,0.35434434
0,0.0,42,0,0.497727961,3300.0,6,0,2,0,0.0,0.14657453
0,0.294896767,47,1,0.329734053,5000.0,4,0,1,0,3.0,0.44400707
0,0.049319248,52,0,0.190290179,10751.0,6,0,1,2,3.0,0.40252608
0,1.015796841,40,0,0.187272338,4666.0,2,0,1,0,0.0,0.53219366
0,0.9999999,29,0,0.089423077,1039.0,1,0,0,0,1.0,0.7566057
0,0.286000133,42,0,0.435269972,6333.0,18,0,1,0,3.0,0.25374025
0,0.167380151,38,0,0.10623103,5600.0,3,0,0,0,2.0,0.17208266
1,0.957967745,52,2,0.379329846,14145.0,20,1,2,0,3.0,0.9381967
0,0.038524247,46,0,0.027526015,2978.0,8,0,0,0,1.0,0.1969683
0,0.0,37,0,0.136563877,1815.0,3,0,0,0,1.0,0.1276715
0,0.885087763,53,1,0.357101849,8708.0,6,0,2,0,0.0,0.62176514
0,0.499014917,35,0,0.11124386,7532.0,8,0,0,0,0.0,0.2757272
0,0.012881595,32,0,0.332698534,5250.0,5,0,1,0,4.0,0.22211328
0,0.119182824,84,0,0.093150685,4379.0,6,0,0,0,0.0,0.13397919
0,0.492101782,39,2,0.548009809,5300.0,6,0,1,0,2.0,0.7663997
0,0.359542239,78,0,0.129374337,6600.0,7,0,1,0,1.0,0.14797291
0,0.749589412,53,0,0.034055728,6782.0,6,0,0,0,0.0,0.40481573
0,0.427223983,38,0,0.147295126,5600.0,6,0,0,0,2.0,0.28745553
0,0.522353914,64,0,1.167073984,4500.0,20,0,3,0,0.0,0.51578206
0,0.010341508,61,0,0.383774026,9416.0,11,0,2,0,1.0,0.11472674
0,0.0,51,0,0.310096154,5407.0,8,1,3,0,0.0,0.7119626
0,0.014970583,78,0,0.00956106,2300.0,5,0,0,0,0.0,0.05644202
0,0.0,40,0,0.330556481,3000.0,8,0,1,0,0.0,0.17879556
0,0.01779911,57,0,0.235354442,7800.0,4,0,2,0,0.0,0.050214794
0,0.492494573,30,0,0.504574439,3606.0,9,0,2,0,0.0,0.4109138
0,0.182596291,63,0,0.110722319,4000.0,4,0,1,0,0.0,0.08693106
0,0.9930005,40,0,0.63598642,2650.0,5,0,1,0,2.0,0.53279364
0,0.283431394,45,0,0.250593676,8000.0,11,0,2,0,2.0,0.13230501
0,0.068444068,61,0,0.407626561,3041.0,16,0,1,0,0.0,0.25323573
0,0.059055607,70,0,0.113839286,2687.0,6,0,1,0,0.0,0.047047477
0,0.057263267,74,0,0.029697148,3400.0,10,0,0,0,0.0,0.13796291
1,0.810330066,72,2,0.676326046,5900.0,11,0,0,0,0.0,0.8557742
0,0.137565352,57,0,0.048412632,12000.0,12,0,0,0,0.0,0.14964129
0,0.073294753,68,0,0.325644813,8800.0,16,0,2,0,0.0,0.23348922
0,0.843156843,21,2,5.728587319,898.0,7,2,2,1,0.0,0.5908691
0,0.245000392,64,0,1.144196429,4479.0,11,0,2,0,2.0,0.2587414
0,0.038689332,24,0,0.018726592,800.0,5,0,0,0,0.0,0.07386917
1,1.215568862,58,0,0.159325638,6583.0,2,1,1,1,1.0,0.93870187
0,0.105186621,47,0,0.517448255,10000.0,13,0,2,0,4.0,0.16094615
1,0.023255138,27,0,0.138141576,5240.0,11,1,0,0,0.0,0.6664763
0,0.507475124,65,3,0.063045685,9849.0,8,0,0,0,0.0,0.70264894
0,0.0,23,0,0.0,898.0,2,0,0,0,0.0,0.12650435
0,0.120714767,49,0,0.187866253,2900.0,4,0,0,0,0.0,0.1738924
0,0.311576695,43,0,0.80783429,4875.0,14,0,3,0,0.0,0.5625506
0,0.9999999,63,0,0.329334476,3500.0,4,0,2,0,0.0,0.3653452
0,0.9999999,63,0,0.119459053,2661.0,3,0,0,0,0.0,0.4844661
0,1.171786326,41,1,0.310515173,2833.0,9,0,0,0,1.0,0.91230667
1,0.981006331,24,1,0.01223951,25000.0,6,0,0,0,0.0,0.82697713
0,0.00649159,74,0,0.512905912,1200.0,11,0,1,0,0.0,0.092699654
0,0.304604362,77,0,0.415828596,2286.0,6,0,0,0,0.0,0.2867899
0,0.012089616,87,0,0.00416551,3600.0,4,0,0,0,0.0,0.07246627
0,0.82183187,43,1,0.880984426,5200.0,11,0,2,0,0.0,0.798051
0,0.012690409,50,0,0.157917292,4666.0,10,0,1,0,0.0,0.10167142
0,0.252373813,44,0,0.00367287,4083.0,3,0,0,0,0.0,0.19399028
1,0.54387264,49,3,0.662800163,4913.0,3,0,1,1,0.0,0.8879939
0,0.019535816,58,0,0.00789266,3800.0,4,0,0,0,0.0,0.06045214
0,0.207682494,42,0,0.444470896,8400.0,10,0,2,0,0.0,0.23311728
0,0.084791069,52,1,0.153040331,21000.0,9,1,2,2,2.0,0.90336066
1,0.9999999,57,2,0.748189281,4141.0,7,1,1,1,1.0,0.93701476
0,0.040278178,43,1,0.458159743,8400.0,10,0,2,0,0.0,0.3127273
0,0.410527309,40,0,0.492014998,7200.0,9,1,3,0,2.0,0.7607398
0,0.0,40,0,0.17048672,14833.0,4,0,1,0,3.0,0.057783943
0,0.048189482,33,0,0.218150934,4120.0,7,0,1,0,3.0,0.11807546
0,0.053343908,62,0,0.015775034,5831.0,4,0,0,0,0.0,0.065697074
0,0.082692057,58,0,0.219152665,9700.0,7,0,2,0,0.0,0.07353392
0,0.04219578,38,0,0.352202806,8125.0,4,0,1,0,2.0,0.07544775
0,0.111995485,48,0,0.389206665,4020.0,6,0,1,0,0.0,0.10265672
0,0.040363379,78,0,0.012024572,7650.0,13,0,0,0,0.0,0.04937171
0,0.9999999,43,0,0.094525478,5278.0,1,0,1,0,0.0,0.5037893
0,0.9999999,50,0,0.411917616,5000.0,4,0,0,0,3.0,0.50259507
0,0.133705143,56,0,0.693592948,7600.0,6,0,2,0,0.0,0.16880603
0,0.09918296,53,0,0.263842471,11070.0,7,0,2,0,1.0,0.062962815
0,0.01800692,63,0,0.008247938,4000.0,5,0,0,0,2.0,0.093932435
0,0.068118326,36,0,2.638361638,1000.0,7,0,1,0,0.0,0.13915138
0,0.085273178,47,0,0.452073635,9451.0,8,0,4,0,0.0,0.23838446
0,0.05028161,38,0,0.41909621,5487.0,9,0,1,0,3.0,0.14635912
0,0.9999999,43,1,0.291835277,4200.0,3,1,0,0,0.0,0.8845506
0,0.455142176,62,0,0.360682154,7446.0,10,0,2,0,3.0,0.2773479
0,0.265166758,34,0,0.283097419,1200.0,8,0,0,0,0.0,0.23784669
0,0.262712392,49,2,0.519513905,8557.0,19,1,3,0,3.0,0.7756605
0,0.081272518,54,1,0.322815534,11947.0,11,0,2,0,2.0,0.26645637
0,0.292943312,27,0,0.139584068,2836.0,11,0,0,0,0.0,0.31120202
0,0.438006952,37,0,0.333296177,8970.0,5,0,2,0,2.0,0.24584498
0,0.393903031,44,0,0.365019446,8741.0,13,0,2,0,2.0,0.21245806
0,0.154570452,38,0,0.067288474,1500.0,3,0,0,0,0.0,0.15476154
0,0.076857297,64,0,0.200736814,11128.0,9,0,1,0,0.0,0.06565567
0,0.962075848,55,0,0.14087712,4833.0,3,0,0,1,1.0,0.8328054
0,0.9999999,28,0,0.327049414,3500.0,3,0,2,0,1.0,0.49046504
0,0.041096326,74,0,1.037785589,2275.0,7,0,2,0,1.0,0.18256047
0,0.246226324,47,1,0.183004721,3600.0,8,0,0,0,4.0,0.4881832
0,0.001011634,34,0,0.073424069,5583.0,7,0,0,0,0.0,0.08436721
0,0.063023424,54,0,0.487152596,3813.0,6,0,1,0,0.0,0.104045026
0,0.002439266,63,0,0.004301825,8600.0,10,0,0,0,0.0,0.09897346
0,0.017463048,38,0,0.216120836,7083.0,3,0,1,0,0.0,0.051344637
0,0.231635244,40,0,0.003089969,100000.0,3,0,0,0,0.0,0.30836993
0,0.9999999,73,0,8500.0,0.0,2,0,0,0,0.0,0.017275233
0,0.382149809,41,0,0.190231362,3500.0,17,0,0,0,2.0,0.3643641
0,0.9999999,59,0,0.375223135,2800.0,2,0,1,0,1.0,0.47312203
0,0.002888568,28,0,0.226864506,2560.0,9,0,0,0,0.0,0.2094471
0,0.235687414,48,0,0.248924609,8833.0,10,0,2,0,1.0,0.16315651
0,0.015271802,68,0,0.12290366,8168.0,6,0,0,0,0.0,0.05596398
0,0.889074062,64,0,0.148093299,2700.0,2,0,0,0,0.0,0.346219
0,0.036448324,49,0,0.10474334,7694.0,4,0,1,0,2.0,0.069447435
0,0.482834478,55,1,0.225253535,7000.0,3,0,1,0,1.0,0.4524161
0,0.049174542,37,0,0.383790965,11289.0,9,0,2,0,1.0,0.2448338
0,0.521979121,36,0,0.17440174,5515.0,4,0,0,0,2.0,0.3674179
0,0.284828428,61,0,0.275016665,13500.0,13,0,1,0,0.0,0.06910541
0,0.045067285,57,0,0.279553029,5100.0,16,0,1,0,1.0,0.13254054
0,0.069860279,22,0,1.0,0.0,1,0,0,0,0.0,0.11935831
0,0.0099518,64,0,0.256249107,7000.0,4,0,1,0,0.0,0.056437194
0,0.059132426,46,0,0.144530134,3500.0,6,0,0,0,1.0,0.100187846
0,0.0,81,0,0.017310849,6700.0,5,0,0,0,0.0,0.03387055
0,0.012141541,76,0,0.12,4599.0,5,0,0,0,0.0,0.029915331
0,0.0,42,0,0.345734016,13466.0,16,0,3,0,1.0,0.28782916
0,0.149750347,42,0,0.162141893,20000.0,11,1,1,0,4.0,0.5712871
0,0.033779219,30,0,0.020349875,2800.0,5,0,0,0,0.0,0.10898148
0,0.0,58,0,0.16227924,3000.0,8,0,0,0,0.0,0.20476629
0,0.233530214,22,0,0.016129032,929.0,3,0,0,0,0.0,0.20858772
1,0.023752542,39,0,0.311392984,8750.0,17,0,2,0,0.0,0.25993344
1,1.419301165,28,0,0.159868026,3333.0,3,1,0,3,1.0,0.9442236
0,0.439040413,49,0,0.466340813,4500.0,13,0,1,0,0.0,0.35281885
0,0.525215811,51,0,0.719244921,6250.0,10,0,4,0,0.0,0.59459287
0,0.330007243,60,0,0.992002285,3500.0,13,0,1,0,0.0,0.27546585
0,0.007468982,59,0,0.129109671,16667.0,14,0,1,0,1.0,0.05510787
0,0.991192573,56,1,0.179364127,5000.0,7,2,0,0,1.0,0.9311823
0,0.001499925,63,0,0.112481253,6000.0,11,0,1,0,0.0,0.06693319
0,0.091095445,59,0,0.462371563,3600.0,4,0,2,0,0.0,0.13263246
0,0.359747375,49,1,0.446012703,4250.0,10,0,1,0,2.0,0.5395684
0,0.231025629,36,0,2.68378241,5900.0,4,0,1,0,1.0,0.28348547
1,0.988496593,52,5,1.729668333,2200.0,14,0,3,1,1.0,0.96392107
0,0.593578624,55,0,0.770939791,4500.0,14,0,1,0,0.0,0.5026528
0,0.357257652,41,0,0.351780927,5221.0,10,0,0,0,3.0,0.3394645
0,0.174619091,57,0,0.310699268,6420.0,14,0,1,0,0.0,0.18193659
0,0.001866542,65,0,0.0,2902.0,4,0,0,0,0.0,0.03137419
0,0.530210378,43,0,0.089097556,13950.0,10,0,0,0,2.0,0.44750282
0,0.89654253,38,1,0.451677405,4500.0,9,0,0,0,1.0,0.7837085
0,0.295315551,64,0,0.457814383,4977.0,5,0,1,0,0.0,0.10646326
0,0.983848204,36,2,0.217696195,9696.0,9,2,0,0,0.0,0.9381442
0,0.069718495,26,1,0.211294245,3700.0,8,0,0,0,0.0,0.5305957
1,1.050599201,31,3,0.623828369,4800.0,11,1,2,0,0.0,0.976708
1,0.043173461,56,1,0.155514536,4333.0,9,0,1,0,1.0,0.37560838
0,0.151224581,42,0,384.0,1.0,7,0,0,0,3.0,0.08080353
0,0.012468555,67,0,0.197950512,4000.0,6,0,1,0,0.0,0.05672551
0,0.38021563,49,0,0.466396659,7900.0,11,0,1,0,2.0,0.24635287
0,0.0,70,0,0.0,3500.0,6,0,0,0,0.0,0.016972974
1,1.255813953,42,3,0.477626459,3083.0,6,3,1,2,3.0,0.9830708
1,1.043123953,73,0,0.212158273,13899.0,21,0,0,0,0.0,0.62525624
0,0.00591642,43,0,0.048126579,9100.0,9,0,0,0,0.0,0.12390665
0,0.6909013,43,1,0.282772923,6750.0,6,0,1,0,1.0,0.4332366
0,0.005458396,50,0,0.312585927,8000.0,9,0,2,0,1.0,0.074269444
0,0.186506967,74,0,138.5,1.0,6,0,0,0,0.0,0.09138923
0,2.099009901,43,0,0.03331945,2400.0,1,0,0,0,0.0,0.75200266
0,0.202527107,67,1,0.420815017,8416.0,12,0,2,1,0.0,0.62043786
0,0.185547097,74,0,0.057169745,8500.0,3,0,0,0,0.0,0.15091796
0,0.561013664,54,0,0.220194951,4000.0,7,0,0,0,2.0,0.42400715
0,0.082196712,59,1,0.335613761,5115.0,12,0,2,0,0.0,0.38748026
1,0.017891457,52,0,0.46623786,39333.0,18,0,7,0,3.0,0.7311354
0,0.692405755,58,1,0.629712546,11166.0,20,0,2,1,0.0,0.78203154
0,0.339953013,73,0,0.174750831,3009.0,11,0,0,0,0.0,0.27869084
0,0.580927384,38,0,0.672267074,4582.0,4,0,2,0,0.0,0.44951198
0,0.008623922,43,0,0.223612104,8393.0,9,0,2,0,1.0,0.08056757
0,0.283821988,63,0,0.750200803,1244.0,9,0,0,0,0.0,0.24623014
0,0.003066872,63,0,0.256171697,18916.0,13,0,2,0,0.0,0.034779668
0,0.016727273,50,0,0.003142558,10500.0,20,1,0,0,0.0,0.46363026
0,0.9999999,63,0,0.204013925,42800.0,9,0,3,0,1.0,0.13534792
0,0.54213082,35,0,0.534910166,4396.0,4,0,2,0,0.0,0.44570196
0,0.081727464,45,0,1291.0,0.0,5,0,1,0,3.0,0.04493859
0,0.219154206,35,0,0.115245765,3600.0,4,0,0,0,0.0,0.14248823
0,0.174491189,60,0,0.758812059,6666.0,14,0,2,0,0.0,0.23594168
1,0.588426447,41,0,0.273500726,4818.0,7,0,0,3,3.0,0.8928121
0,0.006841205,78,0,52.01785714,55.0,6,0,2,0,0.0,0.07561715
0,0.551663228,58,0,0.816908744,17280.0,50,0,6,0,0.0,0.22601733
0,0.0,51,0,0.016841382,5818.0,5,0,0,0,3.0,0.15414704
0,0.510441253,53,0,0.482258207,11300.0,12,0,2,0,1.0,0.32948455
0,0.090767177,65,0,0.377803171,7000.0,13,0,3,0,0.0,0.14374852
0,0.161586608,36,0,0.274058075,12500.0,4,0,1,0,1.0,0.1041375
0,0.043646789,61,0,0.226181412,19700.0,15,0,1,0,1.0,0.056633797
0,0.359321391,39,2,0.348706412,8000.0,8,0,1,0,0.0,0.5724909
0,0.348243652,26,1,0.204320432,3332.0,4,0,0,0,0.0,0.5083587
0,0.0,43,0,0.230635461,13800.0,6,0,1,0,2.0,0.039993756
0,0.506801846,48,0,0.503909755,7800.0,12,0,3,0,0.0,0.3675582
0,0.746684258,37,0,0.343079922,4616.0,13,0,0,0,2.0,0.5740197
0,0.327191531,59,0,0.381167493,22800.0,17,0,2,0,1.0,0.21228482
0,0.071070404,35,0,1772.0,1.0,12,0,1,0,2.0,0.116913825
0,0.003050207,61,0,0.255265929,7595.0,15,0,2,0,0.0,0.09766511
0,0.45262793,51,0,0.492063492,8000.0,7,0,1,0,0.0,0.2150346
0,0.01289871,31,1,0.301771533,3273.0,10,0,1,0,0.0,0.4245074
0,0.666498334,58,0,0.186928702,4375.0,6,0,0,0,0.0,0.37148544
0,0.084915085,49,0,0.044551591,5184.0,2,0,0,0,0.0,0.11009334
0,0.58823247,54,0,0.520767778,9533.0,18,0,1,0,0.0,0.44796705
0,0.000380946,78,1,0.000749906,8000.0,8,0,0,0,0.0,0.102520764
0,0.023855841,43,0,0.0019998,10000.0,5,0,0,0,0.0,0.1195833
0,0.075974073,50,0,0.202560412,13200.0,6,0,1,0,2.0,0.052519064
0,0.0,32,0,0.80140993,6666.0,12,0,2,0,0.0,0.37045053
0,0.318088122,46,0,0.33822157,7500.0,5,0,1,0,1.0,0.23777778
0,0.008838272,44,1,0.233598786,7910.0,7,0,1,0,0.0,0.19842851
0,0.0,81,0,0.035971223,1250.0,3,0,0,0,0.0,0.054504137
0,0.332827955,39,1,0.138465384,4000.0,7,0,0,0,1.0,0.51517606
0,0.058711257,64,0,0.462617685,5416.0,8,0,1,0,0.0,0.068808325
0,0.109362665,40,0,0.213390274,7258.0,6,0,2,0,2.0,0.10049232
0,0.139558071,52,0,0.145927036,2000.0,4,0,0,0,0.0,0.162964
0,0.560540991,40,0,0.638144742,2500.0,12,0,0,0,1.0,0.5792732
0,0.149800015,40,0,0.302565811,3000.0,3,0,1,0,3.0,0.15962142
0,0.023665245,81,0,0.061041806,10500.0,15,0,1,0,0.0,0.044214666
0,0.832016798,32,1,0.692866879,2200.0,5,1,1,0,2.0,0.8709702
1,0.186362014,25,2,0.099950025,2000.0,5,0,0,3,0.0,0.8847318
0,0.9999999,28,0,0.512536633,3070.0,4,0,1,0,0.0,0.49146497
0,0.0,53,2,0.599566739,6000.0,7,0,2,0,0.0,0.5684487
0,0.00792511,58,0,0.289071093,10000.0,10,0,2,0,0.0,0.08954164
0,0.228562113,55,0,0.922880816,1568.0,6,0,2,0,0.0,0.26487985
0,0.423140472,45,4,0.139298336,11600.0,14,0,0,0,1.0,0.73822194
0,0.760689458,54,2,0.389101816,6000.0,8,1,1,1,2.0,0.92510754
0,0.080156794,75,0,0.005538121,10833.0,4,0,0,0,0.0,0.016648319
0,0.043747897,43,0,0.024975985,1040.0,4,0,0,0,2.0,0.17471792
0,0.015261541,72,0,0.609884332,950.0,6,0,0,0,0.0,0.06675287
0,0.104315851,55,0,0.203629652,3250.0,4,0,1,0,0.0,0.1056317
0,0.026379456,39,0,0.461923013,6000.0,12,0,2,0,0.0,0.17835025
0,0.0,61,0,0.637975466,9700.0,16,0,3,0,0.0,0.17194866
1,0.047130191,45,0,0.584773604,7000.0,8,0,2,0,0.0,0.22519316
0,0.0,54,0,0.256484567,6900.0,9,0,2,0,0.0,0.1199179
0,0.666633337,31,0,0.50312989,3833.0,5,0,1,0,0.0,0.367968
0,0.290185984,74,0,0.645113524,2025.0,12,0,0,0,0.0,0.2748046
0,0.312776057,56,0,0.678722711,3068.0,18,0,2,0,1.0,0.4078794
0,0.9999999,54,0,0.480040733,4909.0,5,0,3,0,0.0,0.3960514
0,0.032163291,52,1,0.237190702,4000.0,11,0,1,0,0.0,0.3583031
0,0.143347263,54,0,0.156821963,16827.0,16,0,1,0,1.0,0.099234
0,0.563022924,68,0,0.030996125,8000.0,3,1,0,0,2.0,0.67941445
0,0.176882312,52,0,0.421763039,6000.0,6,0,1,0,1.0,0.20501304
0,0.071892041,43,1,0.290609945,11000.0,13,0,1,0,3.0,0.29758805
0,0.287176526,49,0,0.195820082,2200.0,4,0,0,0,0.0,0.2105387
0,0.297462817,42,0,0.19691801,8500.0,9,0,1,0,1.0,0.19735928
1,0.483711835,42,1,0.380871534,7067.0,7,0,2,0,1.0,0.48016867
0,0.9999999,61,0,0.011358473,2200.0,1,1,0,0,0.0,0.8603406
0,0.150151627,63,1,0.046590682,5000.0,5,0,0,0,1.0,0.4152368
0,0.9999999,28,0,0.104210774,4250.0,2,0,0,0,2.0,0.568879
0,0.728542914,60,1,0.305331179,3094.0,5,0,1,0,0.0,0.582565
0,0.123397616,57,0,0.033600775,18570.0,16,0,0,0,0.0,0.13141856
0,0.376202975,26,0,0.270742358,2060.0,2,0,0,0,0.0,0.3083067
0,0.30645124,49,0,0.328760587,16765.0,15,0,7,0,0.0,0.36134598
0,0.551527838,47,0,1.266592613,3600.0,14,0,3,0,0.0,0.5955477
0,0.176521417,27,0,0.04922516,4387.0,4,0,0,0,1.0,0.20420934
0,0.078538223,67,0,0.274317079,7833.0,9,0,2,0,3.0,0.12013401
0,0.63349864,62,0,0.313955149,7000.0,6,0,2,0,0.0,0.23099515
0,0.450604939,52,0,0.346505144,10400.0,11,0,2,0,1.0,0.20378128
0,0.874216844,45,3,0.358039505,10833.0,14,0,1,1,4.0,0.85886556
0,0.716743544,60,0,0.526258503,3674.0,7,0,1,0,0.0,0.38540855
0,0.610591612,36,2,0.371695179,4500.0,7,5,0,1,0.0,0.9596913
0,0.0,49,0,0.281189219,10796.0,7,0,2,0,0.0,0.1427316
1,0.27290903,35,0,0.437391136,5166.0,5,0,1,2,1.0,0.7201057
0,0.204149974,77,0,0.259399445,3962.0,9,0,0,0,1.0,0.15101686
0,0.189962008,26,0,0.99760096,2500.0,6,0,2,0,0.0,0.49704018
0,0.006492565,86,0,0.00092302,5416.0,2,0,0,0,0.0,0.009709215
0,0.000688162,44,0,0.268450624,10500.0,15,0,1,0,0.0,0.11568785
0,0.004864137,65,0,0.119211168,4512.0,11,0,1,0,0.0,0.052687205
0,0.005744052,51,0,0.371762824,10000.0,6,0,1,0,3.0,0.03449265
0,0.075830544,55,0,0.22204683,3800.0,3,0,1,0,0.0,0.08370103
0,0.019047818,66,0,0.016196761,5000.0,17,0,0,0,0.0,0.059251208
0,0.025435095,61,0,0.034389252,8112.0,14,0,0,0,1.0,0.11287396
0,0.156256662,50,0,0.354691625,12500.0,12,0,2,0,1.0,0.20406663
0,0.869710912,62,0,0.385220126,12083.0,12,0,2,1,2.0,0.5580935
1,0.778606562,55,0,1708.0,0.0,6,2,1,0,0.0,0.89461297
0,0.9999999,49,0,0.112720403,3175.0,2,0,0,0,2.0,0.5740034
0,0.216438566,33,0,0.091956075,11200.0,8,0,0,0,1.0,0.0861993
0,0.969104952,43,0,0.202851762,3716.0,1,0,0,0,0.0,0.5760312
1,0.008366493,26,0,0.120399818,2200.0,9,0,0,0,0.0,0.35850108
0,0.057390363,36,1,0.1776028,8000.0,9,0,2,0,0.0,0.28657487
0,0.808226582,45,0,0.96507498,5067.0,5,0,1,0,1.0,0.6149943
1,0.001313065,34,0,0.1829398,4700.0,2,0,1,0,4.0,0.37999487
0,0.0,51,0,0.467741935,6633.0,18,0,3,0,1.0,0.19635253
0,0.056826948,71,0,0.258409549,6450.0,6,0,1,0,0.0,0.04481158
0,1.026869402,37,1,0.089388697,1733.0,2,0,0,0,0.0,0.87923455
0,0.020789561,70,0,0.006895332,5655.0,7,0,0,0,0.0,0.024698418
0,0.0,56,0,0.516204661,7250.0,10,0,4,0,0.0,0.250582
0,0.9999999,40,0,0.0,48500.0,2,1,0,0,0.0,0.86792225
0,0.07809389,44,0,0.218254535,7000.0,8,0,1,0,0.0,0.08008738
0,0.030665737,56,0,0.18010648,7700.0,4,0,1,0,0.0,0.051353943
0,0.025292748,72,0,0.604126679,2083.0,7,0,1,0,0.0,0.091424756
0,0.0,58,0,1.124175165,5000.0,11,0,1,0,0.0,0.16358055
0,0.010245255,58,0,0.0019995,4000.0,3,0,0,0,0.0,0.06433779
0,0.104320058,57,0,0.470529471,1000.0,12,0,0,0,0.0,0.21111052
0,0.379236395,72,0,0.433122029,12619.0,14,0,3,0,3.0,0.2641089
0,0.477911299,41,1,0.785150241,9750.0,19,0,2,0,2.0,0.72754276
0,0.15886311,56,0,0.760772148,2900.0,9,0,2,0,0.0,0.32316527
0,0.063049322,57,1,0.482103321,5419.0,22,1,1,0,0.0,0.8049509
0,0.017816145,62,0,0.459344402,4697.0,10,0,2,0,0.0,0.13239235
0,0.262763921,67,0,0.314768683,11239.0,12,0,2,0,0.0,0.099385016
0,0.023332556,82,0,0.21720306,6928.0,4,0,1,0,0.0,0.031729206
0,0.177332627,51,0,0.021373089,142000.0,15,0,2,0,4.0,0.31492293
0,0.75735672,32,0,0.381091212,2400.0,8,0,0,0,0.0,0.4588977
0,0.350921703,47,0,0.159795462,6257.0,10,0,0,0,0.0,0.25879306
0,0.055874809,44,0,0.128881561,10916.0,5,0,1,0,3.0,0.034557045
0,0.721586064,56,1,0.23004317,13666.0,17,0,1,0,0.0,0.5865818
0,0.900018179,27,0,0.31283628,1300.0,3,0,0,0,0.0,0.55412805
0,0.811907551,90,0,1.66827853,3101.0,24,0,2,0,0.0,0.40155825
0,0.0,62,0,0.743953563,3100.0,7,0,2,0,1.0,0.29613945
0,0.101914505,61,0,0.021116621,6250.0,3,0,0,0,0.0,0.10640711
0,0.018103358,26,0,0.090931018,4145.0,5,0,0,0,0.0,0.12178998
0,0.149123392,34,0,0.50409918,5000.0,7,0,2,0,1.0,0.28523093
0,0.423257674,51,0,0.328734253,5000.0,4,0,1,0,0.0,0.264827
0,0.160484607,57,1,0.014246438,4000.0,3,0,0,0,0.0,0.4623974
0,0.242186449,44,0,0.375310777,9250.0,9,0,2,0,2.0,0.18860191
0,0.9999999,41,0,0.406351073,3400.0,5,1,1,0,3.0,0.84938467
0,0.9999999,40,0,0.201119872,8750.0,8,0,2,0,2.0,0.38894287
1,1.07189029,53,3,1.408892063,11200.0,17,0,8,1,1.0,0.98174113
0,0.001249938,39,0,0.649881983,5083.0,8,0,2,0,0.0,0.17054169
0,0.213326993,71,1,0.265955674,6000.0,13,1,1,0,1.0,0.65494025
0,0.050667909,78,0,0.035075412,2850.0,11,0,0,0,0.0,0.21885388
0,0.67514766,31,0,0.456107466,3200.0,7,0,1,0,0.0,0.4152769
0,0.008652658,62,0,0.633486047,2400.0,9,0,1,0,0.0,0.1090099
0,0.453035976,49,0,0.637744902,2500.0,5,0,0,0,1.0,0.30565047
0,0.9999999,37,1,0.03508453,5500.0,2,0,0,0,0.0,0.7094048
0,0.0,84,0,0.079168333,2500.0,4,0,1,0,0.0,0.096386164
0,0.209164279,51,0,0.466166756,5600.0,18,0,1,0,0.0,0.21246798
1,0.839993606,34,1,0.139459709,4330.0,6,0,0,0,0.0,0.6622825
0,0.106051889,53,0,0.223107147,9416.0,4,0,2,0,0.0,0.09656569
0,0.471940139,77,0,0.348603035,7050.0,4,0,1,0,1.0,0.19491848
0,0.087849373,35,0,0.241475852,10000.0,3,0,2,0,1.0,0.1568304
0,0.0,78,0,0.0,2500.0,5,0,0,0,0.0,0.033415258
0,0.698273988,47,0,0.414944113,6530.0,9,0,3,0,1.0,0.47041023
0,0.536585366,30,0,0.097560976,5083.0,2,0,0,0,0.0,0.27016732
0,0.801236766,63,0,0.425672695,6800.0,8,0,1,0,1.0,0.24691485
0,0.971458844,60,2,0.294754143,7300.0,3,0,2,0,2.0,0.7040896
0,0.033365937,50,0,0.1678235,4033.0,10,0,0,0,0.0,0.13449174
0,0.490850915,50,0,0.158694609,6250.0,2,0,1,0,0.0,0.2581457
0,0.769145394,69,4,0.380706732,3876.0,7,0,1,2,1.0,0.8681073
0,0.0,38,0,0.0,4166.0,8,0,0,0,1.0,0.03398128
0,0.673854447,49,0,0.638269101,4436.0,6,0,2,0,2.0,0.48769322
0,0.9999999,62,0,0.13170575,3112.0,1,0,0,0,0.0,0.4940014
0,0.013589427,72,0,0.002603319,6145.0,12,0,0,0,0.0,0.06117256
0,0.0,32,0,0.0,2100.0,4,0,0,0,1.0,0.16166279
0,0.101572401,58,0,1.123524069,1100.0,10,0,1,0,0.0,0.14650895
0,0.136945207,83,0,0.670030553,10800.0,14,0,5,0,1.0,0.3138709
0,0.912043978,24,0,0.021110242,2557.0,2,0,0,0,0.0,0.55910605
0,0.061775032,61,2,0.488536155,3401.0,15,0,2,0,0.0,0.56086546
0,0.586831954,37,1,0.193167616,7200.0,11,0,0,0,3.0,0.5647566
0,0.483412729,34,0,0.382907543,6575.0,9,0,2,0,0.0,0.32405752
0,0.001679539,60,0,0.176676458,16000.0,14,0,1,0,0.0,0.027137823
0,0.0,53,0,0.349182764,12786.0,8,0,2,0,0.0,0.16859035
0,0.697455952,78,0,0.325604341,6080.0,7,0,0,0,0.0,0.3575402
0,0.689301124,63,0,0.554254712,3501.0,7,0,1,0,0.0,0.37662846
0,0.009508873,69,0,0.008973209,7800.0,8,0,1,0,0.0,0.01663793
0,0.121335961,69,0,0.196436332,2300.0,10,0,0,0,0.0,0.1817839
0,0.127140353,31,0,0.317022743,1450.0,9,0,0,0,0.0,0.27420372
0,0.016873945,35,0,0.113257243,3416.0,10,0,0,0,0.0,0.11780819
0,0.702686488,47,0,0.277550294,11233.0,5,0,1,0,5.0,0.36127535
0,0.163941462,53,0,0.189156935,11730.0,3,0,1,0,0.0,0.0930022
0,0.06181292,59,1,0.528624767,3213.0,17,0,1,0,0.0,0.44250178
0,0.035721468,56,0,0.233259569,12200.0,14,0,1,0,1.0,0.064340994
0,0.43721733,54,0,0.296220126,14100.0,13,0,3,0,1.0,0.18560648
0,0.010422046,88,0,0.001802885,3327.0,3,0,0,0,0.0,0.044886667
0,0.290122203,44,2,0.213857171,5166.0,8,0,0,0,0.0,0.43568158
1,0.622772594,39,0,1.358880373,3000.0,12,0,6,0,0.0,0.78012574
0,0.0,39,0,0.412698413,8000.0,7,0,1,0,2.0,0.09366525
0,0.088125842,40,0,1.340770791,2464.0,8,0,3,0,0.0,0.34172398
0,0.080465855,57,0,0.318059299,5193.0,13,0,1,0,0.0,0.10235504
1,1.062392987,46,1,0.29356881,3000.0,7,0,0,0,0.0,0.8793314
0,0.017667167,59,0,0.787592008,3803.0,6,0,2,0,1.0,0.1376787
0,0.3779839,41,0,0.803230059,3033.0,6,0,1,0,3.0,0.3101084
0,0.553194813,28,0,0.203246295,4250.0,3,0,0,0,1.0,0.42914033
0,0.823222148,42,0,0.337944664,7083.0,5,0,0,0,2.0,0.5174113
0,0.073151349,57,0,0.401510943,9000.0,12,0,3,0,0.0,0.25373796
0,0.011941036,80,0,0.007498125,4000.0,4,0,0,0,1.0,0.014924818
1,0.328029965,52,1,17.52481777,2880.0,14,0,1,0,0.0,0.6486491
0,0.490231713,37,1,0.202291758,2268.0,4,0,0,0,0.0,0.5338448
0,0.035173497,50,0,0.021318251,4596.0,7,0,0,0,2.0,0.14555612
0,0.005531797,44,0,0.133798066,4446.0,10,0,0,0,2.0,0.093799755
0,0.358929544,30,0,0.650365935,3005.0,6,0,1,0,0.0,0.2823943
0,0.031637161,45,0,0.55873204,6750.0,16,0,4,1,4.0,0.38223496
0,0.192472301,43,0,0.267988854,6100.0,4,0,1,0,2.0,0.14725664
1,1.053209678,58,3,0.098159162,17654.0,9,2,0,4,0.0,0.93915737
0,0.0,45,0,0.563429571,8000.0,9,0,7,0,1.0,0.47169492
1,0.708335059,49,0,0.435007917,6946.0,8,0,2,0,0.0,0.30950072
0,0.002947651,27,1,1.29925187,400.0,6,0,0,0,0.0,0.08652011
1,0.842078961,28,1,0.317770367,2098.0,3,0,0,0,0.0,0.7215014
0,0.616341224,64,0,508.0,0.0,3,0,0,0,0.0,0.13217363
0,0.812767041,55,0,0.394644936,12025.0,12,0,2,0,2.0,0.3868072
0,0.024453554,60,0,0.29304599,4500.0,11,0,2,0,0.0,0.09561775
0,0.087321984,58,0,0.149528463,8800.0,10,0,2,0,2.0,0.07347542
0,0.070207791,62,0,0.804854831,2100.0,15,0,1,0,0.0,0.25004277
0,0.031082038,48,0,0.005342399,4117.0,2,0,0,0,1.0,0.08044559
0,0.664269606,68,0,0.506615701,3400.0,11,0,2,0,0.0,0.25746822
0,0.020570841,37,0,0.71698766,8670.0,7,0,3,0,1.0,0.40380958
0,0.405659434,47,0,0.350004418,11316.0,5,0,2,0,1.0,0.14832263
0,0.265098792,62,0,0.22426848,15583.0,4,0,2,0,0.0,0.03936095
0,0.003815949,86,0,0.001349528,5927.0,6,0,0,0,0.0,0.053861283
0,0.0,76,0,0.0,6667.0,10,0,0,0,0.0,0.030799475
0,0.701484501,60,0,0.096361569,10553.0,2,0,1,0,1.0,0.16325526
0,0.0,60,0,0.003262814,9500.0,22,0,0,0,0.0,0.06610282
0,0.102082178,51,0,0.172410483,10416.0,11,0,1,0,0.0,0.079846084
0,0.280255121,31,0,0.235003092,4850.0,6,0,1,0,2.0,0.123906076
0,0.005395164,56,0,0.261024817,5600.0,9,0,1,0,0.0,0.079251334
0,0.005687865,46,0,0.252499546,5500.0,7,0,2,0,2.0,0.06301486
0,0.022392265,66,0,0.197871931,15600.0,16,0,3,0,0.0,0.17231424
0,0.032065766,40,0,0.828579619,6976.0,13,0,4,0,2.0,0.34760728
0,0.0,44,0,0.612873221,10750.0,11,0,3,0,0.0,0.37305716
0,0.576742664,31,0,0.326638878,7916.0,13,0,0,0,3.0,0.43751195
0,0.552967245,30,1,0.259678694,3796.0,5,0,0,0,2.0,0.5767845
0,0.417872773,53,1,0.635373847,9000.0,19,0,4,0,0.0,0.6154297
0,0.60473099,37,0,0.459438677,2600.0,11,0,0,0,2.0,0.6083151
0,0.043406261,48,1,0.301629238,9083.0,8,0,1,0,3.0,0.25836983
0,0.013165371,57,0,0.184450488,6250.0,15,0,1,1,0.0,0.46840975
0,0.005079556,82,0,0.00215208,4181.0,5,0,0,0,0.0,0.028765881
0,0.25652264,85,2,0.26154769,5000.0,14,0,1,0,1.0,0.43961516
0,0.0,38,0,0.277674935,2700.0,4,0,1,0,0.0,0.17778611
0,0.365592655,28,0,0.413793103,2000.0,8,0,1,0,0.0,0.3729323
1,0.029284552,37,0,0.933522497,7400.0,9,1,1,0,2.0,0.7798755
0,0.003449803,45,0,0.383413211,4798.0,9,0,2,0,2.0,0.09858541
0,0.018705682,76,0,0.052566422,10500.0,11,0,1,0,0.0,0.05661001
0,0.965894117,61,0,0.264567984,8957.0,7,0,2,0,2.0,0.2785096
0,0.638896316,36,2,0.22426526,6634.0,6,0,1,0,1.0,0.6606205
0,0.106736658,43,0,0.200519965,15000.0,6,0,1,0,1.0,0.0636146
0,0.009538339,73,0,1.431836735,1224.0,7,0,1,0,0.0,0.0636494
0,0.134012146,80,0,1.443674177,1730.0,9,0,2,0,0.0,0.17584877
0,0.182182681,50,0,0.268147294,10400.0,11,1,1,0,1.0,0.55966926
0,0.0,60,0,0.074342439,13800.0,8,0,1,0,0.0,0.044541158
0,0.015553395,44,7,0.12704148,6918.0,8,0,0,0,0.0,0.54773176
0,0.0,56,2,0.215819708,11314.0,4,0,2,0,0.0,0.2772973
0,0.024680734,61,0,0.004443457,4500.0,3,0,0,0,1.0,0.052529257
1,0.061197152,31,1,0.085319113,6000.0,16,2,0,0,0.0,0.880885
0,0.091173606,77,1,0.020636364,10999.0,9,0,0,0,0.0,0.17264646
0,0.754831121,57,0,0.087686912,5416.0,8,1,0,1,1.0,0.9013212
0,0.190540491,43,0,0.352903535,6250.0,6,0,1,0,1.0,0.16832036
0,0.615375536,57,1,0.43967376,10666.0,13,0,2,0,1.0,0.43778986
0,0.026944485,41,0,0.686736475,4583.0,8,0,3,0,0.0,0.2928973
0,0.356643357,47,0,0.197121152,2500.0,2,0,0,0,0.0,0.2391803
0,0.728846515,38,0,0.688623761,5950.0,16,0,2,0,2.0,0.7292286
0,0.355182241,36,0,0.226291969,9500.0,4,0,1,0,0.0,0.19997628
0,0.303950727,56,0,0.094342907,11489.0,9,0,1,0,2.0,0.14624023
0,0.181110888,61,0,0.351862873,8400.0,15,0,2,0,0.0,0.18703276
0,0.9999999,74,0,35.0,0.0,2,0,0,0,0.0,0.15895376
0,0.049966545,49,0,0.117757971,11667.0,9,0,2,0,1.0,0.12191709
0,0.23418941,69,0,0.416653648,6400.0,10,0,2,0,2.0,0.1498882
0,0.083959272,47,0,0.355955506,8000.0,12,0,1,0,1.0,0.13282458
0,0.985750712,63,3,0.687126788,7200.0,13,0,2,0,1.0,0.8374193
0,0.112916884,58,0,0.272864625,9927.0,10,0,2,0,1.0,0.08783433
0,0.0,28,2,0.028321533,2400.0,2,0,0,0,0.0,0.85364115
0,0.276845128,70,0,0.700197796,3538.0,16,0,1,0,0.0,0.1364884
0,0.0,60,0,0.0,3500.0,2,0,0,0,1.0,0.08841267
0,0.0,57,0,0.184865487,6950.0,4,0,1,0,0.0,0.120323434
0,0.276641145,58,0,0.291114058,4523.0,3,0,1,0,0.0,0.09693801
0,0.023160543,85,0,0.349095395,2431.0,10,0,0,0,0.0,0.13136195
0,0.137925539,52,0,0.982005758,4167.0,8,0,2,0,0.0,0.3211444
0,0.011805278,37,0,0.437309962,5590.0,11,0,3,0,2.0,0.20987532
0,0.207579099,53,0,0.397088233,12500.0,9,0,3,0,2.0,0.23973206
0,0.006666405,82,0,0.001332978,3750.0,5,0,0,0,0.0,0.020706305
0,0.151847413,56,1,0.291383601,14866.0,15,0,1,0,1.0,0.30804682
0,0.161705045,39,0,0.523744167,3642.0,9,0,1,0,3.0,0.2521302
0,0.076959548,42,0,0.467195926,6675.0,12,0,2,0,2.0,0.18040311
0,0.962580099,44,1,0.298570672,9444.0,8,0,1,0,3.0,0.59607404
0,0.016949831,60,0,0.007756636,8250.0,9,0,0,0,0.0,0.089642376
0,0.007873218,85,0,0.003285421,2434.0,6,0,0,0,0.0,0.053389
0,0.044298893,67,0,0.138716618,7900.0,5,0,1,0,0.0,0.058133826
0,0.642535524,51,0,0.272362293,6226.0,6,0,0,0,1.0,0.41989544
0,0.002555829,73,0,0.207606352,5100.0,6,0,1,0,0.0,0.02968151
0,0.009141986,42,0,0.001427552,1400.0,2,0,0,0,0.0,0.050096214
1,0.498410055,41,0,0.51867788,5112.0,9,0,2,0,3.0,0.43033358
0,0.553160403,58,0,0.607695584,7042.0,11,0,2,0,2.0,0.32253182
0,0.838434337,26,0,0.167029289,5974.0,10,0,0,0,3.0,0.59348905
0,0.010474178,55,0,0.055812565,6700.0,27,0,0,0,0.0,0.08337831
0,0.455946975,84,2,0.65524136,3500.0,14,0,0,0,0.0,0.5716963
0,0.265348566,49,0,0.271734382,11444.0,10,0,2,0,0.0,0.11976972
0,0.111272085,43,0,2103.0,0.0,14,0,1,0,2.0,0.0757644
0,0.174594317,39,0,0.270698344,8333.0,9,0,2,0,2.0,0.19980007
0,0.146115217,43,1,0.251892191,10833.0,8,0,2,0,3.0,0.19573042
0,0.096116534,57,0,0.929519451,2184.0,6,0,1,0,0.0,0.10761318
0,0.035268553,45,0,0.186575053,3783.0,7,0,1,0,0.0,0.119552575
0,0.020379857,34,0,0.339871284,3262.0,9,0,0,0,0.0,0.2189296
0,0.849766413,41,0,0.218520986,1500.0,6,0,0,0,3.0,0.59731525
0,0.043897805,75,0,0.006748313,4000.0,3,0,0,0,0.0,0.021549018
0,0.056301324,68,0,27.36986301,72.0,5,0,1,0,0.0,0.03232952
0,0.595224733,32,0,0.144967053,4400.0,4,0,0,0,0.0,0.26084813
0,0.037780966,71,0,0.230968858,3467.0,8,0,0,0,0.0,0.07759129
0,0.022517968,54,0,0.218942485,12500.0,8,0,2,0,4.0,0.029036622
0,0.270524316,40,0,0.395040331,15000.0,6,0,1,0,2.0,0.24643092
0,0.335402692,38,0,0.129338902,6942.0,3,0,0,0,3.0,0.2548142
0,0.9999999,37,0,0.00856531,1400.0,0,1,0,0,1.0,0.8994491
0,0.010049498,68,0,0.931714024,2181.0,9,0,1,0,0.0,0.09854857
0,0.538615346,32,0,0.203997648,1700.0,3,0,0,0,0.0,0.4028258
0,0.063737745,66,0,0.008029534,10834.0,3,0,0,0,1.0,0.02559608
0,0.018485894,57,0,0.656781073,3000.0,11,0,1,0,0.0,0.16462262
1,0.9999999,63,0,0.294705786,6100.0,1,2,1,0,0.0,0.8985411
0,0.9999999,33,1,0.001047395,3818.0,1,2,0,1,2.0,0.9077375
0,0.302105894,56,4,1.358852933,3800.0,10,0,3,0,2.0,0.84333646
0,0.00899907,57,0,0.155256316,15000.0,13,0,2,0,0.0,0.0501578
0,0.223840789,52,0,0.884247945,4500.0,22,0,2,0,0.0,0.39625132
0,0.627999655,60,0,0.512533333,7499.0,14,0,3,0,0.0,0.3501642
0,0.30666748,64,0,0.578453111,7666.0,5,0,1,0,1.0,0.17073405
0,0.04093794,46,0,0.273280802,5583.0,7,0,2,0,0.0,0.101927765
0,0.373573605,44,0,0.628342914,4000.0,15,0,2,1,2.0,0.6013131
0,0.9999999,56,0,0.206717226,4614.0,2,0,1,0,0.0,0.42579025
0,0.814742207,62,1,0.506853227,3501.0,5,0,1,0,1.0,0.6124671
0,0.0,58,0,0.060289509,6700.0,5,0,0,0,0.0,0.06108971
0,0.968531263,50,0,0.403285323,8400.0,8,0,1,0,0.0,0.42458138
0,0.012147047,79,0,0.063470067,3607.0,8,0,0,0,0.0,0.104562275
0,0.208199089,50,0,0.630783959,9400.0,7,0,3,0,0.0,0.32787102
0,0.0,32,0,0.215850175,9450.0,4,1,1,0,0.0,0.6803573
0,0.022494679,52,0,0.4695102,9166.0,12,0,2,0,1.0,0.11983524
0,0.366297314,33,0,0.354446723,13166.0,16,0,2,0,0.0,0.45665553
0,0.952655667,48,1,0.693251534,2770.0,5,0,1,0,1.0,0.7147154
0,0.301681246,59,0,1.109229929,1830.0,9,0,1,0,1.0,0.28378886
0,0.129652994,49,0,0.489956641,11300.0,12,0,2,0,6.0,0.12787099
0,0.424739648,34,0,0.217700082,3660.0,8,0,0,0,2.0,0.3238184
0,0.03794485,42,0,0.49836009,5792.0,11,0,2,0,0.0,0.13535397
0,0.9999999,31,0,0.288874639,3118.0,1,1,0,0,2.0,0.8779085
0,0.639500686,41,0,0.33281493,9001.0,5,0,2,0,3.0,0.2993799
0,1.036592681,40,2,0.21054226,3300.0,3,0,0,0,1.0,0.8963019
0,0.35903907,50,0,0.323219088,14500.0,7,0,2,0,2.0,0.19487359
0,0.250667576,30,0,0.202262959,11400.0,7,0,1,0,0.0,0.0638192
0,0.344342767,45,0,0.407918416,3333.0,5,0,2,0,0.0,0.2252015
0,0.831873664,38,0,0.447479675,6149.0,9,0,2,0,1.0,0.5745034
0,0.191063847,45,0,0.258303773,3100.0,6,0,1,0,0.0,0.15251409
0,0.312569849,46,0,0.162449235,3200.0,11,0,0,0,1.0,0.36399984
0,0.496633991,36,1,0.562730627,4335.0,11,0,1,0,2.0,0.6918738
0,0.004695516,58,0,0.397524072,5088.0,10,0,2,0,0.0,0.10508657
0,0.370751418,51,0,0.846061767,4176.0,12,0,2,1,4.0,0.67216665
0,0.344975359,51,0,0.263497923,6500.0,6,0,2,0,0.0,0.2125158
0,0.054654142,40,0,0.441258638,6800.0,7,0,1,0,2.0,0.11760503
0,0.747457433,58,0,0.45974359,3899.0,10,0,1,0,2.0,0.41921785
0,0.239036508,50,0,0.613541411,8137.0,14,0,2,0,1.0,0.3055256
0,0.423869101,53,0,1.327813775,4166.0,16,0,2,0,0.0,0.5849219
0,0.195883982,36,0,0.068735002,5833.0,5,0,0,0,1.0,0.14887054
0,0.01087466,82,0,0.001287001,7769.0,6,0,0,0,0.0,0.05779154
0,0.262832883,55,0,0.269688385,5294.0,10,0,2,0,0.0,0.17250307
0,0.0,53,0,1233.0,0.0,7,0,1,0,1.0,0.07646573
0,0.134834607,51,0,0.194401244,4500.0,13,0,0,0,0.0,0.15646714
0,0.018938403,60,0,0.216164742,8400.0,33,0,1,0,2.0,0.1288439
0,1100.0,36,0,0.206034637,5600.0,4,0,1,0,1.0,0.3860075
0,0.166905596,52,0,0.497073456,6833.0,13,0,2,0,1.0,0.14663649
0,0.603731766,33,0,0.836566725,1700.0,7,0,1,0,0.0,0.4203751
0,0.940021045,25,0,0.191635242,2916.0,6,0,0,0,0.0,0.6235194
0,0.043966509,28,0,0.246173071,3200.0,8,0,0,0,0.0,0.271436
0,0.9999999,24,1,0.120055517,1440.0,2,0,0,0,0.0,0.7706039
1,1.044439507,48,2,0.264092398,5800.0,5,0,0,0,3.0,0.8910946
1,0.951578346,47,3,0.310960371,2800.0,4,0,1,0,2.0,0.81026924
0,0.056009113,40,0,0.48787803,4000.0,8,0,1,0,0.0,0.12693341
0,0.550710295,43,0,0.585088068,7550.0,15,0,4,0,2.0,0.6416202
0,0.954340943,57,0,0.14317757,2674.0,4,0,0,0,1.0,0.504642
0,0.301528182,25,0,0.330955777,4906.0,11,0,0,0,4.0,0.54128444
0,0.073286755,62,0,1.080355209,9233.0,19,0,5,0,0.0,0.7379654
0,0.294627785,34,0,0.386153462,4000.0,11,0,2,0,0.0,0.30983132
0,0.92253648,31,0,0.976038339,625.0,8,2,0,0,0.0,0.8443098
0,0.181215201,46,0,0.162200969,39000.0,10,0,1,0,1.0,0.1761229
0,0.916350597,50,0,0.080191981,10000.0,6,0,0,0,1.0,0.5232966
0,0.990530511,47,1,0.161808096,8472.0,9,0,0,0,3.0,0.6981955
0,0.85775508,56,0,0.775677984,9365.0,6,0,4,0,0.0,0.5968631
0,0.218842805,66,0,0.585977073,3750.0,27,0,0,0,1.0,0.14441861
0,0.027661518,61,0,0.444365091,7000.0,8,0,2,0,0.0,0.11022729
0,0.004053932,62,0,296.0,0.0,6,0,1,0,0.0,0.020486526
1,0.9999999,42,0,0.0,5000.0,0,0,0,0,2.0,0.73433834
0,0.695092129,44,0,0.535253601,7984.0,10,0,2,0,2.0,0.45389113
0,0.018292846,49,0,0.28651351,8400.0,6,0,2,0,2.0,0.07489156
0,0.102789888,49,0,0.121812559,54000.0,12,0,3,0,0.0,0.12738588
0,0.367493664,41,0,0.496429225,5460.0,7,0,1,0,0.0,0.20498373
0,0.301248658,32,0,0.41927743,7500.0,11,0,1,0,0.0,0.3250871
1,0.49663565,62,0,0.422711968,9800.0,9,0,1,0,5.0,0.4014466
0,0.593335676,41,0,0.279039752,7747.0,6,0,1,0,2.0,0.324122
0,0.083588315,74,0,0.035775968,4052.0,8,0,0,0,0.0,0.07847225
0,0.006471576,78,0,0.005830904,2400.0,9,0,0,0,0.0,0.09807217
0,0.04904735,30,0,0.106531694,4148.0,3,0,0,0,0.0,0.08195415
0,0.018756875,62,0,0.019490255,2000.0,3,0,0,0,0.0,0.08508683
0,0.9999999,38,0,0.533164456,15000.0,5,0,2,0,0.0,0.5597097
0,0.53293047,52,0,0.829024187,3596.0,13,0,2,0,1.0,0.5096522
0,0.735672623,38,0,0.178442172,6354.0,9,0,0,0,2.0,0.5138178
0,0.044037855,74,0,0.001993797,4513.0,4,0,0,0,0.0,0.026533633
0,0.068843212,54,0,0.029411765,1733.0,3,0,0,0,0.0,0.19014059
0,0.289752959,59,2,0.32862396,5166.0,11,0,0,0,1.0,0.5803038
1,0.801578218,54,2,0.460089985,6000.0,12,0,2,1,1.0,0.8428867
0,0.9999999,54,1,0.18419951,16720.0,5,0,1,1,3.0,0.63265
0,0.028809363,88,0,0.004531985,5736.0,2,0,0,0,0.0,0.03637754
0,0.563238913,61,0,0.591538591,11841.0,10,0,3,0,0.0,0.32245648
0,0.703580691,54,0,0.531109833,8694.0,16,0,1,0,1.0,0.55413496
0,0.098676055,39,0,0.315823606,3083.0,8,0,2,0,0.0,0.13549875
0,0.478369008,38,0,0.425508153,4476.0,6,0,3,0,5.0,0.3277283
0,0.604795651,34,0,0.430201932,3416.0,7,0,1,0,0.0,0.37128356
0,0.71761177,38,0,0.148313936,3350.0,5,0,0,0,2.0,0.39306718
0,0.027703404,57,1,0.480207917,2500.0,10,0,1,0,0.0,0.38696447
0,0.0,57,0,0.481837939,3220.0,13,0,2,0,0.0,0.22885099
0,0.001053741,45,0,0.221170511,7500.0,6,0,1,0,1.0,0.07189604
0,0.239101068,50,0,0.229295117,6000.0,7,0,0,0,0.0,0.22261271
0,0.89927066,65,2,0.4986,4999.0,11,0,2,0,0.0,0.7425411
0,0.28774778,32,0,0.938874607,3500.0,6,0,2,0,1.0,0.31775212
0,0.367017608,46,0,0.260030125,7302.0,8,0,1,0,1.0,0.17309988
0,0.021665635,81,0,0.192701825,4000.0,3,0,1,0,1.0,0.011765889
1,0.689243028,40,0,0.001621271,3083.0,1,0,0,0,3.0,0.7138716
0,0.668834185,58,0,0.246862785,14582.0,11,0,2,0,2.0,0.23073868
0,0.281406354,67,0,0.616139586,1833.0,11,0,0,0,0.0,0.2423089
0,0.0,44,0,0.185876083,1500.0,10,0,0,0,1.0,0.12292809
0,0.059785602,51,0,0.064204737,8908.0,4,0,0,0,1.0,0.08126518
0,0.239520958,22,0,0.064935065,1000.0,3,0,0,0,0.0,0.2643489
0,0.794488693,55,1,0.508862629,4061.0,9,0,1,0,0.0,0.6438441
0,0.148962604,37,0,0.587686912,10833.0,16,0,3,0,2.0,0.4487336
0,0.13334023,49,0,0.296425894,4000.0,8,0,2,0,1.0,0.13058747
0,0.456446219,56,0,0.338632274,3333.0,12,0,0,0,2.0,0.29753003
0,0.581690093,54,1,0.555845002,9212.0,8,0,2,0,0.0,0.502618
0,0.285767028,48,0,0.385107659,15000.0,13,0,2,0,1.0,0.21235357
0,0.891862001,57,0,0.49856,12499.0,12,0,3,0,2.0,0.45497388
0,0.245584782,54,0,0.377263918,14962.0,20,0,2,0,1.0,0.23384011
0,0.0,24,0,510.0,0.0,3,0,0,0,0.0,0.02781844
0,0.0,43,0,0.0,3000.0,8,0,0,0,1.0,0.07168643
0,0.120029729,33,0,0.308527353,7000.0,6,0,2,0,1.0,0.2219041
0,0.016759665,65,0,0.075611846,10500.0,8,0,1,0,0.0,0.032788325
0,0.881682528,56,1,0.76568573,1800.0,6,1,2,0,2.0,0.8764511
0,0.004737581,60,0,0.002285061,3500.0,8,0,0,0,0.0,0.112835065
0,0.640867252,42,1,0.213157895,9499.0,18,0,2,1,3.0,0.8141875
1,0.531490869,44,0,0.373803742,7000.0,10,0,2,0,5.0,0.4099112
0,0.016199751,73,0,0.004861982,6375.0,9,0,0,0,0.0,0.049563434
0,0.438001865,60,1,0.305352442,10256.0,12,1,1,0,0.0,0.7124521
0,0.012613612,59,0,0.635258359,6250.0,16,0,4,0,0.0,0.29948932
0,0.121924477,50,0,0.355952742,3300.0,7,0,1,0,0.0,0.17552245
0,0.841087826,53,2,0.25861931,12500.0,8,0,2,0,1.0,0.57908905
0,0.9999999,43,0,0.27518188,13332.0,8,0,2,0,3.0,0.3544594
0,0.005964773,62,0,0.24695061,5000.0,8,0,1,0,0.0,0.05349383
1,0.783892683,56,1,0.83983119,4975.0,10,2,2,0,0.0,0.9275774
0,0.9999999,46,0,0.363340622,18750.0,7,0,2,0,0.0,0.42814693
1,0.051049562,53,0,0.411961722,4179.0,12,1,2,0,1.0,0.74012506
0,0.550418324,83,0,0.312797336,4203.0,10,0,0,0,0.0,0.35274732
0,0.036171723,40,0,0.009865351,7500.0,4,0,0,0,3.0,0.073516525
0,0.024125691,57,0,0.004273973,9124.0,5,0,0,0,1.0,0.05587945
0,0.033482234,48,0,0.03967486,10333.0,5,0,0,0,0.0,0.050356098
0,0.014906381,53,0,0.209916034,2500.0,3,0,2,0,0.0,0.059899975
0,0.030620709,58,0,1.991519896,1532.0,12,0,2,0,0.0,0.18201253
0,0.7293648,37,0,0.214518583,4600.0,5,1,0,1,4.0,0.9286601
0,0.233740973,60,0,0.770857363,2600.0,15,0,2,0,0.0,0.36228433
0,0.185324508,66,0,0.183713886,8583.0,6,0,1,0,0.0,0.08014113
0,0.699860028,68,0,0.22501967,5083.0,6,0,3,0,0.0,0.23486806
0,0.047015894,59,0,0.015746063,4000.0,5,0,0,0,0.0,0.07657209
0,0.601734731,25,0,0.094363723,6262.0,4,0,0,0,1.0,0.45681196
0,0.009802441,62,0,0.003954034,8092.0,12,0,0,0,0.0,0.07807918
0,0.416664358,46,0,0.660667866,5000.0,9,0,1,0,1.0,0.40477464
0,0.422395579,59,0,1.362763916,2083.0,14,0,1,0,0.0,0.39045414
0,0.166491675,52,0,0.137758744,1400.0,7,0,0,0,0.0,0.27198166
0,0.099578349,43,2,0.379939748,5642.0,10,0,2,0,0.0,0.4661609
0,0.719163334,38,0,0.078150521,7958.0,5,0,0,0,0.0,0.42327347
0,0.967892854,73,2,0.156687449,8500.0,9,0,0,1,0.0,0.85191363
0,0.0,28,1,0.064687169,6600.0,11,0,0,0,0.0,0.38407317
0,1.116590408,61,4,1.042840143,2520.0,10,0,1,0,1.0,0.9256193
0,0.589341596,59,0,0.262256069,4201.0,10,0,0,0,0.0,0.44068763
0,0.531289059,50,0,0.357476116,4500.0,7,0,1,0,2.0,0.33612972
0,0.0,42,0,0.93394823,3360.0,13,0,2,0,1.0,0.23640051
1,0.005562932,70,0,0.295270473,10000.0,16,0,1,0,0.0,0.12912224
1,0.304242395,69,1,0.163043478,5703.0,6,0,0,0,1.0,0.44378573
0,0.0,71,0,0.253394061,22833.0,12,0,2,0,0.0,0.035965025
0,0.468952189,32,0,0.878172589,4333.0,15,0,3,2,1.0,0.9061385
0,0.00479904,26,0,0.114004222,1420.0,4,0,0,0,0.0,0.12502751
0,0.864506775,60,0,0.432341852,7160.0,13,0,1,0,1.0,0.35693884
0,0.179538558,49,0,0.302517055,4250.0,5,0,1,0,0.0,0.14304657
1,0.866251268,39,4,0.363471149,2200.0,5,0,1,0,2.0,0.8646779
0,0.074708216,40,0,0.051525355,9800.0,6,0,0,0,2.0,0.22050625
0,0.230408926,31,1,0.014631967,8952.0,2,0,0,0,2.0,0.36350477
0,0.9999999,34,0,0.013089719,3666.0,0,2,0,0,1.0,0.9110794
0,0.0,58,0,0.351650296,11300.0,12,0,3,0,0.0,0.19971834
0,0.194819137,73,0,0.053510274,2335.0,3,0,0,0,0.0,0.11049261
0,0.769320057,86,0,0.544926004,3783.0,13,0,0,0,0.0,0.2411141
0,0.514823713,34,0,0.512945399,3900.0,9,0,0,0,3.0,0.53093964
0,0.055588382,33,0,0.146599375,4160.0,7,0,0,0,0.0,0.13964388
0,0.0,46,0,0.758706882,6000.0,9,0,2,0,2.0,0.28133994
0,0.002262153,69,0,0.00079968,2500.0,7,0,0,0,0.0,0.022147777
0,0.697715114,43,0,0.263595897,5166.0,7,0,0,0,0.0,0.42010182
0,0.30486442,31,0,0.194268577,3000.0,10,0,0,0,1.0,0.41821173
0,0.035822061,46,0,0.3353983,12590.0,17,0,2,0,0.0,0.16706204
0,0.00089991,69,0,0.0,3234.0,4,0,0,0,0.0,0.022361565
0,0.114672795,54,1,0.273011269,8962.0,5,0,1,0,0.0,0.23957556
0,0.022706748,72,0,0.646001467,2725.0,4,0,2,0,0.0,0.094202615
1,0.0,28,0,0.561998766,1620.0,8,0,0,0,0.0,0.410219
0,0.00039996,39,0,0.560632283,8666.0,6,0,2,0,0.0,0.18041313
0,0.9999999,72,0,0.0,7425.0,5,0,0,0,0.0,0.19414657
0,0.406492928,52,0,0.159400348,13807.0,12,0,1,0,0.0,0.21775778
0,0.190333675,38,0,0.230441295,8678.0,10,0,2,0,1.0,0.20058033
1,0.550105915,53,0,0.435736172,6200.0,12,0,1,0,1.0,0.43528378
0,0.781711504,53,0,0.461908581,12469.0,10,0,3,0,2.0,0.43753937
0,0.384799542,30,0,0.252358823,7100.0,29,0,0,0,0.0,0.2541248
0,0.672123654,52,1,0.389363155,11713.0,10,0,2,0,1.0,0.505988
0,0.050938622,56,0,0.219197047,6500.0,9,0,2,0,0.0,0.107557684
0,0.054511171,31,0,0.727339856,5416.0,6,0,1,0,0.0,0.19032614
0,0.483002979,63,0,0.533617662,3985.0,21,0,1,0,0.0,0.36497745
0,0.0,57,0,0.00346333,41000.0,4,0,0,0,1.0,0.12465372
1,0.559053454,75,0,2.314423657,1656.0,17,0,2,1,0.0,0.8069076
0,0.262962598,62,0,0.502122946,5416.0,15,0,1,0,1.0,0.15255906
1,0.546308676,36,0,1.178397579,7600.0,12,0,4,0,0.0,0.76606685
0,0.880330406,43,0,1.163255593,2100.0,6,0,0,0,3.0,0.6309733
0,0.07415066,70,0,0.369909778,4100.0,12,0,1,0,1.0,0.107853465
0,0.185527149,43,0,0.264620939,5539.0,7,0,1,0,1.0,0.14178063
0,0.025299368,70,0,1.416763873,6000.0,8,0,1,0,0.0,0.07482053
0,0.055216391,64,0,0.108669692,12560.0,9,0,0,0,0.0,0.07987429
0,0.963003083,54,0,0.432373473,4583.0,10,0,1,0,0.0,0.56855255
0,0.659651462,60,0,0.470514614,13582.0,15,1,1,0,0.0,0.78745943
0,0.35831464,39,1,0.136975296,4978.0,3,0,0,0,0.0,0.46644363
0,0.190958823,35,0,0.77310293,2661.0,6,0,2,0,0.0,0.27444276
0,0.289470539,44,0,0.4825614,8916.0,17,0,2,0,1.0,0.19494873
0,0.0,44,0,0.477055884,2200.0,6,0,1,0,0.0,0.07710708
0,0.601603111,44,1,0.310068993,10000.0,5,0,2,0,4.0,0.3586488
0,0.290576783,60,0,1.325851393,2583.0,15,0,2,0,1.0,0.3566394
0,0.078544397,72,0,0.007971201,11666.0,5,0,0,0,0.0,0.0177703
0,2619.0,66,0,0.347826087,2000.0,6,0,1,0,0.0,0.4007027
0,0.660909872,77,0,0.454628781,12000.0,9,0,1,0,0.0,0.3423101
0,0.000607701,49,0,1.067071935,4934.0,8,0,2,1,0.0,0.60827047
0,0.029922854,59,0,0.225258247,3000.0,7,0,1,0,0.0,0.10669326
0,0.737122664,49,0,1.209108581,3600.0,14,0,2,0,2.0,0.67021674
0,0.9999999,58,0,0.294117647,4300.0,5,0,1,0,1.0,0.3489185
0,0.9999999,72,0,0.344358578,3234.0,6,0,1,0,0.0,0.21519618
0,0.899874198,54,0,0.566534333,6800.0,14,0,2,0,4.0,0.53703856
0,0.061191076,48,0,0.031200142,5640.0,6,0,0,0,0.0,0.09486827
0,0.499077642,67,1,0.292301718,10300.0,20,0,1,0,0.0,0.3784711
1,0.541245675,47,0,0.262373763,10000.0,17,1,2,1,3.0,0.8653951
0,0.983388704,28,4,0.246584472,3000.0,7,1,0,0,1.0,0.9452517
0,0.006140628,62,0,0.251104394,4300.0,6,0,1,0,0.0,0.053155176
0,0.0,37,0,0.26056858,10833.0,9,0,1,0,2.0,0.12884398
0,0.0,48,0,0.482386218,11666.0,20,0,6,0,2.0,0.25131902
0,0.040783687,27,1,0.016759777,3400.0,2,1,0,0,0.0,0.6488223
0,0.51150804,43,0,0.277688234,4342.0,7,0,0,0,0.0,0.4129344
0,0.393765862,49,0,0.741376492,6116.0,12,0,3,0,2.0,0.4847233
0,0.906952612,54,0,0.413842906,9000.0,8,0,1,0,2.0,0.3642569
1,1.056839475,23,0,0.111269615,700.0,2,2,0,0,3.0,0.9622738
1,0.061220155,62,0,0.443827809,6666.0,7,0,1,0,3.0,0.17940432
0,0.067393638,81,0,0.516513143,4450.0,14,0,2,0,0.0,0.10679806
0,0.00939812,49,2,0.027605601,17423.0,7,1,0,1,3.0,0.7463579
0,0.865975565,56,0,0.133333333,524.0,1,0,0,0,1.0,0.6289827
0,0.010965139,28,0,0.040456925,2100.0,5,0,0,0,0.0,0.25799736
0,0.005759908,65,0,0.496727749,4583.0,10,0,1,0,2.0,0.061874107
0,0.517687792,62,0,0.569554455,4039.0,5,0,2,0,0.0,0.28250942
0,0.268871096,48,0,0.861753785,3500.0,9,0,1,0,0.0,0.23637536
0,0.723073449,75,0,0.331852424,5176.0,9,0,1,0,1.0,0.3894057
0,0.209039548,49,0,0.228877112,10000.0,2,0,1,0,0.0,0.1253493
0,0.027354454,74,0,0.029721697,3700.0,6,0,0,1,1.0,0.41958228
0,0.451549975,50,0,0.671221463,6000.0,17,0,2,0,1.0,0.43903103
0,0.373204394,36,0,0.390601566,6000.0,8,0,1,0,2.0,0.22697768
0,0.062512401,49,0,0.562583321,6750.0,12,0,2,0,2.0,0.17388715
0,0.203604373,76,0,0.354798762,8074.0,13,0,2,0,0.0,0.106442824
0,0.406136455,60,0,0.269158879,8024.0,8,0,1,0,1.0,0.13360584
0,0.104867939,76,0,0.384270781,2008.0,13,0,0,0,0.0,0.14010331
0,0.015891606,63,0,0.004726413,5500.0,7,0,0,0,0.0,0.08409982
0,0.147449835,70,1,0.114725589,19550.0,9,0,1,0,1.0,0.12940277
0,1.024765421,64,3,0.452886248,2355.0,8,0,1,0,0.0,0.8787883
0,0.731925765,65,0,0.416097191,3950.0,10,0,0,0,0.0,0.42361787
0,0.0,46,0,0.0,4833.0,1,1,0,0,1.0,0.53688294
0,0.161252791,62,0,0.559304348,5749.0,9,0,1,0,0.0,0.16386886
0,0.160542855,41,0,0.180370741,13000.0,12,0,0,0,2.0,0.1868431
1,1.031996632,55,0,1.316683317,1000.0,4,0,2,0,0.0,0.6875548
0,0.907371522,32,1,0.29988466,2600.0,4,0,0,1,0.0,0.8409664
0,0.089191638,26,0,0.266103954,2250.0,8,0,0,0,0.0,0.31498054
0,0.536573171,61,0,0.103815682,10980.0,4,0,0,0,0.0,0.13824837
0,0.0,67,0,0.28616741,18600.0,15,0,3,0,0.0,0.12638395
0,0.016953817,40,0,0.534900944,5400.0,12,0,2,0,2.0,0.17328995
0,0.24170957,37,0,0.267061078,12000.0,15,0,2,0,0.0,0.25903255
0,0.039225692,68,0,0.184687902,7000.0,9,0,0,0,0.0,0.10202165
0,0.229798138,33,0,0.223351728,3442.0,6,0,0,0,1.0,0.26005268
1,0.691918598,60,0,0.427929951,2226.0,8,0,0,0,0.0,0.4524693
0,0.057802722,28,0,0.065846708,6666.0,6,0,0,0,0.0,0.112446405
0,0.011485952,58,0,1.101379724,5000.0,9,0,2,0,0.0,0.28365946
0,0.566064995,52,1,0.962559694,5234.0,18,1,2,0,4.0,0.90913886
0,0.122252142,45,0,0.37681803,9006.0,9,0,1,0,2.0,0.1493881
0,0.011606218,46,0,0.207696661,7067.0,11,0,1,0,2.0,0.122660205
0,0.9999999,45,0,0.004980631,9034.0,1,0,0,0,0.0,0.6277185
0,0.112401379,51,0,0.14213198,6500.0,10,0,0,0,0.0,0.11931845
0,0.538606765,57,0,0.145332855,8366.0,6,0,0,0,1.0,0.20935352
0,0.009425612,47,0,0.700999811,5300.0,12,0,2,0,1.0,0.17608725
0,0.003895752,51,0,0.222753027,9000.0,13,0,2,0,2.0,0.05768875
0,0.036115439,68,0,0.268013265,9950.0,9,0,3,0,0.0,0.113672964
1,0.585804617,62,0,0.534616346,4000.0,11,0,0,1,0.0,0.78986025
0,0.074541352,64,0,0.042152466,4459.0,7,0,0,0,0.0,0.083778866
0,0.804941671,44,2,0.11189531,6800.0,4,0,0,1,4.0,0.8653512
0,0.434832295,63,0,0.07012738,7300.0,4,0,0,0,0.0,0.2658468
0,0.193749419,51,0,0.345836629,8850.0,5,0,2,0,2.0,0.15160003
0,0.169941472,28,0,0.250080671,3098.0,5,0,0,0,1.0,0.2911505
0,0.879721218,41,0,0.956370247,6600.0,16,0,2,0,2.0,0.7745977
0,0.019478599,41,1,0.407998462,5200.0,7,0,1,0,1.0,0.32901
0,0.037902571,67,0,0.061375173,6500.0,10,0,0,0,0.0,0.07337195
0,0.010749731,62,0,0.310169492,12389.0,18,0,3,0,1.0,0.13932888
0,0.009592237,26,0,0.00388673,1800.0,5,0,0,0,0.0,0.14509015
0,1.013266451,30,0,0.531078154,6000.0,20,0,2,0,1.0,0.726527
0,0.130738871,55,0,0.294076164,9925.0,28,0,1,0,1.0,0.14645648
0,0.003266449,61,0,0.044991002,1666.0,3,0,0,0,1.0,0.08826759
0,0.64676911,35,0,0.127047061,5800.0,5,1,1,2,2.0,0.92176086
0,0.323901069,42,0,1119.0,0.0,15,0,0,0,4.0,0.12467155
0,0.023485043,35,0,0.006664815,3600.0,2,0,0,0,2.0,0.09857029
0,0.039721236,31,0,0.051166438,5100.0,13,0,0,0,0.0,0.09319633
0,0.01499344,75,0,0.003096694,12916.0,8,0,0,0,1.0,0.03789413
0,0.239966397,56,0,0.372062794,10000.0,5,0,2,0,1.0,0.120335415
0,0.016475406,63,0,0.235809524,5249.0,5,0,1,0,3.0,0.04988856
0,0.014550721,62,0,0.071408169,3500.0,5,0,0,0,0.0,0.088068955
0,1.003862758,48,0,0.132933533,2000.0,5,0,0,0,2.0,0.7225531
0,0.025135676,23,0,0.002150538,929.0,3,0,0,0,0.0,0.17829224
0,0.007080286,46,0,0.429261421,4968.0,10,0,1,0,0.0,0.08958062
1,0.945091514,62,2,0.937250428,1752.0,5,0,1,0,0.0,0.78749436
0,0.022664222,68,0,0.016793283,2500.0,7,0,0,0,0.0,0.062370665
0,0.003060513,49,0,0.274362819,2000.0,4,0,1,0,0.0,0.041151904
0,0.009037581,66,0,0.43739089,6300.0,7,0,1,0,0.0,0.04991534
0,0.9999999,55,0,0.537031484,3334.0,8,1,1,0,0.0,0.8210363
0,0.089257082,63,0,0.202994843,10083.0,7,0,2,0,1.0,0.07448752
0,0.500622779,43,0,0.253792805,13841.0,14,0,0,0,1.0,0.4072538
0,0.015169239,63,0,0.419967714,8052.0,13,0,3,0,0.0,0.10449925
0,0.026680405,48,0,0.232529375,4850.0,6,0,1,0,0.0,0.08209288
0,0.013677732,81,0,0.004598161,5001.0,10,0,0,0,0.0,0.030545872
0,0.043545296,62,0,1.393521296,3333.0,13,0,3,0,0.0,0.4930681
0,0.033498604,29,0,0.450358041,5166.0,7,0,2,0,0.0,0.17078155
0,0.234955479,63,0,0.374574347,6166.0,12,0,2,0,0.0,0.19950473
0,0.306615667,53,0,0.320165813,4100.0,7,0,1,0,1.0,0.25279745
0,0.119829164,58,1,0.194600415,13000.0,19,0,2,0,0.0,0.3485881
1,0.9999999,58,1,0.173798799,2663.0,2,0,0,0,1.0,0.73117995
0,0.072892711,46,1,0.324279287,6000.0,6,0,1,0,2.0,0.4665131
0,0.088731817,63,0,0.532001355,2952.0,10,0,2,0,0.0,0.2338871
0,0.190439709,53,1,0.070461635,67000.0,11,0,2,0,2.0,0.39863104
0,0.696391237,34,0,0.134173165,5000.0,9,0,1,0,3.0,0.5077795
0,0.144834482,63,0,0.178905688,16667.0,12,0,1,0,0.0,0.08789578
0,0.723710516,23,0,0.209825146,1200.0,6,0,0,0,0.0,0.6353115
0,0.149670441,36,0,0.351663506,5800.0,36,0,2,0,2.0,0.46165025
0,0.961100972,37,0,0.353330257,6500.0,4,0,0,0,2.0,0.5334495
0,0.121515139,59,0,0.678600161,2485.0,12,0,1,0,0.0,0.18473032
0,0.920958788,47,1,0.224834845,8930.0,6,0,1,0,5.0,0.6835099
0,0.021748913,36,0,0.005997001,2000.0,2,0,0,0,0.0,0.08164688
0,0.053926826,45,0,1834.0,0.0,14,0,1,0,2.0,0.067786664
0,0.04800239,37,0,0.342597926,6943.0,10,0,1,0,3.0,0.10594885
0,0.200935823,69,0,0.329471602,10616.0,16,0,3,0,0.0,0.15473592
0,0.267874574,56,0,0.323394073,5432.0,4,1,1,0,2.0,0.62303656
0,0.176498478,78,1,0.562072988,6000.0,16,0,1,0,2.0,0.34340218
0,0.763150155,78,3,0.429740047,5500.0,12,0,1,0,0.0,0.8317769
0,0.561134622,31,0,0.117191944,8788.0,3,0,0,0,4.0,0.34048855
0,0.0,46,0,0.635520814,5500.0,4,0,1,0,0.0,0.16309083
0,0.685157421,70,1,0.019990005,2000.0,2,0,0,0,0.0,0.49508375
1,1.309612984,23,1,0.331138288,2125.0,4,0,0,0,1.0,0.9009036
0,0.13088997,54,0,0.426994376,4800.0,12,0,2,0,0.0,0.19002292
0,0.066421884,58,0,0.315361575,2336.0,16,0,1,0,0.0,0.17623368
0,0.250961515,81,0,0.372930166,4166.0,12,0,1,0,0.0,0.09465855
0,0.112449799,36,0,0.366591567,6213.0,15,0,2,0,2.0,0.20673092
0,0.01089473,53,0,0.720530703,5878.0,6,0,2,0,2.0,0.22332779
0,0.304656995,64,0,0.183883526,18750.0,10,0,2,0,0.0,0.08683696
0,0.519019302,29,1,0.323384569,6700.0,8,0,2,0,0.0,0.30178997
0,1.047028328,53,1,0.427545416,2366.0,8,0,0,1,1.0,0.94680107
0,0.039774183,73,0,1490.0,0.0,11,0,1,0,0.0,0.029223664
0,0.860928426,28,0,0.456341789,3744.0,16,0,0,0,0.0,0.7386125
0,0.0,39,0,0.275649267,11666.0,11,0,2,0,1.0,0.22162797
0,0.051237749,51,1,0.741220736,4783.0,14,0,3,0,1.0,0.6231382
0,0.701264364,38,0,0.663850859,3432.0,8,0,3,0,1.0,0.4381438
0,0.257645196,56,0,0.214715589,5150.0,4,0,1,0,0.0,0.13616493
0,0.105335984,58,0,0.14632598,6300.0,9,0,1,0,1.0,0.08816888
0,0.002924252,53,0,0.260869565,3817.0,4,0,1,0,2.0,0.07066234
0,0.704051838,42,0,0.278773453,7141.0,8,0,1,0,2.0,0.37971157
0,0.876970768,39,0,0.134162209,6916.0,10,0,0,0,1.0,0.5190825
0,1.029784066,39,0,0.207802392,5100.0,11,1,0,1,0.0,0.9493665
0,0.005420434,56,0,0.43718755,6200.0,12,0,2,0,0.0,0.12199133
0,0.185119207,39,0,0.723046092,4989.0,11,0,1,0,2.0,0.3492277
0,0.230125662,45,0,0.143033997,10500.0,8,0,1,0,0.0,0.090253524
1,0.09900003,62,0,0.019997143,7000.0,11,0,0,1,0.0,0.6301701
0,0.071784271,57,0,0.418947743,11251.0,9,0,2,0,2.0,0.20945841
0,0.022238524,56,0,0.052685597,5845.0,2,0,0,0,0.0,0.065079555
0,0.086662222,36,0,0.054638589,10541.0,6,0,0,0,0.0,0.04113353
0,0.9750025,53,0,0.160983902,10000.0,4,0,1,0,0.0,0.38198087
1,0.793453919,45,0,0.14214308,3200.0,5,0,0,0,0.0,0.485483
0,0.687414811,48,1,0.193331705,8187.0,5,1,1,1,0.0,0.87687993
0,0.062398902,35,0,0.135205526,8830.0,3,0,1,0,0.0,0.097411186
0,0.515089637,39,0,0.555444887,3011.0,16,0,1,0,1.0,0.6645556
1,0.601993287,55,0,1.188371481,3800.0,20,0,2,0,1.0,0.6278002
0,0.100453283,66,0,0.33638706,6985.0,11,0,2,0,1.0,0.08931195
0,0.025528911,60,0,0.141507482,14500.0,6,0,2,0,1.0,0.050164197
0,0.050155546,59,0,0.084761608,3208.0,8,0,0,0,0.0,0.18812029
0,0.058011735,38,0,0.008396641,2500.0,5,0,0,0,0.0,0.081707194
0,0.078497383,52,0,0.207274054,8220.0,5,0,1,0,3.0,0.082001805
1,1.143237841,40,1,0.310949788,4958.0,7,0,1,0,1.0,0.8382692
0,0.216121097,44,0,0.992976892,4413.0,11,0,3,0,1.0,0.5101398
0,0.222375508,84,1,0.165969824,5500.0,15,0,0,0,0.0,0.5033695
0,0.0,69,1,0.03814485,5950.0,7,0,1,0,0.0,0.22687419
0,0.207161781,47,0,0.36037844,6975.0,10,0,1,0,4.0,0.14715208
0,0.451976521,49,0,0.413117377,5000.0,11,0,1,0,1.0,0.28388527
0,0.056212632,36,0,0.21248835,8583.0,13,0,2,0,0.0,0.098806575
0,0.184182617,73,0,0.355906118,5197.0,6,0,1,0,0.0,0.068874955
0,0.452458106,26,0,0.13048369,2666.0,6,0,0,0,3.0,0.49975508
0,0.569721514,38,0,0.469927703,6500.0,5,0,2,0,2.0,0.34867766
0,0.0,67,0,0.276683463,2182.0,7,0,0,0,1.0,0.23869209
0,0.182580804,46,0,2181.0,0.0,8,0,0,0,0.0,0.104207315
0,0.9999999,28,0,0.105340519,2040.0,2,1,0,0,0.0,0.8243953
0,0.361360676,37,0,0.423165667,6500.0,13,0,1,0,1.0,0.26919895
0,0.054550009,73,0,0.161116323,4263.0,9,0,1,0,0.0,0.055100642
0,0.09627784,43,0,1.351129774,5000.0,13,0,2,0,0.0,0.3994605
0,0.63375575,53,0,1.56579678,1800.0,8,0,1,0,0.0,0.44497263
0,0.147672993,53,0,0.282060954,13255.0,13,0,2,0,0.0,0.11756407
0,0.9999999,61,0,0.0,6892.0,0,0,0,0,0.0,0.42321837
0,0.542668131,35,0,0.231964484,9009.0,9,0,0,2,2.0,0.786187
0,0.039515725,60,0,0.259049069,14448.0,11,0,2,1,0.0,0.37901312
0,0.112834883,43,0,0.359152113,7500.0,14,0,1,0,8.0,0.078484856
0,0.306156204,59,0,0.410652609,5500.0,13,0,1,0,0.0,0.2105924
0,0.004768986,71,0,0.112142057,6250.0,6,0,1,0,0.0,0.03164964
0,0.054749088,59,0,0.010121035,9583.0,5,0,0,0,0.0,0.05728998
0,0.053993079,75,0,0.015322927,6982.0,8,0,0,0,0.0,0.05242614
0,0.03601857,62,0,0.009998334,6000.0,4,1,0,0,1.0,0.5606487
0,0.894821036,56,0,0.820379656,5583.0,6,0,2,0,0.0,0.5202432
0,0.012189896,73,0,0.229893975,3866.0,11,0,1,0,0.0,0.057618726
0,0.000260866,39,0,0.299823633,1700.0,10,0,0,0,0.0,0.17312558
0,0.046284061,55,0,0.396933844,6000.0,7,0,1,0,0.0,0.08383932
0,0.003574392,51,0,0.322853016,9000.0,6,0,1,0,2.0,0.044982836
0,0.102022449,73,0,0.21718667,13172.0,7,0,2,0,0.0,0.041169498
0,0.575069171,47,0,0.244964616,5510.0,4,0,1,0,3.0,0.31689668
0,0.041935227,46,0,4.404793609,750.0,5,0,2,0,3.0,0.13538441
0,0.9999999,46,1,0.269093505,1400.0,2,0,0,0,1.0,0.7856922
0,0.023022204,51,0,0.3825178,6600.0,9,0,1,0,0.0,0.11944557
0,0.996901572,72,0,0.679835512,6808.0,16,0,1,0,0.0,0.4428305
0,0.025811083,54,0,0.007006369,3139.0,3,0,0,0,0.0,0.094111644
0,0.386624505,48,0,0.292553791,8876.0,15,0,1,0,2.0,0.29529783
1,0.99440112,64,2,0.546542235,4178.0,4,1,0,1,3.0,0.9414134
0,0.660647194,40,0,0.082083662,2533.0,1,0,0,0,0.0,0.5214852
0,0.014569347,30,0,0.1065439,3040.0,4,0,0,0,0.0,0.06819364
0,0.0,67,0,0.637194686,7000.0,7,0,1,0,0.0,0.14823121
0,0.008534215,77,0,0.122469383,4000.0,17,0,1,0,0.0,0.042076435
0,0.303429598,46,0,0.390114943,4349.0,11,0,2,0,0.0,0.31509995
0,0.069281046,57,0,0.39555915,13600.0,9,0,3,0,0.0,0.24564122
0,0.22768501,42,0,0.307570227,6300.0,10,0,1,0,1.0,0.19941336
1,0.9999999,56,0,0.198698393,4916.0,3,0,0,0,4.0,0.61154526
1,0.0,28,2,0.314166032,2625.0,6,1,0,0,0.0,0.93241554
0,0.014282627,80,0,0.00499881,4200.0,11,0,0,0,0.0,0.03586864
0,0.175776357,44,0,0.358877297,10830.0,10,0,2,0,2.0,0.17390788
0,0.02039179,57,0,0.016393443,8600.0,18,0,0,0,1.0,0.1457268
0,0.650478812,65,0,0.528136379,12083.0,8,0,2,1,2.0,0.4574896
0,0.454523551,45,0,0.337523211,7000.0,16,0,1,0,1.0,0.34332415
0,0.0,30,0,0.46199016,6300.0,7,0,1,0,0.0,0.18420856
0,0.9999999,45,0,0.432211696,3060.0,1,0,1,0,0.0,0.56044245
0,0.16595851,25,0,0.679697352,792.0,8,0,0,0,0.0,0.12904114
0,0.796000088,43,1,0.600037732,10600.0,13,0,2,0,2.0,0.66741854
0,0.113879794,37,0,0.445895823,6200.0,9,0,1,0,3.0,0.21315636
0,0.936412246,61,0,0.230235969,7500.0,11,0,2,0,0.0,0.36120424
0,0.002571061,31,0,0.894699311,4206.0,9,0,3,0,0.0,0.57347304
0,0.16881062,55,0,0.217229394,12083.0,9,0,1,0,0.0,0.11371211
0,0.0,68,0,0.513970878,5081.0,8,0,2,0,2.0,0.06950599
0,0.131347639,62,1,0.391025641,2027.0,10,0,1,0,1.0,0.35639143
0,0.144039045,53,0,0.151827554,3200.0,6,0,0,0,0.0,0.2142227
0,0.097043168,39,1,0.208075734,5175.0,13,0,1,0,0.0,0.28505775
1,0.834839454,36,1,0.212615792,6800.0,10,1,0,3,3.0,0.9349673
0,0.238949639,65,1,0.334960124,8400.0,11,0,1,0,1.0,0.3251297
0,0.223883914,70,0,0.197817599,19977.0,7,0,1,0,1.0,0.04585198
0,0.9999999,53,0,0.168229,21868.0,5,0,2,0,0.0,0.376869
0,0.035717491,66,0,0.158153487,12000.0,9,0,1,0,0.0,0.07362342
0,0.282132144,48,0,0.537128383,7500.0,6,0,4,0,1.0,0.43616647
0,1.008815903,38,2,0.698910836,5416.0,11,1,2,1,3.0,0.9638276
0,0.051502639,58,0,0.330667333,4000.0,15,0,1,0,1.0,0.17169009
0,0.33161961,41,0,0.344435603,8796.0,6,0,1,0,3.0,0.21505608
0,0.002237409,73,0,0.029217837,32000.0,12,0,2,0,0.0,0.015246796
0,0.163772515,54,1,0.422563642,8916.0,10,0,1,0,2.0,0.34772238
0,0.435659297,41,0,0.374453193,8000.0,8,0,2,0,2.0,0.20608744
0,0.250409593,52,0,3291.0,0.0,23,0,2,0,0.0,0.19632632
1,0.006803611,79,2,0.003998401,2500.0,12,0,0,1,0.0,0.77694625
0,0.579554034,74,0,0.433643571,2900.0,7,0,1,0,0.0,0.2819173
0,0.060644196,78,0,0.078378861,5600.0,5,0,1,0,0.0,0.050904803
0,0.262701,50,0,0.224310276,2500.0,5,0,0,0,1.0,0.2297392
0,0.0,68,1,0.272559853,3800.0,5,0,1,0,0.0,0.23771833
0,0.290139345,33,0,0.739446008,6750.0,5,0,2,0,1.0,0.26857126
0,0.117366095,43,0,0.828167482,3677.0,8,0,1,0,2.0,0.15122099
0,0.329788201,57,0,0.196341065,3060.0,5,0,0,0,0.0,0.26785007
0,0.0,48,1,0.143671858,4558.0,8,0,0,0,0.0,0.27556825
1,0.828282828,46,2,0.870024995,5200.0,4,3,1,0,2.0,0.96418124
1,0.0,29,0,0.325306679,2200.0,12,0,0,0,0.0,0.36787835
0,0.178592421,47,0,0.233776622,10000.0,9,0,2,0,0.0,0.17409326
0,0.793697686,54,1,0.213893053,2000.0,5,0,0,0,1.0,0.72330874
0,0.154912954,48,0,0.427707199,4958.0,5,0,1,0,1.0,0.19299673
0,0.030910017,56,0,0.246964719,7000.0,7,0,1,0,0.0,0.0844039
0,0.0,47,0,0.296154895,11000.0,7,0,2,0,2.0,0.09573558
0,0.037571646,62,0,0.253582139,3000.0,28,0,1,0,2.0,0.11131879
0,0.011591895,88,0,0.00056243,5333.0,2,0,0,0,0.0,0.017781889
0,0.087029332,72,0,0.109608609,10500.0,32,0,1,0,0.0,0.1735501
0,0.033837293,67,0,0.07827027,4624.0,10,0,1,0,0.0,0.06226877
0,0.620653187,68,1,0.289892532,7350.0,9,0,0,0,0.0,0.5256956
0,0.867516053,60,0,0.376910017,5300.0,7,1,0,0,0.0,0.85544175
0,0.020048528,56,0,0.282519771,7333.0,7,0,1,0,1.0,0.065833025
0,0.0,44,0,0.017518599,4166.0,3,0,0,0,2.0,0.19489045
0,0.412782989,62,2,0.609199459,17000.0,17,0,6,0,2.0,0.5627235
0,0.074173835,33,0,0.342587123,8464.0,12,0,1,0,3.0,0.37019688
0,1.015358081,26,0,0.719381959,4400.0,15,0,1,0,1.0,0.8148131
0,0.039577347,57,0,0.123147992,17750.0,20,0,2,0,1.0,0.12415595
0,0.645230178,55,1,0.681146539,9000.0,12,0,2,0,0.0,0.58279085
0,0.036439271,48,0,0.448959167,4995.0,8,0,2,0,1.0,0.16111189
0,0.305651672,23,0,0.224855491,1729.0,5,0,0,0,0.0,0.42244327
0,0.048547064,46,0,0.136086223,7700.0,13,0,1,0,0.0,0.0715181
0,0.019932438,64,0,0.004374453,8000.0,10,0,0,0,0.0,0.050306004
0,0.05218671,52,0,1.673590185,9291.0,27,0,13,0,3.0,0.4960393
0,0.038900716,33,0,0.422860587,4977.0,7,0,2,0,1.0,0.20452973
0,0.268514798,43,0,0.743851387,3821.0,7,0,2,0,0.0,0.2887435
0,0.059146026,30,0,0.244270964,3970.0,8,0,0,0,0.0,0.11182809
0,0.046037322,46,1,0.280492619,12666.0,11,0,1,0,2.0,0.27522406
0,0.046805071,51,0,0.006461141,10833.0,5,0,0,0,0.0,0.033227697
0,0.166316881,58,0,0.373771038,6000.0,14,0,1,0,0.0,0.18661988
0,0.9999999,58,0,0.264071541,1900.0,2,0,0,0,0.0,0.5049095
0,0.253464456,50,0,0.325734853,5000.0,17,0,2,0,0.0,0.28356183
0,0.28369669,61,0,0.61966257,4800.0,14,0,1,0,0.0,0.18318434
0,0.024103766,88,0,0.170707323,4000.0,7,0,0,0,0.0,0.04095128
0,0.020547476,55,0,0.246792319,11300.0,5,0,1,0,3.0,0.018690418
0,0.283081758,31,0,0.218445389,4000.0,5,0,0,0,0.0,0.15178373
0,0.238909284,80,0,0.351248164,6809.0,18,0,1,0,1.0,0.098945566
0,0.178830353,61,0,0.28527937,11167.0,7,0,2,0,1.0,0.05807918
0,0.876258548,45,1,0.4965005,7000.0,5,0,1,0,1.0,0.6776938
0,0.002363593,94,0,0.00044603,6725.0,6,0,0,0,0.0,0.01076692
0,0.379026079,68,0,0.32691827,4000.0,14,0,0,0,0.0,0.16901739
0,0.182409439,62,0,0.217740394,10461.0,17,0,1,0,0.0,0.088513836
0,0.090522114,67,0,0.225216646,10500.0,19,0,2,0,0.0,0.15107271
0,0.008126726,64,0,0.246544456,10200.0,10,0,1,0,0.0,0.073989734
0,0.930594114,53,3,0.369920598,2140.0,10,0,1,0,1.0,0.85958856
1,0.477751079,52,0,0.426661241,17200.0,10,0,2,0,1.0,0.32974964
0,0.011004058,65,0,0.178057226,5486.0,15,0,1,0,1.0,0.10865139
0,0.203314167,41,0,0.371296183,8200.0,6,0,2,0,0.0,0.17327054
0,0.0,51,0,0.253889235,3213.0,8,0,1,0,0.0,0.18075578
0,0.998760598,56,2,1.058420226,7000.0,11,0,2,0,2.0,0.8523242
0,0.0,63,0,0.26662636,4961.0,9,0,2,0,0.0,0.15315732
0,0.019295648,59,0,0.593441749,3750.0,8,0,2,0,0.0,0.11452325
0,0.092146297,43,0,0.686847104,4211.0,14,0,1,0,1.0,0.23640744
0,0.074783877,61,0,0.018175209,2750.0,7,0,0,0,0.0,0.17841423
0,0.431313973,60,0,0.364272212,5289.0,12,0,1,0,2.0,0.2645381
1,1.096890724,31,0,0.318099195,3850.0,8,3,0,0,0.0,0.9532171
1,0.89276808,74,0,0.144305307,1676.0,1,0,0,0,0.0,0.3799115
0,0.004229079,52,0,789.0,1.0,6,0,1,0,0.0,0.019904682
0,0.545514203,41,0,0.32825069,8328.0,6,0,1,0,2.0,0.32456473
0,0.157224248,55,0,0.230643657,8575.0,7,0,2,0,1.0,0.10358086
0,0.133613717,43,1,0.421048246,12000.0,14,0,3,1,2.0,0.7543976
0,0.9999999,47,0,0.369961057,9500.0,3,0,1,0,0.0,0.52428365
0,0.247829519,69,0,0.220808723,2200.0,4,0,1,0,0.0,0.13760877
0,0.464055405,36,0,0.375881206,6666.0,12,0,0,0,0.0,0.39258966
0,0.022746355,50,0,0.348166525,12898.0,13,1,2,0,3.0,0.60500515
0,0.191808192,22,0,5.0,0.0,2,0,0,0,0.0,0.03587348
0,0.005290152,71,0,0.004555049,9000.0,5,0,0,0,0.0,0.01922487
0,0.23248497,60,0,0.227728732,4983.0,14,0,1,0,0.0,0.2560821
0,0.209394438,46,0,1668.0,1.0,9,0,2,0,2.0,0.13141657
0,0.291618064,36,0,0.252282467,16100.0,8,0,2,0,2.0,0.108362935
0,0.89400265,62,0,0.674296238,3800.0,6,0,1,0,1.0,0.4152204
0,0.323284959,61,0,0.510784678,5377.0,19,0,2,0,0.0,0.2523425
0,0.083239281,51,0,0.319406267,5456.0,10,0,1,0,1.0,0.13692589
0,0.195689513,45,0,0.616860308,3700.0,8,0,1,0,2.0,0.22361875
0,0.378874413,69,0,0.423744397,8700.0,16,0,2,0,0.0,0.19323431
0,0.22181242,39,2,0.190311419,2600.0,12,1,0,0,0.0,0.8501572
0,0.037065568,48,0,0.213023614,18166.0,7,0,2,0,0.0,0.07115642
0,0.076651426,61,0,0.05435814,7376.0,7,0,0,0,0.0,0.10788339
0,0.798880448,42,3,0.09700039,5133.0,6,0,0,0,1.0,0.8254636
0,0.136458843,60,0,0.58297487,4416.0,21,0,2,0,0.0,0.22942846
0,0.987072013,53,3,0.115192321,15000.0,16,0,0,0,3.0,0.71124357
0,0.621332379,59,0,0.698314108,6761.0,11,0,2,0,0.0,0.32623312
0,0.051736881,53,0,0.004749406,8000.0,4,0,0,0,2.0,0.08530184
1,0.067623309,70,2,0.588609512,3300.0,5,0,1,0,6.0,0.6743802
0,0.137993429,39,0,0.310157195,6615.0,7,0,1,0,2.0,0.1370573
0,0.055743032,63,0,0.337951721,7000.0,7,0,1,0,0.0,0.11004977
0,0.0,64,0,0.185953512,4000.0,7,0,1,0,1.0,0.054464713
0,0.396814671,53,1,0.86072303,6942.0,21,0,2,0,0.0,0.47031248
0,0.159920003,81,0,0.329291045,3215.0,8,0,1,0,0.0,0.09056926
0,0.299267518,57,0,0.517393043,2500.0,6,0,1,0,1.0,0.18578708
0,0.447105788,29,0,0.219356708,3450.0,4,0,0,0,2.0,0.3198885
1,0.605120693,33,0,0.720473899,2700.0,3,0,1,0,0.0,0.4609632
0,0.014408215,40,0,0.06344301,5500.0,4,0,0,0,1.0,0.06528668
0,0.363808773,44,0,0.214143709,3520.0,7,0,0,0,2.0,0.24650724
0,0.048404938,41,0,0.012794882,2500.0,3,0,0,0,0.0,0.09479032
0,0.483562674,27,0,0.179309425,7500.0,10,0,0,0,0.0,0.32877138
0,0.009093862,53,0,0.001666482,9000.0,7,0,0,0,2.0,0.06527727
0,0.029399347,71,0,0.248120301,6250.0,9,0,1,0,0.0,0.056922667
0,0.0,56,0,0.234362502,6250.0,3,0,2,0,0.0,0.21810357
0,0.0,75,1,0.143405013,7300.0,5,0,1,0,0.0,0.19723508
0,0.625252203,64,0,0.499584718,7223.0,11,0,1,0,1.0,0.25058475
0,0.434867142,29,0,0.727881041,1344.0,10,0,0,0,0.0,0.53890276
0,0.034775846,66,0,0.678611422,6250.0,9,0,3,0,0.0,0.23524582
0,0.202141872,47,2,0.49870026,5000.0,12,0,1,0,2.0,0.65732896
0,0.214889256,65,0,0.312365795,15833.0,4,0,3,0,0.0,0.083021946
0,0.096885515,51,0,0.020995801,1666.0,10,0,0,0,0.0,0.2832566
0,0.409616555,61,2,0.321919813,6833.0,8,0,1,1,0.0,0.5944226
0,0.848537866,44,4,0.358135307,7700.0,12,0,1,0,1.0,0.84948266
0,0.004638824,69,0,0.001785395,5600.0,7,0,0,0,2.0,0.030724693
0,0.772164011,40,0,0.315736853,5000.0,7,0,0,0,3.0,0.5019817
0,0.691237478,39,2,0.289852588,5833.0,16,0,0,0,1.0,0.78476214
0,0.117111631,64,0,0.991716652,3500.0,19,0,1,0,1.0,0.26331806
0,0.486304414,73,0,0.558356761,11026.0,7,0,2,0,0.0,0.14829488
0,0.0,74,0,0.302735781,16667.0,18,0,2,0,0.0,0.09465365
1,0.78792496,55,2,0.512904183,3370.0,9,0,2,0,0.0,0.7742501
0,0.001963267,42,0,0.079940785,1350.0,7,0,0,0,0.0,0.08969741
0,0.0,30,0,0.562299179,2800.0,7,0,1,0,0.0,0.28427216
0,0.0,26,0,0.0,0.0,1,0,0,0,0.0,0.20688424
0,0.02899855,36,0,0.431009199,7500.0,5,0,2,0,0.0,0.12819047
0,0.820964234,58,0,0.180140993,13333.0,7,0,1,2,0.0,0.6335681
0,0.026786476,70,0,1.119952019,2500.0,16,0,2,0,0.0,0.19341555
0,0.605177994,60,0,0.524408384,7394.0,11,0,2,0,0.0,0.28254262
0,0.9999999,25,0,0.0,2745.0,1,0,0,0,0.0,0.5838726
0,0.571214393,43,0,0.401554404,2701.0,3,0,1,0,0.0,0.36065084
0,0.017795163,27,0,0.276939094,1920.0,7,0,0,0,0.0,0.21892215
1,0.239286893,58,0,0.204698825,4000.0,9,0,1,0,1.0,0.16810635
0,0.295180955,39,0,0.430224254,7000.0,10,0,1,0,4.0,0.31300336
0,0.55028434,45,0,0.112544955,4726.0,6,0,0,0,3.0,0.44998202
0,0.001944507,62,0,0.000191791,5213.0,6,0,0,0,0.0,0.03636739
0,0.534208411,47,0,0.649671806,6550.0,9,0,3,0,2.0,0.4553463
0,0.228882283,68,0,0.137877614,3872.0,6,0,0,0,0.0,0.11888215
0,0.013112019,48,0,0.001674263,10750.0,6,0,0,0,3.0,0.03529875
0,0.9999999,56,2,0.23072905,13400.0,3,1,2,1,2.0,0.8749588
0,0.389507366,78,0,0.222751729,6504.0,5,0,1,0,1.0,0.17368029
0,0.034332899,30,0,0.234117647,1699.0,2,0,0,0,0.0,0.117366396
0,0.0,70,0,0.261413289,6636.0,6,0,1,0,0.0,0.07267915
0,0.0,69,0,0.270568632,4800.0,4,0,1,0,0.0,0.07857027
0,0.013282087,55,0,0.165575916,4583.0,7,0,1,0,0.0,0.078394994
0,0.168726453,42,0,0.394934178,6000.0,8,0,1,0,1.0,0.17574157
0,0.385176677,58,0,0.514275051,5358.0,11,0,1,0,0.0,0.18375498
0,0.149331256,69,1,0.731005065,3750.0,9,0,1,1,1.0,0.58904934
1,1.263473054,37,1,0.335584977,3700.0,6,2,1,5,1.0,0.97253686
0,0.029733547,49,1,0.303975682,12500.0,8,0,1,0,2.0,0.20169911
0,0.07790555,50,0,0.259956674,6000.0,3,0,1,0,1.0,0.094992206
0,1.052552636,40,0,1.033542405,3666.0,4,0,1,0,2.0,0.6984772
0,0.67095414,50,0,0.212589323,9515.0,10,0,0,0,2.0,0.43962926
0,0.540444698,62,0,0.498572011,4901.0,8,0,1,0,1.0,0.25421438
0,0.662910475,47,0,0.427662759,8017.0,9,0,1,0,0.0,0.37254342
0,0.272275896,33,0,0.691796649,3461.0,12,0,1,0,0.0,0.2537454
0,0.052145046,54,0,0.480418894,9166.0,15,0,1,0,0.0,0.101944424
0,0.169741513,38,0,0.234117892,4800.0,6,0,0,0,2.0,0.18950212
0,0.515014697,44,0,0.799561083,4100.0,6,0,1,0,3.0,0.40675887
0,0.092034602,33,0,0.276895415,10010.0,8,0,1,0,3.0,0.0829365
0,0.029673729,53,0,0.145300197,8127.0,5,0,1,0,0.0,0.04810904
0,0.0,43,0,0.543945605,10000.0,8,0,2,0,0.0,0.15182558
0,0.09924804,52,0,0.548789809,3924.0,6,0,1,0,1.0,0.14943716
0,0.073451874,54,0,0.929400922,5424.0,11,0,2,0,2.0,0.31070724
0,0.448398759,44,0,0.34816319,5416.0,8,0,2,0,1.0,0.21874468
0,0.010342562,73,0,0.108502129,7750.0,7,0,1,0,0.0,0.04353084
0,0.275781624,30,0,0.141277129,9583.0,25,0,1,0,0.0,0.1589059
0,0.954172174,64,0,0.818150209,2875.0,15,0,0,0,0.0,0.63599455
0,0.950820697,56,1,0.662900849,14250.0,11,0,2,0,1.0,0.75910753
0,0.900323521,37,0,1.114221445,4000.0,14,0,1,0,1.0,0.773078
0,0.075609248,41,0,0.328456474,4100.0,5,0,1,0,0.0,0.1216367
0,0.141346805,40,0,0.21945433,5900.0,8,0,0,0,2.0,0.17616487
0,0.129832904,79,0,0.014638829,8333.0,6,0,0,0,0.0,0.09398945
0,0.016919231,70,0,0.048866357,7100.0,8,0,1,0,0.0,0.032598045
0,0.022148232,50,0,0.128772885,8083.0,9,0,1,0,1.0,0.0900318
0,0.445277361,40,0,0.004332611,6000.0,3,0,0,0,0.0,0.3020712
0,0.631513041,42,0,0.274220517,10166.0,11,0,2,0,0.0,0.35621178
0,0.0,51,0,0.215979431,10500.0,13,0,1,0,0.0,0.108494125
0,1.020489755,40,1,0.35151959,2730.0,5,0,0,0,1.0,0.8954824
0,0.116788186,35,0,0.142764691,7725.0,14,0,0,0,3.0,0.20640858
0,0.071763299,47,0,0.24462043,12500.0,5,0,1,0,2.0,0.102739
0,0.928724468,53,0,0.419767251,6100.0,7,1,1,0,0.0,0.86372983
0,0.520246863,64,0,0.438309647,7950.0,14,0,2,0,0.0,0.2835872
0,0.04609347,55,0,0.306316134,9166.0,8,0,2,0,2.0,0.04305205
0,0.031410468,45,0,0.819517931,1700.0,10,0,1,0,1.0,0.15539698
0,0.175943637,62,0,0.400734544,4900.0,9,0,2,0,0.0,0.19847688
0,0.062642105,51,0,0.239453792,4100.0,6,0,1,0,0.0,0.09485847
0,0.636930004,27,0,0.178670617,5400.0,9,0,0,0,1.0,0.522819
0,0.003355818,51,0,0.683058633,3700.0,9,0,1,0,0.0,0.10302397
0,0.073933793,54,0,0.169535733,3833.0,10,0,1,0,0.0,0.110695235
0,0.782217,56,1,2.759367194,1200.0,11,0,0,0,0.0,0.7768182
0,0.0,32,0,0.0,5312.0,3,0,0,0,2.0,0.12836516
0,1.737541528,52,0,0.009372071,3200.0,2,1,0,0,0.0,0.85949934
0,0.370465181,52,0,0.307668641,13000.0,3,0,2,0,3.0,0.1146977
0,0.030152848,52,0,0.370662631,9250.0,8,0,2,0,1.0,0.106343314
0,0.824865193,34,0,0.467046789,5962.0,13,0,1,0,3.0,0.6172615
0,0.673442186,35,2,0.173241229,5500.0,4,0,0,0,0.0,0.65114605
0,0.392741603,35,0,0.086918731,2300.0,3,0,0,0,0.0,0.24426536
0,0.098515058,72,0,1189.0,0.0,4,0,1,0,0.0,0.015480833
0,0.479262892,39,0,0.274680785,3210.0,7,0,0,0,1.0,0.37167847
0,0.9999999,33,0,0.155463347,3614.0,4,0,0,0,2.0,0.5585257
0,0.9999999,66,0,0.232005141,4667.0,5,0,1,0,0.0,0.22398262
0,0.506211342,75,0,0.245929329,14800.0,13,0,1,0,1.0,0.32851604
0,0.074343056,32,0,0.475047985,4167.0,10,0,1,0,0.0,0.26196632
0,0.02699775,88,1,0.004497751,2000.0,5,0,0,0,0.0,0.08777471
0,0.288588625,51,1,0.249633431,2727.0,8,0,0,0,0.0,0.5666737
0,0.9999999,35,1,0.382637093,7348.0,6,0,2,0,0.0,0.6400422
0,0.586610799,46,0,0.125249833,1500.0,3,0,0,0,0.0,0.4525248
0,0.006061352,53,0,0.001339764,3731.0,2,0,0,0,0.0,0.05814404
1,0.48299672,50,4,1.346057714,4400.0,26,1,3,2,0.0,0.97805846
1,0.906562483,62,2,0.680406213,1673.0,12,0,0,0,0.0,0.85046893
0,0.954560604,39,2,0.519349593,9224.0,7,0,2,0,2.0,0.84801847
0,0.973893303,34,0,0.28061375,10166.0,7,0,3,0,0.0,0.44140652
0,0.544622942,39,0,15.25827815,150.0,15,0,2,0,0.0,0.4010485
0,0.003066931,65,0,0.305949008,6000.0,8,0,1,0,0.0,0.061515704
0,0.0,52,0,0.163458647,6649.0,3,0,1,0,2.0,0.27103144
0,0.012059698,60,0,0.993,999.0,11,0,0,0,1.0,0.20046785
0,0.201088768,28,0,0.065537351,3600.0,4,0,0,0,0.0,0.17534246
0,0.487451255,34,0,0.368959771,4200.0,5,0,0,0,2.0,0.34924087
0,1.00879912,50,0,0.55952381,2771.0,7,0,1,0,0.0,0.6721636
0,0.112039834,53,0,0.300055996,12500.0,10,0,2,0,2.0,0.06848573
0,0.946866643,44,2,0.002459085,440000.0,2,0,0,1,0.0,0.79505086
0,0.9999999,54,0,0.138381549,7500.0,4,0,0,1,2.0,0.7920213
0,0.017333837,66,0,0.010278114,6615.0,8,0,1,0,0.0,0.030949391
0,0.612580686,84,0,0.806383725,2850.0,10,0,1,0,0.0,0.44649336
0,0.061958754,79,0,0.054151625,3600.0,3,0,1,0,0.0,0.035561737
0,0.121192616,62,0,0.545727136,2000.0,11,0,1,0,0.0,0.24453
0,0.964336662,72,0,0.14595135,3000.0,2,1,0,0,0.0,0.6566192
0,0.0,70,0,0.146173431,13353.0,7,0,2,0,0.0,0.050491624
0,0.609164159,40,0,0.041021165,4582.0,2,0,0,0,0.0,0.41035298
0,0.0,39,0,0.364251654,6500.0,6,0,2,0,0.0,0.14074826
0,0.9999999,31,0,0.0,6416.0,1,1,0,0,1.0,0.8715471
0,0.293244297,68,0,0.517942584,5015.0,6,0,2,0,0.0,0.11297579
0,0.022941745,59,0,0.49861547,5416.0,40,0,1,0,0.0,0.040931333
0,0.0,55,1,0.722670106,3100.0,16,0,2,0,0.0,0.3538263
0,0.125453558,59,0,0.742376271,6000.0,7,0,2,0,2.0,0.18472497
0,0.541483209,71,0,0.294654389,24000.0,17,0,2,0,1.0,0.2072718
0,0.024902872,68,0,1.205039096,1150.0,6,0,1,0,0.0,0.06856083
0,0.407706114,65,0,0.095255408,5500.0,4,0,0,0,0.0,0.24607274
0,0.386455005,63,0,0.092660327,4100.0,3,1,0,0,0.0,0.7304443
0,0.186704497,45,0,0.675550817,5627.0,15,0,2,0,1.0,0.3101549
0,0.727369684,41,0,1.470529471,1000.0,8,0,1,0,0.0,0.50959307
1,0.922155689,46,0,0.004331889,3000.0,1,0,0,0,2.0,0.73468864
0,0.182922812,57,0,0.422670778,10700.0,13,0,2,0,2.0,0.12018436
0,0.78904909,38,2,1.199571734,2334.0,9,0,1,0,0.0,0.83955526
0,0.97060098,44,0,0.371157388,7058.0,7,0,2,0,4.0,0.47891206
0,0.135026796,48,0,1.758496601,2500.0,6,0,1,0,0.0,0.18551886
0,0.256296481,46,0,0.05449712,2256.0,4,0,0,0,0.0,0.25451776
0,0.268090532,71,0,0.449268941,2256.0,13,0,0,0,0.0,0.19163379
0,0.743582504,39,0,0.607297375,6933.0,10,0,1,0,2.0,0.5461557
0,0.022211492,58,0,0.266376322,11250.0,10,0,1,0,2.0,0.058811057
0,0.002626541,66,0,0.001711596,2336.0,4,0,0,0,0.0,0.041714273
1,0.496259352,54,1,0.364165329,4983.0,4,0,1,0,0.0,0.50442016
0,0.443860351,51,0,0.180790226,7693.0,2,0,1,0,3.0,0.19397005
0,0.9999999,41,0,0.449547017,3200.0,3,0,1,0,1.0,0.502937
0,0.015367919,58,0,0.136409383,12916.0,9,0,2,0,1.0,0.11443287
0,0.445563735,47,0,0.103465165,8166.0,16,0,0,0,0.0,0.3968064
0,0.135270263,64,0,0.145570886,5000.0,8,0,1,0,0.0,0.060008697
0,0.015665519,56,0,0.24596216,6500.0,14,0,1,0,0.0,0.09810976
0,0.279608574,53,0,0.373369101,8200.0,9,1,2,0,0.0,0.617164
0,0.526588492,50,1,0.186512283,6390.0,7,0,1,0,2.0,0.5137405
0,0.059375139,35,0,0.529094181,5000.0,8,0,1,0,0.0,0.1539501
0,0.112120452,62,0,0.359852169,5140.0,8,0,1,0,0.0,0.089647256
0,0.31507397,32,0,0.030992252,4000.0,1,0,0,0,1.0,0.34037912
1,0.943821844,39,0,0.972237646,1800.0,6,1,1,0,1.0,0.86783826
1,0.410353255,47,2,0.401331633,7058.0,8,0,3,1,3.0,0.76108503
0,0.024242777,53,0,0.042192922,7204.0,2,0,0,0,0.0,0.10639931
0,0.082647766,63,1,667.5,1.0,6,0,1,0,0.0,0.09922092
0,0.348362933,39,0,1.871128871,1000.0,7,0,1,0,1.0,0.31544396
0,0.268842037,61,0,0.518317069,6250.0,20,0,2,0,0.0,0.17676604
0,0.213199305,48,0,0.214177726,5952.0,6,0,1,0,1.0,0.14501883
0,0.133607542,56,0,0.151235992,54166.0,20,0,3,0,3.0,0.25084555
0,0.061276222,75,0,0.02178718,6333.0,7,0,0,0,1.0,0.076883875
1,0.271643215,39,3,0.470962323,8333.0,13,0,2,0,3.0,0.5211123
1,0.9999999,41,0,0.433413317,3333.0,2,3,0,1,0.0,0.9532157
0,0.047140042,56,0,0.339808519,7206.0,8,0,1,0,0.0,0.08044028
0,0.318128393,38,0,0.402443539,2700.0,14,0,1,0,1.0,0.4267673
0,0.069348929,51,0,0.017939282,6521.0,4,0,0,0,3.0,0.17823718
0,0.217539123,49,0,1.398002853,700.0,4,0,1,0,2.0,0.17944333
0,0.002059593,70,0,0.091870743,6900.0,14,0,0,0,0.0,0.09274359
0,0.000885217,33,0,0.277865488,6333.0,8,0,1,0,0.0,0.1412017
0,0.094080497,59,0,0.138664947,3100.0,10,0,0,0,1.0,0.20664802
0,0.852049317,39,0,0.107639431,6400.0,5,1,0,0,1.0,0.8174593
0,0.521539455,61,0,0.909411765,5099.0,16,0,2,0,0.0,0.48033667
0,0.235995914,54,0,0.570582687,19083.0,14,0,6,0,0.0,0.57974267
1,0.970913186,57,0,0.698602794,3506.0,10,0,2,0,0.0,0.6181513
0,0.11281133,32,0,0.097519247,3506.0,3,0,0,0,1.0,0.09397351
0,0.0,48,0,0.0,9512.0,4,0,0,0,0.0,0.0889043
0,0.017991252,59,0,0.292593185,6250.0,6,0,1,0,0.0,0.0656146
0,0.048112911,62,0,0.145606799,8000.0,6,0,1,0,0.0,0.05399599
0,0.236298093,56,0,0.229969633,8561.0,12,0,2,0,1.0,0.16765425
0,0.309172707,46,0,0.019832189,2621.0,5,0,0,0,0.0,0.3459779
1,0.861677733,51,2,1.227120536,3583.0,15,0,1,0,1.0,0.87732244
0,0.045374074,56,0,0.385968341,5116.0,4,0,1,0,0.0,0.09178266
0,0.040098165,47,0,0.506088443,4680.0,9,0,1,0,0.0,0.12673645
0,0.156569815,65,0,0.260744986,5234.0,6,0,1,0,0.0,0.07406558
0,0.118036748,49,1,0.114760014,2770.0,5,0,0,0,1.0,0.56640697
0,0.035840333,55,0,0.301616397,6000.0,12,0,1,0,2.0,0.08963909
0,0.9999999,42,0,0.0,3400.0,0,0,0,0,0.0,0.6703458
0,0.295722446,48,0,0.48621249,9863.0,15,0,3,0,0.0,0.3758007
0,0.008287427,55,0,0.115171335,7032.0,8,0,1,0,0.0,0.06629872
0,0.216887754,53,0,0.196645035,24500.0,13,0,3,0,4.0,0.1825109
0,0.9999999,36,0,0.003818119,2880.0,0,1,0,0,2.0,0.913975
0,0.386469432,45,1,0.404898829,4694.0,10,0,1,0,0.0,0.5340477
0,0.110877399,79,0,0.03703018,5400.0,15,0,0,0,0.0,0.08512565
0,0.037092084,55,0,0.388593422,14289.0,12,0,3,0,2.0,0.19140786
0,0.356039964,27,0,0.012345679,1700.0,2,0,0,0,1.0,0.46525434
0,0.081930223,71,0,0.014661848,9684.0,5,0,0,0,0.0,0.043553475
0,0.0,63,0,0.0,1920.0,2,0,0,0,0.0,0.09408142
0,0.0,52,0,0.160686978,8500.0,4,0,0,0,1.0,0.15492678
0,0.359541199,31,2,0.424831849,5500.0,8,0,1,0,1.0,0.6132455
0,0.688851913,46,0,0.002443901,4500.0,2,0,0,0,4.0,0.65412515
0,0.602377253,57,0,2.752198241,1250.0,16,0,2,0,0.0,0.6009672
0,0.402299808,50,0,0.355361596,3207.0,4,0,1,0,5.0,0.17034656
0,0.729847396,38,3,0.151903018,32500.0,25,0,2,0,1.0,0.66528183
0,0.021786307,75,0,0.515806988,600.0,8,0,0,0,0.0,0.074782066
0,0.197116058,59,0,0.290215911,5140.0,6,0,1,0,0.0,0.10826521
0,0.043569296,38,0,0.222517394,7904.0,12,0,1,0,2.0,0.14904673
0,0.054779597,45,0,0.173026158,16667.0,7,0,1,0,4.0,0.04838144
0,0.309508282,55,0,0.191726034,8000.0,5,0,1,0,3.0,0.1301149
0,0.508233421,87,0,0.528610354,1100.0,8,0,1,0,0.0,0.13401058
0,0.053028696,65,0,0.462244405,6210.0,10,0,2,0,0.0,0.14527819
0,0.068196672,56,0,0.375574169,3700.0,10,0,1,0,2.0,0.18286659
0,0.167295482,56,0,0.450279197,8416.0,14,0,2,0,2.0,0.17833497
0,0.138927701,46,0,0.188986501,14000.0,9,0,2,0,2.0,0.13695365
0,0.956695536,33,0,0.324365872,1300.0,3,0,0,1,2.0,0.88596094
0,0.070820648,30,0,0.492624143,4812.0,7,0,2,0,2.0,0.3234125
0,0.0,68,1,0.396731534,9300.0,10,0,4,0,0.0,0.33207396
0,0.0,24,0,0.0,400.0,1,0,0,0,0.0,0.12788375
0,0.182191348,42,0,0.228313518,9083.0,8,0,1,0,0.0,0.11048648
0,0.165109998,71,0,0.521810251,5501.0,5,0,1,0,0.0,0.0888603
0,0.277708892,67,0,0.064667291,3200.0,3,0,0,0,0.0,0.14352068
0,0.435725142,73,0,0.363175676,2367.0,3,0,0,0,0.0,0.19639394
0,0.227967799,40,0,0.143405013,7300.0,10,0,1,0,5.0,0.14790167
1,0.170460561,33,0,0.409892134,3800.0,9,0,1,0,0.0,0.23785938
0,0.775850332,39,0,0.462065188,3650.0,9,0,0,0,1.0,0.5565337
0,0.332398765,58,0,0.358549158,16100.0,15,1,2,0,2.0,0.67169154
0,0.651477102,64,0,0.277374617,6200.0,10,0,2,0,0.0,0.29362765
0,0.626394154,78,4,4806.0,0.0,10,1,1,2,0.0,0.2875617
0,0.021540337,39,0,0.366558991,6500.0,6,0,1,0,0.0,0.08024849
0,0.002065439,31,0,0.000135117,7400.0,7,0,0,0,1.0,0.04748254
0,0.0,63,0,0.674151526,5833.0,11,0,2,0,0.0,0.18530244
0,0.298024482,59,1,0.206978967,8367.0,8,0,2,0,0.0,0.25924656
0,0.19225393,64,0,0.350264468,12855.0,8,0,1,0,1.0,0.061953187
0,0.602427847,64,1,0.490250975,10000.0,10,0,2,0,0.0,0.38025212
0,0.522182303,56,0,0.44437472,11154.0,21,0,2,0,1.0,0.31896436
0,0.0,57,0,0.119685528,9666.0,11,0,2,0,0.0,0.19262351
0,0.969870684,66,1,0.986267551,6480.0,10,0,2,0,0.0,0.7224908
0,0.035643388,80,0,0.147693948,3750.0,7,0,1,0,1.0,0.039400846
0,0.019370351,44,0,0.228888329,11900.0,8,0,2,0,0.0,0.05230721
1,0.973782548,54,0,0.747276955,8170.0,17,0,2,0,0.0,0.69765
0,0.414149916,69,1,2.011785247,2290.0,10,0,2,0,0.0,0.5438366
0,0.631124443,42,1,1.692653673,1333.0,9,0,2,0,0.0,0.713317
0,0.9999999,53,0,0.0,3700.0,1,0,0,0,1.0,0.6135938
0,0.151743428,59,0,0.247851254,5700.0,13,0,1,0,0.0,0.115557
0,0.138792772,22,0,0.020430108,929.0,3,0,0,0,0.0,0.21133369
0,8e-05,66,0,0.002635914,3034.0,5,0,0,0,1.0,0.08176856
0,0.248258741,32,0,0.274378253,8644.0,6,0,1,0,0.0,0.19610652
1,0.418442006,50,3,0.955908741,3900.0,15,0,2,0,0.0,0.8308515
0,0.024426907,45,1,1.8,1084.0,7,0,1,0,0.0,0.34202832
0,0.242204153,63,0,0.270802267,3352.0,26,0,0,0,0.0,0.17683339
0,0.301152442,46,0,0.254661625,7668.0,10,0,1,0,3.0,0.19828957
0,0.01033587,57,0,0.258009064,6398.0,12,0,2,0,0.0,0.10063038
0,0.554883869,63,0,0.379697792,2580.0,6,1,1,0,1.0,0.7807232
0,0.009186285,57,0,0.287844772,6235.0,6,0,1,0,0.0,0.06034382
0,0.062120316,39,0,0.355369956,8500.0,7,0,1,0,0.0,0.13537964
0,0.0,38,0,0.389808815,12500.0,8,0,2,0,0.0,0.14733054
0,0.9999999,43,0,0.264126822,3910.0,6,0,1,0,1.0,0.4552667
0,0.201343982,55,0,0.534306569,13014.0,12,0,4,0,3.0,0.33040935
0,0.212078792,56,0,0.258293839,5907.0,5,0,1,0,0.0,0.11124443
0,0.078307211,67,0,0.970240595,16666.0,18,0,6,0,0.0,0.41730356
0,0.9999999,39,3,1.535027898,1612.0,1,0,1,1,3.0,0.921503
0,0.034247393,43,0,0.159026599,5300.0,10,0,1,0,1.0,0.10174623
0,0.9999999,39,1,0.535718254,9000.0,11,0,1,0,2.0,0.74926835
0,0.216063471,46,0,0.125209147,3585.0,4,0,0,0,2.0,0.21880445
0,0.037537517,64,0,0.029027576,6200.0,14,0,0,0,0.0,0.093813434
0,0.112968201,40,0,0.375495721,4790.0,6,0,2,0,0.0,0.12424354
0,0.9999999,76,0,1.692653673,666.0,6,0,1,0,0.0,0.18989196
1,0.9999999,39,3,0.982287601,3330.0,7,4,1,0,2.0,0.9745113
0,0.016922612,43,0,0.008352823,2992.0,5,0,0,0,0.0,0.08932301
0,0.729693695,39,0,0.517386231,4284.0,9,0,1,0,0.0,0.60749906
0,0.128966314,55,1,0.261616162,1979.0,6,0,0,0,0.0,0.5054972
0,0.9999999,55,1,0.138721351,4144.0,1,0,0,0,0.0,0.7462306
0,0.765217881,38,0,0.305251933,3750.0,6,0,0,0,0.0,0.4449297
0,0.165073989,45,0,0.170184403,4500.0,7,0,0,0,0.0,0.19478168
0,0.128953411,34,0,0.291339794,6500.0,7,0,2,0,0.0,0.1323356
0,0.228156173,36,0,0.12439454,9083.0,12,0,1,0,1.0,0.17389423
0,0.0,49,0,0.210377201,18000.0,7,0,2,0,2.0,0.083594106
0,0.243196915,51,0,0.113364951,17500.0,9,0,1,0,2.0,0.18195117
0,0.015665622,88,0,0.003294118,2124.0,2,0,0,0,0.0,0.036140118
0,0.012740627,60,0,0.087610704,10500.0,7,0,1,0,0.0,0.038632326
0,0.9999999,25,0,0.024314936,2590.0,1,0,0,0,0.0,0.6418625
0,0.219154135,39,0,0.094458988,9167.0,5,0,0,0,0.0,0.1630055
0,0.859218892,28,0,0.098657962,2756.0,1,1,0,1,0.0,0.85212237
0,0.410556849,38,1,0.336898396,5235.0,8,0,0,0,0.0,0.54740757
0,0.02558673,42,0,0.192911205,5416.0,5,0,1,0,0.0,0.06228281
0,0.9999999,45,0,0.423932171,6250.0,5,0,1,0,2.0,0.51845616
0,0.353191956,65,0,0.32358403,8615.0,13,0,1,0,1.0,0.16905491
0,0.930086665,58,0,0.392055446,9666.0,10,0,2,0,0.0,0.37063026
0,0.338302127,39,0,0.265900108,2782.0,8,0,0,0,2.0,0.35637188
0,0.39513902,44,1,0.361081946,20000.0,11,0,2,0,3.0,0.49732125
0,0.943659889,53,0,0.714576962,980.0,7,0,0,0,2.0,0.60248274
0,0.009166384,72,0,0.068150209,2875.0,5,0,1,0,1.0,0.040737364
0,0.003151647,74,0,0.005450942,4035.0,8,0,0,0,0.0,0.025129171
0,0.012571265,44,0,0.20089955,2000.0,23,0,0,0,0.0,0.1658723
1,0.9999999,29,0,11.0,0.0,3,0,0,0,3.0,0.5452329
0,0.015184414,61,0,0.505744192,3916.0,7,0,2,0,0.0,0.12162842
0,0.021609012,74,0,0.101974506,4000.0,13,0,1,0,2.0,0.03592282
0,0.023825904,45,0,0.401167728,9419.0,25,0,3,0,2.0,0.20063813
0,0.626518997,48,0,0.059370846,2256.0,2,0,0,0,4.0,0.58856237
0,0.002019339,46,1,0.000317259,3151.0,2,0,0,0,2.0,0.13296448
0,0.512928229,28,0,0.296064959,1600.0,7,0,0,0,2.0,0.5743861
0,0.02879808,30,0,0.087445347,1600.0,3,0,0,0,0.0,0.07699046
1,0.9999999,29,0,0.006870706,1600.0,2,0,0,0,0.0,0.6172336
0,0.105624536,57,0,0.240267195,9580.0,23,0,2,0,0.0,0.17494254
0,0.861998854,49,1,0.41416693,9500.0,8,0,2,0,0.0,0.6445606
1,1.019994446,28,0,452.5,1.0,11,0,0,0,3.0,0.5798349
0,0.010603218,50,0,0.196610883,9500.0,22,0,1,0,4.0,0.1298671
0,0.646483724,33,0,0.202954648,15500.0,7,0,3,0,0.0,0.26535597
0,0.452493808,74,0,0.453069508,3941.0,9,0,1,0,0.0,0.17766228
1,0.9999999,34,0,0.0,2494.0,0,0,0,0,2.0,0.7787652
0,0.074940275,67,1,0.175074032,19585.0,18,0,1,0,1.0,0.329239
0,0.05425998,66,0,0.070394368,12500.0,13,0,1,0,1.0,0.044775628
0,0.003146915,70,0,0.243919388,4316.0,13,0,0,0,1.0,0.03936059
0,0.020795841,24,0,0.001411433,2833.0,1,0,0,0,0.0,0.1322703
0,0.847315706,57,2,1.780917192,4600.0,24,0,3,0,0.0,0.87153625
0,0.0010261,68,0,0.468277946,3640.0,18,0,2,0,2.0,0.09648787
0,0.047116798,34,0,0.284432573,14600.0,6,0,2,0,0.0,0.10457337
0,0.022439551,78,0,0.005499083,6000.0,3,0,0,0,0.0,0.029772516
0,0.0,64,0,0.298814455,7000.0,11,0,2,0,2.0,0.09082355
0,0.657675444,65,0,0.519136408,3056.0,4,0,1,0,0.0,0.26888484
0,0.006605598,65,1,0.263000272,7345.0,15,0,3,0,1.0,0.29682845
0,0.730019851,68,0,0.452695466,2800.0,10,0,1,0,0.0,0.35186124
0,0.0,22,0,0.0,820.0,2,0,0,0,0.0,0.042987015
0,0.058505544,80,0,0.348825587,2000.0,11,0,1,0,0.0,0.12706487
0,0.31655041,34,0,0.240901213,7500.0,12,0,2,0,0.0,0.23217301
0,0.060755115,61,0,2150.0,0.0,4,0,2,0,0.0,0.076661155
0,0.144757539,54,0,0.447296559,5492.0,7,0,1,0,0.0,0.12905784
0,0.479550682,40,0,0.262263208,18000.0,3,0,2,0,3.0,0.18663776
0,0.9999999,61,0,0.156377799,5134.0,4,0,0,0,0.0,0.4097021
0,0.011054497,55,0,0.274817883,7000.0,9,0,1,0,0.0,0.13013898
0,0.007857901,81,0,0.131693415,6666.0,21,0,1,0,1.0,0.043968864
0,0.88495362,55,2,1.096908573,4560.0,12,3,3,2,0.0,0.97760504
0,0.171655223,53,0,0.242528608,9000.0,4,0,2,0,4.0,0.09065961
0,0.386382917,58,1,0.484818805,4083.0,16,0,1,0,2.0,0.39143935
0,0.036799225,61,0,0.107986502,8000.0,6,0,1,0,0.0,0.075807765
0,0.020558355,50,0,0.165257942,3430.0,7,0,0,0,0.0,0.12362906
0,0.474473657,31,0,0.610062893,2225.0,5,0,0,0,1.0,0.39650562
0,0.012757626,55,0,0.462327012,1950.0,3,0,1,0,0.0,0.074809074
0,0.303998735,40,0,0.377164661,6813.0,18,0,1,0,1.0,0.2473425
0,0.468016412,52,0,1.342701937,4233.0,19,0,2,0,2.0,0.71251225
0,0.410445553,34,0,0.210090763,7491.0,6,0,0,0,0.0,0.24973576
0,0.73205574,53,0,0.049377931,25800.0,6,0,0,0,6.0,0.40048686
0,0.380155874,55,0,0.155228855,16800.0,19,0,0,0,3.0,0.23354733
0,0.181638176,35,0,0.566385505,3200.0,11,0,1,0,3.0,0.3418417
0,0.434132069,52,0,0.257217848,8000.0,6,0,1,0,1.0,0.21912028
0,0.015492254,26,0,16.5,1.0,3,0,0,0,0.0,0.027891787
0,8.73e-05,66,0,0.002380726,10500.0,13,0,0,0,0.0,0.045217853
0,0.313510726,43,0,0.121652602,20500.0,9,0,0,0,2.0,0.33634138
0,0.077857023,52,0,0.309483726,7127.0,4,0,1,0,3.0,0.08497283
0,0.083558145,42,1,0.298162977,6368.0,8,0,2,0,0.0,0.2937486
0,0.749794122,40,0,0.597044121,4600.0,10,0,1,0,2.0,0.6485092
0,0.008118279,54,0,0.176202644,9000.0,13,0,1,0,0.0,0.050022546
0,0.1742582,41,0,0.121518212,9800.0,13,0,0,0,0.0,0.19009447
0,1.044979555,47,0,0.294907841,3200.0,8,0,0,0,1.0,0.7641826
0,0.381016342,52,0,0.937152833,6300.0,14,0,1,0,0.0,0.4347806
1,0.449930234,45,4,0.58591873,9572.0,20,0,3,1,2.0,0.9120058
0,0.130579444,58,0,0.087370631,13333.0,4,0,1,0,0.0,0.044192694
1,0.917870722,44,0,0.316667424,22000.0,18,0,2,0,1.0,0.54901516
0,0.115411324,83,0,0.015910557,4650.0,4,0,0,0,0.0,0.21034567
0,0.032509411,86,0,0.39456145,3750.0,13,0,1,0,1.0,0.024075154
1,0.510998842,35,3,0.055704244,34000.0,8,0,1,0,0.0,0.52486384
0,0.280425345,41,0,0.115626202,7800.0,5,0,0,0,4.0,0.18751836
0,0.602820212,47,2,0.386191619,5416.0,10,0,1,0,1.0,0.6964885
0,0.659567363,40,0,0.642590775,5094.0,14,0,2,0,2.0,0.62661266
0,0.006463731,38,0,0.483432455,2353.0,7,0,1,0,2.0,0.07784284
0,0.293390156,43,0,0.495267298,7500.0,8,0,2,0,2.0,0.17786363
0,0.058697068,67,0,0.361585862,8600.0,18,0,1,0,2.0,0.13541299
0,0.0,76,0,0.014112903,1983.0,3,0,0,0,0.0,0.06619272
0,0.033553106,50,0,0.502619571,5916.0,7,0,1,0,0.0,0.11423189
0,0.355766106,65,0,0.253516432,15000.0,10,0,1,0,1.0,0.15921637
0,0.570611308,58,0,1.265262597,3750.0,11,0,2,0,1.0,0.50540215
0,0.0,53,0,0.046988253,4000.0,5,1,0,0,0.0,0.69779813
0,0.232976702,74,0,0.429851775,2900.0,2,0,1,0,0.0,0.1688944
0,0.9999999,55,0,0.0,727.0,1,0,0,1,0.0,0.8620778
0,0.960135991,30,0,0.225539209,7000.0,7,0,0,0,0.0,0.47476566
0,0.9999999,51,0,0.006498375,4000.0,0,0,0,0,3.0,0.77443737
0,0.01811623,43,0,0.272579773,5546.0,9,0,1,0,0.0,0.11350937
0,0.006963836,76,0,103.0,0.0,25,0,1,0,0.0,0.053676397
1,0.9999999,52,0,0.537431237,4180.0,5,2,2,0,2.0,0.89796716
0,0.306947594,66,0,0.608588756,6100.0,10,0,3,0,0.0,0.29959932
0,0.318784493,35,0,0.583124724,6790.0,16,0,2,0,1.0,0.3408026
0,0.095000066,42,0,0.433298862,2900.0,9,0,0,0,2.0,0.25250572
0,0.120044027,47,0,0.16122121,5600.0,5,0,0,0,2.0,0.19287625
0,0.173718464,42,0,0.791856026,5500.0,13,0,2,0,1.0,0.3300027
0,0.697364435,43,0,0.931068931,1000.0,8,0,0,0,1.0,0.5522829
0,1.001636238,45,1,0.852778956,7070.0,12,0,2,0,0.0,0.86539066
1,0.9999999,44,98,0.0,6283.0,1,98,0,98,2.0,0.9592428
0,0.062136995,59,0,0.435808137,12633.0,22,0,2,0,0.0,0.17773111
0,0.069458941,54,0,0.864497529,7283.0,12,0,4,0,1.0,0.43137133
0,0.020436282,73,0,0.442427526,3690.0,14,0,1,0,0.0,0.08499003
1,0.660998955,46,5,0.44880536,16866.0,17,0,7,0,0.0,0.79057324
0,0.810679331,53,0,0.425458029,8350.0,5,0,2,0,1.0,0.40570664
0,0.987630828,35,0,0.307506585,4555.0,9,1,1,0,2.0,0.8743579
0,0.0,70,0,0.0,4200.0,2,0,0,0,0.0,0.019727908
0,1.000510152,49,0,0.291901759,6025.0,9,1,2,1,0.0,0.8679317
0,0.176789898,47,0,0.105731484,7641.0,4,0,1,0,2.0,0.13527846
0,0.089049265,33,0,0.246293888,3844.0,8,0,1,0,2.0,0.11787559
0,0.240694192,35,0,0.119600143,2800.0,7,0,0,0,0.0,0.2623971
0,0.0,42,0,0.336333157,5666.0,6,0,1,0,1.0,0.0908885
0,0.278491957,37,0,0.378357185,5100.0,5,0,1,0,2.0,0.15345635
0,0.261959774,39,0,0.264183954,4000.0,8,0,1,0,2.0,0.1531823
0,0.9999999,39,0,0.488173616,4100.0,4,0,2,0,2.0,0.4918049
0,0.784346116,78,1,0.370044997,14000.0,9,0,2,0,1.0,0.7535609
1,0.83650103,65,1,0.479914682,2812.0,14,0,0,1,2.0,0.8634824
0,0.486981083,57,1,0.269117026,7100.0,9,0,1,0,0.0,0.43562737
0,0.9999999,37,0,0.80408053,7400.0,5,0,4,0,1.0,0.5995491
0,0.44661954,53,1,0.1808487,4500.0,15,0,0,0,0.0,0.6396136
0,0.494396067,42,1,0.283905365,3000.0,9,0,0,0,2.0,0.65768063
0,0.017908684,67,0,0.133308985,5475.0,11,0,1,0,0.0,0.07374011
0,0.000825673,59,1,0.029548523,13333.0,8,0,0,0,3.0,0.19579002
0,0.777790593,46,0,0.342785198,9133.0,13,0,2,0,2.0,0.35357678
0,0.946668444,49,0,1.223695112,2413.0,6,0,1,0,0.0,0.56024414
0,0.516831579,37,0,0.862385321,1852.0,8,0,1,0,0.0,0.37701204
0,0.459319646,46,1,1656.0,1.0,17,0,2,0,0.0,0.43872637
0,0.0,56,0,0.02309769,10000.0,3,0,0,0,1.0,0.29629734
0,0.000856628,68,0,0.052395998,3797.0,4,0,0,0,0.0,0.041443337
0,0.0,63,0,0.176737589,7049.0,5,0,1,0,0.0,0.09035465
0,0.161825835,62,0,0.421047043,9416.0,18,0,2,0,1.0,0.254005
1,0.950703407,44,1,0.238319962,2118.0,7,3,0,0,2.0,0.9549105
0,0.033024214,52,1,0.364521917,3900.0,10,0,1,0,0.0,0.3999081
0,0.0,65,0,0.178741732,6500.0,4,0,1,0,0.0,0.17554006
0,0.068512292,33,0,0.388680593,5600.0,6,0,2,0,0.0,0.28068635
0,0.173455103,57,0,0.294672852,6250.0,11,0,1,0,1.0,0.15894769
0,0.017702589,55,0,0.246555862,11250.0,14,0,1,0,0.0,0.0805057
0,0.023155389,67,0,0.022785399,4300.0,20,0,0,0,0.0,0.06856483
1,0.9999999,23,0,0.202373517,1600.0,5,0,0,1,0.0,0.86848986
0,0.142785133,60,0,0.15426568,5133.0,8,0,1,0,1.0,0.09974646
0,0.674457899,38,0,0.104329173,5127.0,7,0,0,0,0.0,0.408381
0,0.725224988,44,1,0.141359812,7250.0,4,0,0,0,1.0,0.60881495
0,0.0,45,0,0.325499944,8850.0,3,0,1,0,3.0,0.12818591
0,0.890261494,52,0,0.506447453,15509.0,9,0,2,0,0.0,0.47988963
0,0.990641364,51,0,0.576116855,10542.0,14,0,2,0,2.0,0.6131013
0,0.297713637,53,0,0.300817934,3300.0,9,0,0,0,0.0,0.3193801
0,0.977012706,48,0,0.5766799,6800.0,12,0,2,0,3.0,0.54910356
0,0.00359988,63,0,0.000576812,5200.0,2,0,0,0,0.0,0.03945565
0,0.107789037,47,0,4493.0,0.0,4,0,1,0,5.0,0.023486141
0,0.23648522,37,0,0.249862652,9100.0,7,0,2,0,3.0,0.13563228
0,0.900314417,43,2,0.310758886,4163.0,8,0,1,0,1.0,0.72047186
0,0.031656115,67,0,0.00119952,2500.0,5,0,0,0,0.0,0.061580557
0,0.972279972,48,0,0.725283314,2558.0,7,0,1,0,1.0,0.54654825
0,0.000307677,60,0,0.351557533,12583.0,5,0,1,0,0.0,0.06390944
0,0.0,51,0,0.314629667,4900.0,7,0,1,0,3.0,0.13374652
0,0.065871415,31,0,0.330551208,5750.0,5,0,1,0,0.0,0.11923688
0,0.0,52,0,0.192640535,13750.0,9,0,1,0,3.0,0.068045184
0,0.424393902,68,0,0.009676795,5166.0,3,0,0,0,1.0,0.1522532
0,0.76442617,65,0,0.180158381,18183.0,13,0,1,0,0.0,0.23791735
1,0.0,54,0,0.271143797,5166.0,5,0,2,0,0.0,0.1655338
0,0.733579506,29,0,776.5,1.0,9,0,1,0,0.0,0.33751106
0,0.9999999,54,0,0.004559635,8333.0,0,0,0,0,0.0,0.5885289
1,0.118690488,71,1,0.50950794,5100.0,18,0,3,0,0.0,0.44776276
0,0.068029999,40,0,0.155561829,7083.0,4,0,1,0,3.0,0.10411095
0,0.011522071,67,0,0.001809351,10500.0,13,0,0,0,0.0,0.05348677
0,0.459414319,47,0,0.481123944,5800.0,10,0,3,0,2.0,0.3092638
0,0.577762046,36,0,0.714285714,3240.0,6,0,1,0,1.0,0.4169323
0,0.120309457,44,0,0.208293864,9500.0,3,0,1,0,2.0,0.24611612
0,0.233781047,45,0,0.40647482,1667.0,8,0,1,0,2.0,0.20677784
0,0.527147285,30,0,0.448337425,4480.0,7,0,1,0,1.0,0.4140086
0,0.694930899,45,0,8.516966068,500.0,6,0,3,0,3.0,0.42856765
1,0.9999999,34,0,0.299435028,2300.0,7,3,0,0,0.0,0.93815464
0,0.114819027,43,0,0.504373907,4000.0,7,0,2,0,3.0,0.21334149
0,0.693179293,28,0,0.345685032,2050.0,7,0,0,0,0.0,0.53491205
0,0.098498602,67,0,0.117840111,19500.0,12,0,3,0,0.0,0.05825904
0,0.011573475,50,0,536.0,1.0,11,0,1,1,0.0,0.22235857
0,0.31749365,49,1,0.418353371,6570.0,5,0,2,0,3.0,0.4932399
0,0.158722752,59,0,0.052973513,2000.0,4,0,0,0,1.0,0.21850409
0,0.0,24,1,0.012180268,820.0,1,0,0,0,0.0,0.32104853
0,0.679288662,57,1,0.44370388,4200.0,11,0,1,0,1.0,0.6414619
0,0.425734781,69,0,0.526664966,3918.0,20,0,0,0,1.0,0.27834022
0,0.168934988,63,0,0.078262369,5800.0,4,0,0,0,1.0,0.17137645
0,0.070779604,72,0,0.102772333,7141.0,4,0,0,0,0.0,0.084377594
0,0.485985802,45,0,0.294882283,11000.0,8,0,2,0,2.0,0.16600832
0,0.011349811,77,0,0.68377912,2317.0,7,0,1,0,0.0,0.12745447
0,0.518296341,30,0,0.576944291,3625.0,8,0,2,0,0.0,0.40537265
0,1.028413028,49,1,0.662168916,2000.0,8,0,0,0,0.0,0.87799966
0,0.277976334,43,1,0.300095572,9416.0,17,0,2,0,0.0,0.35718334
0,0.516224099,66,0,0.30117291,18500.0,13,0,3,0,0.0,0.12755272
0,0.981003166,54,0,0.101408216,12000.0,10,0,0,0,0.0,0.4418463
0,0.510158375,67,0,0.261183913,6638.0,10,0,1,0,1.0,0.27384365
0,0.368380374,50,2,0.371385718,12000.0,13,0,1,0,2.0,0.42749685
0,0.042279218,65,0,0.30861992,4477.0,11,0,2,0,0.0,0.06602875
0,0.9999999,39,0,0.008336354,2758.0,1,0,0,0,0.0,0.67718035
0,0.0,46,0,0.218755769,5416.0,3,0,1,0,0.0,0.13109607
0,0.156082379,52,0,0.185879413,3200.0,8,0,0,0,2.0,0.2728387
0,0.025319939,48,0,0.049900919,5550.0,9,0,0,0,0.0,0.13220188
0,0.886342609,32,0,0.450060168,5816.0,7,0,1,0,2.0,0.5366104
0,0.7088565,40,0,1.024195161,5000.0,11,0,2,0,0.0,0.7121565
0,0.882141191,61,0,0.773111829,6500.0,6,0,2,0,0.0,0.4485677
0,0.067293271,41,0,0.266314913,3600.0,4,0,1,0,2.0,0.15286346
0,0.0,68,0,0.615067466,2667.0,5,0,1,0,0.0,0.09557411
0,0.649540292,29,0,0.638247591,5500.0,9,0,2,0,1.0,0.58603173
0,0.175788682,40,0,0.400145441,11000.0,9,0,1,0,2.0,0.22877781
1,0.206852876,38,1,0.417880023,3433.0,5,0,1,1,2.0,0.74797285
0,0.02644391,78,0,0.462809917,2419.0,9,0,1,0,0.0,0.1869415
0,0.208894329,54,1,1.268011527,1734.0,8,0,0,0,3.0,0.5790888
0,0.062762914,45,0,0.122506538,19500.0,5,0,2,0,1.0,0.06117605
0,0.009775605,47,0,0.004032655,10166.0,3,0,0,0,0.0,0.082364514
0,0.00877744,49,0,0.173793001,13400.0,8,0,2,0,3.0,0.024386045
0,0.061849864,57,0,0.151207116,18100.0,6,0,1,0,0.0,0.051116526
0,0.0,37,0,3.292907801,1409.0,9,0,2,0,2.0,0.18239166
0,0.946131734,51,0,0.334000667,2996.0,3,0,0,0,3.0,0.60954
0,0.004539424,56,0,0.261373863,10000.0,9,0,2,0,0.0,0.103995346
0,0.081035407,30,0,0.398228824,7000.0,9,0,2,0,0.0,0.30436063
0,0.138962198,66,0,0.36075407,3500.0,12,0,1,0,0.0,0.1512216
0,0.019134618,86,0,0.004180298,5501.0,9,0,0,0,0.0,0.07699004
0,0.185032952,58,0,0.856516129,7749.0,31,0,4,0,0.0,0.29789388
0,0.054977889,69,0,0.214955499,12583.0,12,0,2,0,1.0,0.05426456
1,0.098060129,56,0,0.239253582,3000.0,10,0,0,0,2.0,0.23131798
0,0.9999999,65,0,0.54519912,8185.0,4,0,1,0,1.0,0.28129107
0,0.015011975,31,0,0.081983603,5000.0,5,1,0,0,3.0,0.6853255
0,0.149950002,34,0,0.448198586,5800.0,12,0,1,0,0.0,0.2778588
0,0.003921499,80,0,0.001333037,4500.0,4,0,0,0,0.0,0.008117372
0,0.365953573,49,1,0.286734653,25200.0,21,0,4,0,3.0,0.5873563
0,0.0,46,0,0.891506067,1400.0,17,0,1,0,0.0,0.08284356
0,0.0,61,0,0.155158217,8500.0,7,1,1,0,0.0,0.6495615
0,0.01259958,53,0,0.549569564,3600.0,6,0,1,0,0.0,0.14408481
0,0.0,41,0,0.313424877,7500.0,10,0,1,0,2.0,0.12771891
0,0.873216904,50,0,1.15798099,3050.0,7,0,2,0,1.0,0.62319183
1,0.999940338,46,2,0.73272536,5701.0,9,1,2,0,2.0,0.95728904
0,0.0,59,0,0.060698741,8500.0,5,0,0,0,2.0,0.08584511
1,0.149351202,54,0,0.406673209,5094.0,14,1,1,0,1.0,0.7184263
0,0.132243648,37,0,0.013033079,61458.0,7,0,0,0,2.0,0.22166358
0,0.0,23,1,0.0,898.0,2,1,0,0,0.0,0.542598
0,0.26993541,47,1,0.403257759,9085.0,15,0,1,1,3.0,0.6004692
0,0.330186613,44,2,0.34417405,17833.0,8,0,2,0,4.0,0.42715114
0,0.058419244,40,0,0.172585266,18500.0,8,0,1,0,1.0,0.065279655
1,0.513466551,32,0,0.028048598,6666.0,7,1,0,0,1.0,0.8046682
0,0.500051015,47,0,0.175608131,3000.0,5,0,0,0,0.0,0.41866508
0,0.196818775,57,0,0.297906208,8166.0,12,0,1,0,0.0,0.13987446
0,0.0,26,0,0.0,3000.0,5,0,0,0,0.0,0.20326403
0,0.023418851,35,0,0.303944073,9583.0,8,0,2,0,6.0,0.07856078
0,0.25954809,34,1,0.133622126,3000.0,4,0,0,0,0.0,0.42824116
0,0.237685705,35,0,0.63765219,5502.0,12,0,1,0,2.0,0.33047664
0,0.513585769,54,0,0.472770976,13312.0,12,0,3,0,1.0,0.32813507
0,0.38902148,32,0,0.355293049,2200.0,7,1,0,1,1.0,0.89456207
0,0.9999999,53,0,0.0,7000.0,0,0,0,0,0.0,0.6580622
0,0.006715678,61,0,0.255747517,7350.0,6,0,1,0,0.0,0.04284763
0,0.270851984,73,0,0.324512376,8766.0,22,0,2,0,0.0,0.14479826
0,0.029896291,45,0,0.292296616,8333.0,10,0,1,0,1.0,0.089275114
0,0.007039437,57,0,0.4583258,5530.0,11,0,3,0,0.0,0.16281858
0,0.021092349,68,0,0.179255511,8300.0,9,0,2,0,0.0,0.059490163
0,0.304479559,38,0,0.249103186,18955.0,12,0,2,0,2.0,0.26949826
0,0.321337213,62,0,0.830383882,3672.0,19,0,2,0,0.0,0.3199091
0,1.602794411,31,1,0.262495969,3100.0,4,1,0,1,0.0,0.9287411
0,0.363245076,50,0,1.567186563,3333.0,20,0,2,0,2.0,0.4643212
0,0.289810481,28,0,0.24077099,3060.0,6,0,0,0,0.0,0.2319059
0,0.047834527,58,0,0.373916907,4500.0,11,0,1,0,1.0,0.10040895
0,0.032896707,52,0,0.635708042,4575.0,13,0,1,0,0.0,0.1453083
0,0.055673827,35,0,0.606590724,2457.0,9,0,1,0,1.0,0.24674919
0,0.713001062,35,0,0.173404394,15385.0,7,0,0,0,2.0,0.4968869
0,0.476252375,42,3,0.461538462,7760.0,14,0,2,0,2.0,0.7063551
0,0.010510878,81,0,0.003968254,3527.0,6,0,0,0,0.0,0.042707868
0,0.017458301,36,0,0.130174564,4009.0,4,0,0,0,2.0,0.11261885
0,0.832322402,48,1,1.030208796,2250.0,11,1,0,1,3.0,0.9293903
0,0.38485606,38,0,0.322389626,13340.0,6,0,1,0,2.0,0.15837553
0,0.291042868,41,0,0.298672212,6250.0,6,0,2,0,0.0,0.14787297
0,0.487232079,63,0,0.064327485,5300.0,6,0,0,0,0.0,0.33421504
1,0.635720859,68,1,0.218071277,25000.0,27,0,3,0,0.0,0.610465
0,0.986080557,64,0,0.644828414,12500.0,16,0,3,0,1.0,0.5693699
0,0.238652006,29,0,0.561154723,3948.0,22,0,2,0,0.0,0.3589506
0,0.275753083,39,0,0.192314519,11267.0,10,0,1,0,1.0,0.12876315
0,0.000132323,40,0,0.014097181,3333.0,7,0,0,0,0.0,0.14760166
0,0.9999999,64,2,0.336306206,2690.0,7,1,1,2,0.0,0.9341392
0,0.007599831,68,0,0.001538462,5199.0,6,0,0,0,0.0,0.022969434
1,0.844942589,71,2,0.950508249,6000.0,16,2,1,0,0.0,0.959117
0,0.004939508,73,0,0.120959938,15500.0,18,0,1,0,1.0,0.05904991
0,0.914914267,57,0,0.325697554,5805.0,10,0,1,0,0.0,0.48292688
0,0.33798927,62,0,0.546069835,6500.0,9,0,2,0,0.0,0.2537356
0,0.132531221,52,0,0.120169651,8487.0,8,0,1,0,0.0,0.121478155
0,0.9999999,82,4,20.94513716,400.0,4,0,0,1,0.0,0.5664276
0,0.009810076,57,0,0.06617234,8900.0,9,0,0,0,2.0,0.096028924
0,0.79641013,32,2,5478.0,0.0,11,0,2,2,2.0,0.70871806
0,0.224079782,29,0,0.174643423,3154.0,8,0,0,0,1.0,0.29605433
0,0.091060846,52,0,0.322939313,16098.0,9,0,1,0,1.0,0.1285717
0,0.027288756,49,0,0.274437574,7600.0,12,0,1,0,2.0,0.09036
0,0.219830525,64,0,0.267868098,13039.0,8,0,2,0,0.0,0.053549834
0,0.867292142,28,0,0.182064237,5541.0,4,0,0,0,0.0,0.42988053
0,0.178287859,54,1,0.521800852,4930.0,16,0,1,0,1.0,0.46619898
0,0.012498958,89,0,0.191107311,4677.0,4,0,1,0,0.0,0.0149641
0,0.080729228,42,0,0.197839744,9072.0,5,0,1,0,0.0,0.09235378
0,0.32643663,58,0,0.26289841,14400.0,10,0,3,0,0.0,0.1872944
0,0.24977202,58,0,1.019320453,1500.0,12,0,1,0,0.0,0.25984424
0,0.744962752,40,0,0.322178218,5049.0,5,0,1,0,3.0,0.42044434
0,0.274048397,30,0,0.945058415,3166.0,7,0,2,0,0.0,0.3349468
0,0.137990137,47,0,0.734082397,533.0,7,0,0,0,3.0,0.2812705
0,0.0,57,0,0.23423536,16000.0,5,0,3,0,2.0,0.09111289
1,0.9999999,50,1,0.0,1588.0,0,1,0,0,0.0,0.89863986
0,0.243674266,48,0,0.179979778,8900.0,10,0,1,0,6.0,0.14953004
0,0.581379421,54,0,0.445100467,10500.0,8,0,2,0,2.0,0.19880928
0,0.550828076,89,0,0.51977093,3666.0,16,0,1,0,0.0,0.43520403
0,0.07559748,59,0,0.230366492,4583.0,5,0,2,0,3.0,0.07909775
0,0.059551258,61,1,0.020862309,6470.0,5,0,0,0,0.0,0.195132
1,0.627193957,37,1,0.435176507,3200.0,5,0,1,1,2.0,0.82112265
0,0.005020202,66,0,0.067243511,4044.0,14,0,0,0,1.0,0.11530228
0,1.096346119,42,0,0.38873173,8483.0,12,0,1,0,2.0,0.7188045
0,0.028622158,62,0,0.258537936,10833.0,23,0,1,0,2.0,0.1115536
0,0.9999999,38,0,0.498250389,5143.0,1,0,1,0,2.0,0.62285256
0,0.975012494,44,0,0.421857088,2616.0,7,0,2,0,2.0,0.5010143
0,0.007065725,24,0,0.001218027,820.0,2,0,0,0,0.0,0.03529648
0,0.334188969,37,0,0.742106816,6777.0,14,0,2,0,1.0,0.41893744
0,0.258416531,56,0,0.516420752,2100.0,2,0,1,0,0.0,0.15339108
0,0.053386979,46,0,0.020549847,3600.0,13,0,0,0,2.0,0.13611473
1,0.736344538,36,1,0.242413424,2800.0,5,0,0,0,2.0,0.7144711
0,0.0,35,0,1.838390967,1416.0,7,0,1,0,0.0,0.11672907
0,0.0,46,0,0.136339523,7539.0,4,0,1,0,5.0,0.1701191
0,0.861209964,40,0,0.146308949,6000.0,3,0,0,0,1.0,0.43258756
0,0.237196875,34,1,0.345251826,2600.0,8,0,0,0,0.0,0.56090146
1,0.939146231,35,3,0.072782741,4588.0,16,0,0,1,0.0,0.8974
0,0.188643972,59,0,0.027700236,4656.0,3,0,0,0,0.0,0.14376421
1,0.924839097,40,6,0.659425912,7733.0,24,1,4,2,2.0,0.927599
0,0.57928014,63,0,0.677694457,6800.0,15,0,2,0,0.0,0.29601488
1,0.334235166,42,0,0.367726455,5000.0,11,0,1,0,0.0,0.30220118
0,0.794898334,41,0,0.480796586,5623.0,7,0,1,1,1.0,0.7800601
1,0.002997643,53,2,0.41068744,7316.0,18,0,2,0,0.0,0.50603485
0,0.0,22,0,0.0,898.0,2,0,0,0,0.0,0.082757026
0,0.025686491,46,0,0.68039468,2330.0,10,0,1,0,1.0,0.15176935
0,0.002162459,70,0,0.295852074,4001.0,8,0,1,0,0.0,0.024659688
0,0.401406479,46,0,0.143180909,7500.0,4,0,0,0,0.0,0.17159927
0,0.331633367,57,0,0.526667362,9580.0,9,0,1,0,3.0,0.24833655
0,0.009318951,51,0,0.291070893,10000.0,11,0,2,0,0.0,0.08816294
0,0.263185413,51,0,0.248671808,5834.0,8,0,1,0,0.0,0.14697585
0,0.057233077,68,0,0.011225864,2226.0,6,0,0,0,0.0,0.073470004
0,0.243039532,23,0,0.26987149,2100.0,5,0,0,0,0.0,0.38058907
0,0.085938649,53,0,0.620806142,13024.0,14,0,5,0,2.0,0.45280474
0,0.006905371,76,0,0.136931534,2000.0,3,0,0,0,0.0,0.045241423
0,0.9999999,88,0,0.0,3574.0,0,0,0,0,0.0,0.20367189
0,0.9999999,46,0,0.182908546,2000.0,1,0,0,0,1.0,0.6632309
0,0.003765492,28,0,0.167056987,3842.0,5,0,0,0,0.0,0.095678076
0,0.29822289,44,0,0.209058188,3333.0,7,0,0,0,1.0,0.16610368
1,0.943891214,57,3,0.837265094,2500.0,20,0,0,0,0.0,0.9305238
0,0.275747508,39,1,0.058710913,4700.0,4,0,0,2,0.0,0.80015355
0,0.0,53,2,0.401487881,12500.0,17,0,2,0,0.0,0.2804579
0,0.157744781,50,0,0.204185809,5876.0,7,0,0,0,0.0,0.1864036
0,0.978043912,23,0,0.225553176,1400.0,3,0,0,0,0.0,0.64526
0,0.9999999,42,1,0.004877369,7175.0,4,0,0,0,3.0,0.71990985
0,0.846088762,71,0,0.413891532,1050.0,4,0,0,0,0.0,0.37326318
0,0.9999999,83,0,0.23431427,1800.0,2,0,0,0,0.0,0.22910745
0,0.33722616,59,0,0.572582196,5200.0,14,0,2,0,0.0,0.30433586
0,0.340552854,36,0,0.141892905,6666.0,5,1,0,0,2.0,0.7105647
0,0.0,85,0,0.0,3000.0,4,0,0,0,0.0,0.06822122
0,0.016846855,37,0,0.309130067,13000.0,17,0,2,0,2.0,0.14253351
0,0.015746829,74,0,0.117024405,3400.0,10,0,0,0,0.0,0.13545072
0,0.004737181,84,0,0.001834442,4360.0,5,0,0,0,0.0,0.021942848
0,0.698129485,57,0,0.484748348,3933.0,12,0,1,0,1.0,0.43728846
0,0.035034477,67,0,0.48557555,3500.0,13,0,2,0,0.0,0.11151767
0,0.154241645,29,0,0.222472755,2660.0,5,0,0,0,0.0,0.14783308
0,0.049065031,78,0,0.184979447,9000.0,3,0,1,0,2.0,0.046272695
0,0.021686343,60,0,0.080647911,5864.0,7,0,0,0,0.0,0.08755753
0,0.008625787,64,1,2.370629371,1000.0,11,0,1,1,0.0,0.5027582
0,0.022531736,53,0,0.443826799,3417.0,6,0,1,0,1.0,0.12488983
0,0.068652335,71,0,0.189937107,4769.0,11,0,1,0,0.0,0.053039197
0,0.311586328,50,0,0.197353604,10655.0,8,0,2,0,2.0,0.11365827
0,0.050913528,45,0,0.278672133,10000.0,10,0,1,0,2.0,0.09973169
0,0.002229421,66,0,0.522492502,3000.0,11,0,1,0,0.0,0.124605946
0,0.032128341,55,0,0.018325698,2400.0,5,0,0,0,0.0,0.103747495
0,0.067229045,70,0,0.258122099,2800.0,4,0,0,0,0.0,0.11995278
0,0.588266525,56,2,0.263559497,4848.0,8,0,1,0,0.0,0.6688268
0,0.091483396,56,1,0.115109969,3500.0,6,0,0,0,0.0,0.422574
0,0.624330018,63,0,0.368500927,17790.0,8,0,2,0,0.0,0.15807235
0,0.081682101,41,2,0.255725617,8950.0,12,1,1,2,1.0,0.8189025
0,0.09205507,48,0,0.167470015,8920.0,13,0,1,0,1.0,0.07944012
0,0.298180121,41,0,0.364357262,9583.0,9,0,2,0,2.0,0.26800025
0,0.9999999,41,0,0.022419187,1917.0,0,2,0,0,0.0,0.92298365
0,0.197590576,50,3,0.498976034,18066.0,15,1,2,0,0.0,0.7810688
0,0.134996658,62,0,0.554613157,4833.0,11,0,2,0,1.0,0.1909691
0,0.0,61,0,0.285152706,3306.0,11,0,1,0,0.0,0.1995775
0,0.414885851,47,2,0.637425193,6850.0,16,0,2,0,0.0,0.53707457
0,0.209296363,48,2,0.272727273,5400.0,8,0,1,0,1.0,0.54819995
0,0.123593876,67,0,0.230258303,2709.0,7,0,1,0,1.0,0.116136216
1,0.536511337,37,0,0.888037321,3000.0,8,0,2,0,0.0,0.5020696
0,0.045443182,43,0,0.073121965,3500.0,6,0,0,0,1.0,0.12751488
0,0.177562973,50,0,0.525947405,10000.0,9,0,1,0,0.0,0.2145403
0,0.81007597,50,0,0.346454826,4216.0,7,0,0,1,2.0,0.8264194
0,0.445760573,57,0,0.399571463,12600.0,17,0,2,0,2.0,0.28565967
0,0.328135033,54,0,0.321790949,6208.0,14,0,1,0,2.0,0.24254727
0,0.0,50,0,0.44263934,4000.0,9,0,2,0,0.0,0.15474223
0,0.06914781,47,0,0.264466942,8000.0,16,0,2,0,0.0,0.2204738
0,0.0,58,0,0.129961776,3400.0,5,0,1,0,0.0,0.12528172
0,0.071850351,45,0,1.003074558,1300.0,6,0,1,0,0.0,0.19771104
0,0.03172046,89,0,0.002205787,7706.0,4,0,0,0,0.0,0.049179006
0,0.248612923,56,0,0.720879853,6000.0,24,0,2,0,1.0,0.3333053
0,0.9999999,33,0,0.253540683,3600.0,3,0,1,0,2.0,0.42134863
0,0.521601948,29,0,0.095017526,15975.0,10,0,0,0,0.0,0.3733949
0,0.008926107,63,0,0.007358768,8832.0,5,0,0,0,0.0,0.040560685
0,0.140416262,41,0,1.246286393,3365.0,11,0,6,0,2.0,0.53818303
0,0.257163372,78,1,2.523076923,649.0,23,0,1,0,0.0,0.17930916
0,0.133688867,49,0,0.093522183,4800.0,7,0,0,0,2.0,0.1961183
1,0.562013767,55,0,1.141378705,5700.0,9,0,2,0,1.0,0.54442275
0,0.404801425,56,0,0.038004622,110775.0,12,0,2,0,0.0,0.18375748
0,0.336342224,60,0,0.267715259,18500.0,14,0,2,0,1.0,0.1158871
0,0.0,25,0,0.225887056,2000.0,7,0,0,0,0.0,0.36366448
1,0.999759326,25,1,0.097120271,7083.0,3,0,0,0,0.0,0.66459835
0,0.0,55,2,0.319024008,7663.0,9,0,1,0,2.0,0.43989903
0,0.030320346,83,0,0.248677249,3401.0,7,0,1,0,0.0,0.107168265
0,0.647021594,57,0,0.492104534,10828.0,10,0,3,0,1.0,0.3051502
0,0.682263547,33,0,0.547297297,4883.0,7,0,3,0,0.0,0.5153563
0,0.962874315,57,0,0.546627886,5500.0,9,0,2,0,0.0,0.5849823
0,0.334835575,53,2,0.383595851,5205.0,8,0,1,3,5.0,0.92219645
0,0.02102914,43,0,0.170775171,3366.0,3,0,1,0,2.0,0.061299086
0,0.0,48,1,0.059623911,13081.0,7,0,0,0,1.0,0.2778917
0,0.074075387,36,0,0.029532031,2200.0,6,0,0,0,0.0,0.22876112
0,0.156149676,42,0,0.556205803,4100.0,12,0,2,0,1.0,0.29158494
0,0.735316161,51,1,0.147770446,5000.0,9,0,0,0,1.0,0.7114464
1,0.71870677,46,0,0.45896861,4459.0,17,0,1,0,0.0,0.6491127
0,0.098386349,38,0,0.665866827,5000.0,9,0,2,0,0.0,0.32059133
0,0.004582951,80,0,0.20987916,4716.0,6,0,1,0,0.0,0.02953122
0,0.0,64,0,0.105957617,2500.0,4,1,0,0,0.0,0.6868459
0,0.381149871,52,1,0.466748768,3247.0,10,0,1,0,0.0,0.52814263
0,0.561071015,38,1,0.301739652,5000.0,8,0,0,0,2.0,0.6049602
0,0.062167384,43,0,0.411820782,3146.0,5,0,1,0,0.0,0.13110866
0,0.690591408,45,2,0.324546485,10583.0,8,0,2,0,0.0,0.6115665
0,0.30414717,34,0,0.13243762,3646.0,5,0,0,0,1.0,0.2590986
0,0.001051541,72,0,0.366706876,4144.0,15,0,0,0,0.0,0.06604544
0,0.022303276,65,0,0.120300752,6649.0,16,0,1,0,1.0,0.08273899
0,0.526133988,31,0,0.43433955,5200.0,8,0,1,0,1.0,0.40167645
0,0.853302475,56,0,0.341384863,7451.0,18,0,0,0,0.0,0.5055465
0,0.260570196,64,0,0.624835543,19761.0,27,0,11,0,0.0,0.20834658
0,0.0,35,2,0.217477808,6533.0,6,0,2,0,1.0,0.5460028
0,0.01165319,85,0,0.300453212,3750.0,17,0,1,0,0.0,0.08089598
0,0.12432247,62,0,0.318470844,12895.0,13,0,2,0,1.0,0.08063788
0,0.9999999,29,0,0.0,2600.0,0,0,0,0,1.0,0.77101743
0,0.483843537,40,0,0.118480253,6000.0,9,0,0,0,2.0,0.3794467
1,1.009840943,57,1,0.31874853,4250.0,4,5,0,0,1.0,0.96621764
0,0.066239594,55,0,0.046655558,4200.0,14,0,0,0,1.0,0.18319139
0,0.020523977,71,0,1.477707006,627.0,9,0,1,0,0.0,0.08741233
0,0.659129365,56,0,0.661354582,3011.0,5,0,1,0,0.0,0.33996356
0,0.020385002,60,0,0.003999429,7000.0,5,0,0,0,0.0,0.0759474
0,0.449045551,25,0,0.151881351,3640.0,5,0,0,0,0.0,0.3087578
0,0.015941259,40,0,1.00479693,3126.0,10,0,1,0,0.0,0.20399162
0,0.139885375,38,1,1.758600412,3400.0,5,0,2,0,0.0,0.50969714
1,0.560429546,35,0,0.818603752,5170.0,6,0,2,0,2.0,0.5454818
0,0.023713116,66,0,0.014712506,6660.0,12,0,0,0,0.0,0.063036606
0,0.397093864,59,0,0.160907356,4716.0,5,0,0,0,1.0,0.20013082
0,0.183981602,27,1,1413.0,0.0,3,0,1,0,0.0,0.22339654
0,0.174661699,50,0,0.551765513,5833.0,17,0,2,0,2.0,0.2618095
0,0.9999999,28,0,0.028017241,2319.0,0,0,0,1,2.0,0.91065246
0,0.011881082,64,0,0.390145204,4200.0,3,0,2,0,0.0,0.070405096
0,0.043832603,65,0,0.152699509,5500.0,6,0,1,0,1.0,0.059237648
0,0.430569431,25,0,0.026512576,1470.0,1,0,0,0,0.0,0.56085145
0,0.15385641,45,0,0.399625059,6400.0,5,0,1,0,0.0,0.18341471
0,0.034708049,86,0,0.160611855,4183.0,19,0,0,0,0.0,0.072109655
0,0.0,34,0,0.736122073,3800.0,5,0,1,0,0.0,0.16580826
0,0.164691765,34,0,0.056977847,11600.0,5,0,0,0,0.0,0.07188048
0,0.222686784,60,0,0.129148341,2500.0,6,0,1,0,0.0,0.120104454
0,0.03990066,67,0,0.452410256,9749.0,15,0,2,0,1.0,0.17489158
0,0.0,33,0,0.266746651,5000.0,5,0,1,0,0.0,0.13030048
0,0.9999999,63,4,0.544965411,3902.0,6,1,2,1,0.0,0.93530965
0,0.006200012,36,0,0.353607732,6000.0,5,0,1,0,1.0,0.061967187
0,0.105689431,75,0,0.005313678,5833.0,2,0,0,0,0.0,0.050568067
0,0.842137431,57,0,0.284242823,4562.0,9,0,1,0,0.0,0.4544526
0,0.0,33,0,0.017767907,1800.0,7,0,0,0,0.0,0.20563062
0,0.130473349,36,0,0.331615753,2716.0,5,0,1,0,1.0,0.1838181
0,0.610567515,49,0,0.781292985,2180.0,5,0,1,0,0.0,0.40191185
0,0.00460177,67,0,0.153249057,4508.0,5,0,0,0,0.0,0.04244362
1,1.034430714,40,3,0.433426629,2500.0,7,1,0,0,0.0,0.9587102
0,0.07340189,54,0,0.315285495,8458.0,7,0,1,0,0.0,0.12965317
0,0.034575406,35,0,0.174037253,8750.0,13,0,0,0,1.0,0.13389973
0,0.0,23,0,0.0,764.0,2,0,0,0,0.0,0.06725239
0,0.03766583,41,2,2569.0,0.0,13,0,2,0,2.0,0.25943565
0,0.143015736,47,0,0.291539121,8166.0,13,0,1,0,4.0,0.14164871
0,0.956171801,58,1,0.49735518,7750.0,11,0,2,0,2.0,0.60924774
0,0.550225539,44,0,0.391798213,11972.0,10,0,1,0,3.0,0.26400778
0,0.007729646,70,0,0.588172273,4666.0,15,0,3,0,0.0,0.1321761
0,0.293554293,63,0,0.282177432,6300.0,8,0,1,0,0.0,0.1087503
0,0.037836973,37,0,0.180939687,3000.0,6,0,0,0,0.0,0.10404876
0,0.549716626,51,1,0.233435542,7500.0,6,0,1,0,3.0,0.4664152
0,0.905121825,40,0,0.415401703,2700.0,8,0,0,0,0.0,0.58055806
0,0.112967908,65,0,0.186655556,16800.0,13,0,2,0,2.0,0.035850957
0,0.053813857,47,0,0.336878466,11000.0,14,0,2,0,3.0,0.15772508
0,0.569002025,58,0,0.514182014,7438.0,12,0,1,0,0.0,0.29337433
0,0.099390061,88,0,0.007248188,4000.0,2,0,0,0,0.0,0.04343181
0,0.122133244,39,1,0.396262003,11663.0,19,0,2,0,1.0,0.49916467
0,0.075983277,53,1,0.013866204,30000.0,16,0,0,0,2.0,0.22084002
0,0.118443971,35,0,0.37738593,5500.0,14,0,1,0,2.0,0.2810221
0,0.309242703,60,0,0.716862865,6540.0,10,0,2,0,0.0,0.3020352
0,0.132447567,46,0,0.085628349,10638.0,6,0,0,0,2.0,0.087550215
0,0.135458167,51,0,0.008122577,5416.0,1,0,0,0,0.0,0.21486035
0,0.03469653,55,0,0.001660854,6020.0,2,0,0,0,1.0,0.080062225
0,0.009558452,34,0,0.336133193,6666.0,13,0,1,0,2.0,0.12658636
0,0.032463316,30,0,0.179394613,3600.0,4,0,0,0,0.0,0.07112081
0,0.124345252,44,0,0.505249125,6000.0,8,0,1,0,3.0,0.16751923
1,0.070083712,58,0,0.203856006,7416.0,3,0,1,0,0.0,0.108977176
0,0.49742778,50,0,0.375951996,8665.0,8,0,1,0,2.0,0.23957086
0,0.9999999,82,0,0.0,1996.0,0,0,0,0,0.0,0.17464928
1,0.090149223,46,0,0.832866853,2500.0,15,0,2,0,0.0,0.31905225
0,0.040619839,73,1,0.415726157,8062.0,18,0,1,0,0.0,0.25851497
0,0.310721863,44,0,0.337154285,20500.0,15,0,2,0,0.0,0.30155632
1,0.0,73,0,0.702978546,4800.0,11,0,1,0,0.0,0.0968473
0,0.039589075,67,0,0.013502986,3850.0,6,0,0,0,1.0,0.05128447
0,0.040159147,76,0,0.290697674,429.0,12,0,0,0,0.0,0.075841255
0,0.550778076,40,0,0.287658593,4334.0,9,0,0,0,1.0,0.4736689
0,0.430254555,50,5,0.205048255,6734.0,6,0,1,1,4.0,0.861214
0,0.031019,78,0,0.004475764,10500.0,3,0,0,0,0.0,0.02053441
0,0.097220422,65,0,0.471710691,12000.0,13,0,2,0,1.0,0.11159782
0,0.160877641,54,0,0.404539927,7400.0,11,0,1,0,1.0,0.15309942
0,1.01059788,31,0,0.677741841,3400.0,6,0,2,0,0.0,0.6364173
0,0.736484234,44,0,0.53220763,6395.0,16,0,1,0,0.0,0.6155814
0,0.625866213,54,0,0.89924001,4078.0,8,0,1,0,3.0,0.36213675
0,0.135703189,54,2,0.307920637,6400.0,15,0,1,0,0.0,0.54161274
0,0.0,38,0,0.507400294,8850.0,13,0,2,0,1.0,0.15505391
0,0.9999999,34,0,0.00371402,4307.0,1,0,0,0,1.0,0.68211555
0,0.843505216,59,0,0.396829698,7380.0,7,0,2,0,0.0,0.30182025
0,0.414890262,38,0,546.5,1.0,5,0,0,0,1.0,0.1289503
0,0.0,26,0,0.686967113,820.0,4,0,0,0,0.0,0.11802427
1,0.819911869,55,1,0.736346516,2123.0,18,0,1,0,1.0,0.80554885
0,0.845279247,56,0,0.135987475,4470.0,4,0,0,0,0.0,0.47496265
0,0.714245136,59,0,0.288058571,3960.0,3,0,1,0,0.0,0.30308214
0,0.24155169,27,0,0.009814613,3667.0,6,0,0,0,0.0,0.22233514
0,0.110583625,60,0,1471.0,0.0,7,0,1,0,3.0,0.028681848
0,0.676264747,26,0,0.066915489,3750.0,4,0,0,0,0.0,0.40715244
0,0.131984845,67,0,0.202736949,1972.0,6,0,0,0,0.0,0.13587269
0,0.019770238,67,0,0.001855517,8083.0,5,0,0,0,0.0,0.038782608
1,0.104317703,58,0,0.700040048,2496.0,8,0,1,0,0.0,0.088839434
0,0.812204426,65,0,0.741833828,16500.0,16,0,3,0,3.0,0.45776153
0,0.129778148,40,0,0.466177941,3000.0,8,0,1,0,0.0,0.15987672
0,1.0,28,0,0.216087577,2100.0,3,0,0,0,1.0,0.5981944
0,0.409758965,27,1,0.33247918,1560.0,7,0,0,0,1.0,0.72138387
0,0.533011272,30,1,0.19001387,6488.0,7,0,1,0,1.0,0.4525626
1,0.59703925,42,0,0.463107379,5000.0,11,0,1,0,0.0,0.48409796
0,0.9999999,29,0,0.197740113,2300.0,2,0,0,0,4.0,0.65253174
0,1.000192271,42,2,0.206281566,6335.0,9,0,0,0,0.0,0.7256574
0,0.351372337,53,1,0.328893604,25451.0,11,0,3,0,0.0,0.49562734
0,0.516131183,48,0,0.776489404,2500.0,9,0,1,0,0.0,0.4559973
0,0.200699816,43,0,0.371218833,7900.0,10,0,2,0,0.0,0.23673066
0,0.066668739,61,0,0.214172789,10752.0,13,0,2,0,0.0,0.06720761
1,0.24008282,53,0,0.04429557,10000.0,3,0,0,0,0.0,0.38268927
0,0.022296963,67,0,0.299973336,11250.0,9,0,1,0,0.0,0.099177845
0,0.215571257,25,0,1.184313725,764.0,6,0,0,0,0.0,0.11947022
0,0.0,61,0,0.0,2600.0,1,0,0,0,0.0,0.1285978
0,0.136275951,56,0,0.473514779,6833.0,13,0,2,0,4.0,0.12979758
1,0.641697878,46,2,0.102651459,6750.0,2,0,0,0,1.0,0.6763602
0,0.9999999,58,0,0.006856863,8166.0,2,0,0,0,0.0,0.42136446
0,0.071856287,27,0,1.0,0.0,3,0,0,0,0.0,0.14133678
0,0.257018579,61,0,0.723128599,4167.0,18,0,1,0,0.0,0.21544266
0,1.08447888,51,0,0.139202581,4338.0,5,0,0,0,0.0,0.70495015
0,0.044991144,66,0,0.233135575,4550.0,12,0,1,0,1.0,0.055886928
0,0.001024954,62,0,2.922077922,1000.0,10,0,2,0,0.0,0.1796296
0,0.475020961,46,0,1.018581523,3820.0,17,0,2,0,0.0,0.6007166
0,0.0,77,0,0.0,3565.0,2,0,0,0,0.0,0.071853586
0,0.9999999,26,0,0.0781893,1700.0,0,0,0,0,0.0,0.5993289
0,0.01930773,72,0,0.006971837,10900.0,8,0,0,0,0.0,0.020291641
0,0.051132768,69,0,0.225419664,2501.0,3,0,0,0,0.0,0.07070189
0,0.160709707,55,0,0.379690586,6075.0,10,0,4,0,0.0,0.27314088
0,0.342746816,46,0,0.28367908,4000.0,9,0,1,0,1.0,0.26196328
0,0.653239612,50,0,0.389841351,7815.0,8,0,1,0,1.0,0.29849342
0,0.9999999,0,1,0.436927179,6000.0,6,0,2,0,2.0,0.4066151
0,0.000517744,64,0,0.358826081,6916.0,26,0,2,0,1.0,0.063132785
0,0.026218408,29,0,4.5,1.0,3,0,0,0,0.0,0.07730825
0,0.064763753,54,0,0.358006268,6700.0,12,0,2,0,1.0,0.12197504
0,0.260407226,51,1,0.328386972,5188.0,8,0,0,0,0.0,0.4663794
0,1.152748037,22,3,0.200532978,1500.0,7,0,0,0,0.0,0.9536645
0,0.0,53,0,0.002856463,4200.0,10,0,0,0,2.0,0.18977705
0,0.931369236,40,0,0.262789535,6000.0,14,0,0,0,3.0,0.6436151
0,0.081890203,41,0,0.270454924,6000.0,11,0,1,0,2.0,0.13756685
0,0.108891109,60,0,0.100682192,4250.0,6,0,1,0,0.0,0.07082783
1,0.43042149,55,0,0.668178119,8600.0,12,0,3,0,1.0,0.39828074
0,0.594628357,28,0,0.435102041,1224.0,4,0,0,0,0.0,0.47739765
0,0.0,65,0,0.473214286,3583.0,6,0,1,0,0.0,0.1348831
0,0.031663463,59,0,0.383434488,2800.0,8,0,1,0,0.0,0.124119185
0,0.472266576,41,0,0.536774965,5016.0,8,0,1,0,2.0,0.38092723
0,0.125093745,40,0,0.437443199,3300.0,7,0,1,0,2.0,0.19121858
0,0.015849801,68,0,0.158384162,10000.0,8,0,1,0,1.0,0.037803043
0,0.080782094,51,1,0.541065562,7000.0,18,0,1,1,0.0,0.6924754
1,1.016611296,29,0,0.007438017,1209.0,1,0,0,0,0.0,0.7262568
0,0.0,45,0,0.214177772,14557.0,6,0,1,0,1.0,0.07081816
0,0.204595135,32,0,0.509460907,2800.0,4,0,2,0,0.0,0.23537736
0,1.021932654,62,0,0.282202267,6792.0,6,0,2,1,1.0,0.7240863
0,0.004699765,40,0,0.009178322,4575.0,3,0,0,0,1.0,0.05941728
0,0.285888273,42,0,0.434113177,5000.0,11,0,2,0,6.0,0.2295939
0,0.06878109,65,0,0.041591682,5000.0,6,0,0,1,0.0,0.6873687
0,0.011379801,35,0,0.28923046,9953.0,8,0,2,0,1.0,0.12020766
0,0.948762809,27,0,0.144948404,4166.0,5,0,0,0,0.0,0.42447564
0,0.276649515,80,0,0.956468424,11416.0,8,0,4,0,0.0,0.35567677
0,0.027829418,54,0,0.282929268,4000.0,8,0,1,0,0.0,0.09794784
1,0.9999999,31,0,2.263435701,2083.0,6,1,2,0,0.0,0.8715398
0,0.143981789,50,0,0.428047663,12000.0,12,0,2,0,3.0,0.16704653
0,0.0,23,0,0.15225335,820.0,2,0,0,0,0.0,0.08882363
0,0.001646739,56,0,0.606263982,9833.0,9,0,3,0,0.0,0.165278
0,0.9999999,80,0,0.178210603,9600.0,4,0,1,0,0.0,0.3104509
0,0.755297627,67,0,0.81984633,6116.0,12,0,2,0,0.0,0.43752664
0,0.00546312,86,0,0.250875657,6851.0,14,0,1,0,0.0,0.058212873
0,0.047661371,73,0,0.007664112,3000.0,4,0,0,0,0.0,0.0251989
0,0.356064394,30,0,0.348988687,2916.0,9,0,1,0,0.0,0.37938586
0,0.064901671,36,0,0.0079984,5000.0,7,0,0,0,0.0,0.09984102
0,0.057388844,54,0,0.226052181,5250.0,8,0,1,0,2.0,0.085966
0,0.124801376,62,0,0.566894457,6584.0,15,0,2,0,0.0,0.19937365
0,0.0,49,0,0.15603382,1300.0,3,0,0,0,0.0,0.16120072
0,0.051244354,70,0,0.212578742,10000.0,11,0,1,0,0.0,0.062969245
0,0.054415219,68,0,0.042319227,3000.0,7,0,0,0,1.0,0.14315832
1,0.69030969,25,1,0.270758123,3600.0,6,0,0,2,1.0,0.88517565
0,0.0,59,0,0.132890995,15824.0,9,0,1,0,0.0,0.09290953
0,0.562077123,57,0,0.575461305,7261.0,21,0,2,0,0.0,0.4441276
0,0.01113097,72,0,0.160614302,6250.0,8,0,1,0,3.0,0.048835225
0,0.052446304,32,0,0.50264248,7000.0,13,0,3,0,0.0,0.40160146
0,0.114658214,62,0,0.12864904,13804.0,8,0,2,0,0.0,0.037522823
0,0.073653404,57,0,0.283039447,5500.0,9,1,1,0,0.0,0.77756417
0,0.106670293,69,0,0.159311597,12666.0,9,0,1,0,0.0,0.040680993
1,0.0,41,0,0.852315954,4468.0,7,1,2,0,1.0,0.83253926
0,0.283095939,38,0,0.164484647,4200.0,5,0,0,0,4.0,0.24046417
0,0.691774008,31,0,0.557747961,3800.0,14,0,1,0,0.0,0.60746026
0,0.029292338,44,0,0.552127963,3500.0,10,0,1,0,2.0,0.11265422
0,0.055445833,86,3,0.026330408,9000.0,8,0,0,0,0.0,0.22342138
0,0.252072314,55,0,0.149057592,19099.0,13,0,1,0,0.0,0.12619172
0,0.053768744,40,0,0.343522354,7000.0,17,0,2,0,0.0,0.2083533
1,0.460941641,35,0,0.856028794,3333.0,6,0,2,0,2.0,0.35899392
0,0.025331222,50,0,0.326229799,11261.0,4,0,2,0,2.0,0.044203546
0,0.051351492,34,0,0.473741497,3674.0,5,0,2,0,2.0,0.20415017
0,0.597925259,38,0,0.047650783,3000.0,2,0,0,0,0.0,0.45771387
0,0.112209754,43,0,0.304092134,4080.0,6,0,0,0,0.0,0.10175767
0,0.175347784,79,1,0.330221704,1713.0,9,0,2,0,0.0,0.32855394
1,0.972150876,59,0,1.473797947,1850.0,12,0,2,0,0.0,0.6576321
0,0.329094183,48,0,0.268591772,7583.0,8,0,0,0,1.0,0.25799853
0,0.692830717,44,0,0.529277349,3500.0,4,0,1,0,3.0,0.38646814
0,0.952956684,45,0,0.394753279,1600.0,2,0,0,0,0.0,0.57422775
0,0.082601599,67,1,0.350995866,2660.0,8,0,1,0,0.0,0.36655018
0,0.162194076,46,0,0.554582604,15416.0,15,0,4,0,0.0,0.46598077
0,0.025179529,78,0,0.318501171,1280.0,5,0,1,0,0.0,0.04843164
0,0.313104529,48,0,0.887119307,7157.0,15,0,2,0,0.0,0.4870207
0,0.116102365,56,1,0.037974684,1500.0,3,0,0,0,0.0,0.5064347
0,0.743705451,50,0,0.145572818,15833.0,7,0,2,0,2.0,0.21322632
0,0.06022187,54,0,0.354202544,18000.0,12,0,4,0,1.0,0.18550976
0,0.9999999,65,0,0.6022211,1980.0,5,1,1,0,0.0,0.7355709
0,0.515391553,64,0,0.130322473,12000.0,11,0,2,0,3.0,0.19017011
0,0.482889618,56,0,0.399975394,8127.0,22,0,1,0,0.0,0.2718564
0,0.155932049,45,0,1.18643813,6650.0,20,0,6,0,2.0,0.7379461
0,0.083248613,63,1,0.27781511,10416.0,4,0,1,0,3.0,0.11637522
0,0.342397703,73,0,0.296387365,5286.0,6,0,1,0,0.0,0.12983803
0,0.018159559,32,0,0.000882613,2265.0,3,1,0,0,0.0,0.4409308
0,0.171628129,39,0,0.161229846,8000.0,5,0,0,0,2.0,0.16831909
1,0.304453133,57,1,0.387419165,1700.0,11,0,0,0,0.0,0.63045996
0,0.265241986,31,0,0.109378124,5000.0,4,0,0,0,3.0,0.22599824
0,0.180672773,51,0,0.334490239,6914.0,13,0,1,0,2.0,0.12174105
0,0.028239641,55,0,0.158605174,8000.0,6,0,2,0,0.0,0.071033195
0,0.912537181,47,4,0.494822045,8400.0,12,0,3,0,3.0,0.85654
0,0.250291657,47,1,0.458870042,7840.0,12,0,2,0,1.0,0.47081998
0,0.0,39,0,0.551779288,2500.0,7,0,2,0,0.0,0.18031614
0,0.230673514,39,0,0.357256778,11285.0,15,0,4,0,0.0,0.5555706
0,0.378548687,47,0,0.163214582,9655.0,18,0,0,0,1.0,0.35761744
0,0.157496063,75,0,0.565716159,3050.0,10,0,1,0,0.0,0.1987598
0,0.422138622,50,0,0.339088024,12916.0,22,0,1,0,4.0,0.31796497
0,0.795437678,43,0,0.401229823,6504.0,14,0,2,0,3.0,0.56301194
0,0.382857918,46,0,0.269569793,7600.0,9,0,1,0,3.0,0.20446865
0,0.868231983,32,0,1.202265911,3000.0,8,0,1,0,1.0,0.61344016
0,0.004908868,74,0,0.261114237,5330.0,4,0,1,0,0.0,0.024811482
0,0.840342591,34,0,0.255870323,6600.0,6,0,0,0,2.0,0.50861716
0,0.056159255,77,0,0.02581511,38000.0,4,0,1,0,0.0,0.015211034
0,0.319912006,62,0,0.143044276,3816.0,13,0,0,0,0.0,0.17632878
0,0.832910491,54,0,0.37875866,14000.0,10,0,2,0,3.0,0.44386566
0,0.919858483,56,0,0.524492234,2510.0,18,0,1,0,0.0,0.70390964
0,0.028808576,54,0,0.023654439,2916.0,12,0,0,0,0.0,0.25532842
0,0.022176364,41,0,0.007834496,8168.0,10,0,0,0,2.0,0.12712364
1,0.915084915,32,0,0.485003333,4500.0,4,0,1,0,0.0,0.50659525
0,0.256049597,47,0,0.309454394,2400.0,6,0,0,0,1.0,0.26822034
0,0.01360778,85,0,0.147521161,1653.0,4,0,0,0,0.0,0.023269469
0,0.027283765,74,0,0.002401222,4580.0,4,0,0,0,0.0,0.025268255
0,0.321011857,42,0,0.538133467,3985.0,10,0,1,0,1.0,0.35180703
0,0.147178887,26,0,0.178571429,5711.0,5,0,1,0,1.0,0.12734929
0,0.0,48,0,0.168760034,10588.0,6,0,2,0,0.0,0.07858496
0,0.016684186,81,0,0.101919045,6200.0,8,0,1,0,0.0,0.025193065
0,0.072431254,54,0,0.782826055,6800.0,4,0,3,0,0.0,0.3649143
0,0.03929869,79,0,0.121140841,3400.0,4,0,1,0,0.0,0.025471771
0,0.665092409,45,0,0.470468432,5400.0,9,0,2,0,5.0,0.48243052
0,0.003042381,36,1,0.308288721,10833.0,11,0,4,0,2.0,0.48533344
0,0.245864402,30,0,0.721437423,4034.0,6,0,1,0,5.0,0.3476724
0,0.019396121,67,0,0.200767591,11724.0,5,0,1,0,1.0,0.030162878
0,0.015252682,85,0,0.156831302,3117.0,6,0,1,0,0.0,0.069465615
0,0.653258338,34,0,0.275583056,2100.0,6,0,0,0,0.0,0.4571019
0,0.0,39,0,0.484648865,8500.0,17,0,2,0,4.0,0.13253716
0,0.405882843,33,0,0.505919495,3800.0,6,0,1,0,0.0,0.2187693
0,0.714958925,41,0,0.077904011,8625.0,7,0,0,0,1.0,0.5061613
0,0.084288052,71,0,0.262996001,3250.0,6,0,1,0,1.0,0.07422013
0,0.966871435,38,0,0.284302421,6070.0,4,0,1,0,1.0,0.45137045
0,0.982000706,31,0,0.566527524,7665.0,7,0,2,0,0.0,0.5930042
0,0.005153311,49,0,0.016995751,4000.0,7,0,0,0,0.0,0.108523324
0,0.425716189,25,1,0.656516443,820.0,3,0,0,1,0.0,0.47798553
0,0.583396353,65,0,0.071930946,3127.0,9,0,0,0,0.0,0.43872812
0,0.122848822,76,0,0.096874393,5150.0,8,0,1,0,1.0,0.07086167
0,0.508295048,26,0,0.109556178,2500.0,3,0,0,0,0.0,0.40635785
0,0.348781778,53,0,0.251004554,7465.0,9,0,1,0,0.0,0.20148343
0,0.033168123,47,0,0.207709429,9883.0,14,0,2,0,0.0,0.1250559
0,0.198911202,53,0,0.286042427,7400.0,18,0,1,1,0.0,0.5045492
0,0.154263675,54,0,0.14924597,7691.0,7,0,1,0,0.0,0.109334305
1,0.928997937,49,4,0.406358238,8083.0,9,1,2,0,0.0,0.9382668
0,0.032928943,31,0,0.611476835,8050.0,5,0,2,0,0.0,0.19948032
0,0.081254247,32,0,0.053459119,6041.0,3,0,0,0,0.0,0.11460113
0,0.037825686,65,0,0.05068116,14166.0,17,0,0,0,0.0,0.09059237
0,0.352806505,48,0,0.642574464,4800.0,12,0,3,0,3.0,0.4427614
0,0.024523757,34,0,0.003844675,2600.0,2,0,0,0,0.0,0.099915855
0,0.0,41,0,0.0,3507.0,3,0,0,0,3.0,0.08853246
0,0.9999999,48,1,0.190819515,4160.0,2,0,1,0,2.0,0.66352475
0,0.0,44,0,0.040225829,1416.0,2,0,0,0,2.0,0.16339129
0,0.075091764,58,0,0.057310084,8200.0,4,0,0,0,1.0,0.077501595
0,0.983560801,62,0,0.481358419,23173.0,12,0,2,0,1.0,0.29076052
0,0.034358468,49,0,0.143702906,3715.0,7,0,1,0,1.0,0.095351644
1,1.072618254,40,1,0.259891712,2400.0,8,1,1,4,2.0,0.9686263
0,0.522084452,27,0,0.687862428,5000.0,8,0,1,0,0.0,0.56567484
0,0.420927214,55,0,0.273160402,17000.0,11,0,2,0,1.0,0.20045014
0,0.889551883,47,0,0.232773397,2916.0,15,1,0,0,1.0,0.9149702
0,0.074557018,38,0,1.07928048,1500.0,6,0,2,0,1.0,0.26170042
0,0.0446703,54,0,0.272220794,11666.0,7,0,2,0,2.0,0.0439343
0,0.714491905,62,5,0.538161994,7703.0,15,0,3,1,0.0,0.8023901
0,0.086077897,55,0,0.696920583,4935.0,11,0,2,0,0.0,0.2390295
0,0.059329738,36,0,0.232137733,10454.0,4,0,2,0,0.0,0.03090116
0,0.004062415,86,0,0.089504771,2200.0,6,0,0,0,0.0,0.0585601
0,0.0,46,0,0.248488485,21666.0,4,0,2,0,4.0,0.060201243
0,0.047529396,55,2,0.896131805,2791.0,20,0,1,0,1.0,0.6603008
0,0.17320141,45,0,0.073483775,26100.0,10,0,1,0,2.0,0.1734863
0,0.030720516,41,0,0.803549113,4000.0,6,0,1,0,0.0,0.1280313
0,0.081349923,39,0,0.456504175,3712.0,5,0,1,0,2.0,0.12231388
0,0.045785834,44,0,0.926482535,2461.0,18,0,2,0,3.0,0.26398504
0,0.058976214,58,0,0.133130329,8209.0,10,0,2,0,0.0,0.14031923
0,0.039015327,47,0,0.161927022,7700.0,9,0,2,0,0.0,0.09552258
0,0.039456016,80,0,0.54620462,605.0,6,0,0,0,0.0,0.10008756
0,0.738545657,40,0,0.474944934,3631.0,10,0,0,0,0.0,0.51941615
0,0.0,32,0,0.058840331,3500.0,2,0,0,0,2.0,0.20658213
0,0.0,85,1,0.160279907,3000.0,5,0,0,0,0.0,0.45247853
0,0.241787886,57,0,0.164547922,7000.0,10,0,0,0,0.0,0.22572415
1,0.052528199,36,1,0.261836202,14932.0,11,0,1,0,2.0,0.3260568
0,0.032246466,33,0,0.005441824,7717.0,6,0,0,0,0.0,0.12943307
0,0.643531256,60,0,0.263720151,4773.0,10,0,0,0,0.0,0.43749145
0,0.536263389,43,1,1.589337776,2400.0,8,0,2,0,3.0,0.6252426
0,0.233196669,47,0,0.571706799,5647.0,17,0,2,1,3.0,0.6352296
0,0.044842922,51,0,0.23358954,11318.0,5,0,1,0,2.0,0.038676184
1,0.956690727,50,0,0.055145362,4333.0,5,4,0,0,0.0,0.9393336
0,0.033499015,44,1,0.264764698,7500.0,10,0,1,0,2.0,0.24038595
0,0.001596838,77,0,0.001171417,2560.0,6,0,0,0,0.0,0.017940115
1,1.071785184,46,3,6243.0,0.0,9,4,2,0,0.0,0.95835435
0,0.092740011,43,0,0.230756552,18200.0,14,0,3,0,4.0,0.13262558
0,0.0,77,0,0.636515115,4200.0,6,0,2,0,0.0,0.06390014
0,0.765942251,39,0,0.13439113,5230.0,4,0,0,0,2.0,0.5192169
0,0.089527365,61,0,0.00949136,4108.0,3,0,0,0,0.0,0.09425968
0,0.456859245,34,0,0.374381281,6666.0,11,0,1,0,0.0,0.3164731
0,0.215036676,36,0,0.185504027,3600.0,5,0,0,0,1.0,0.16878553
1,0.9999999,32,0,0.156173743,2048.0,1,0,0,0,2.0,0.6938212
0,0.06102471,43,0,0.299241497,12260.0,7,0,2,0,3.0,0.053075675
1,1.383233533,33,1,0.194368756,1100.0,6,0,0,2,2.0,0.95487
0,0.245309661,80,0,0.101539942,6233.0,8,0,0,0,0.0,0.14506914
0,0.169998271,77,0,0.333166708,8001.0,12,0,2,0,0.0,0.1415852
0,0.9999999,35,4,0.244633931,3400.0,5,0,0,0,0.0,0.84639406
0,1.012166261,49,0,0.367779673,12308.0,7,0,2,0,3.0,0.33791354
0,0.012865809,40,0,0.207430856,6001.0,4,0,1,0,0.0,0.0605022
1,0.9999999,65,0,0.0,4000.0,0,0,0,0,0.0,0.40822813
0,0.538618351,50,1,0.608323017,10500.0,21,0,2,0,3.0,0.6315183
0,0.0,68,0,0.296925769,4000.0,6,0,1,0,1.0,0.037039284
1,0.9999999,34,98,0.0,3144.0,0,98,0,98,2.0,0.96084154
0,0.168541573,42,0,0.320020569,5833.0,3,0,1,0,2.0,0.16230914
0,0.00793907,60,0,0.192627256,10470.0,10,0,2,0,1.0,0.07054319
0,0.002318543,61,0,335.0,0.0,9,0,0,0,0.0,0.030998738
0,0.267658556,50,0,0.377746422,4960.0,7,0,1,0,0.0,0.17077713
0,0.009972801,43,0,0.272542122,5400.0,8,0,1,0,0.0,0.092877604
0,0.109792057,38,0,0.246546672,7166.0,9,0,1,0,1.0,0.1573923
0,0.9999999,31,0,0.0,2200.0,0,0,0,0,2.0,0.7820507
0,0.279829799,66,0,0.252427184,4222.0,17,0,1,0,1.0,0.16470689
0,0.819030162,25,0,0.0976388,4700.0,9,0,0,0,1.0,0.5547605
0,0.044997857,48,0,0.430379747,4186.0,4,0,1,0,1.0,0.14615165
0,0.218111204,60,0,0.39551738,7450.0,21,0,2,0,0.0,0.12861031
0,0.021458879,53,1,0.656520773,4500.0,15,0,2,0,2.0,0.40302432
1,0.702074946,42,0,0.238639314,3850.0,6,0,1,0,2.0,0.3745593
0,0.089701194,64,1,0.138300405,4200.0,10,0,0,0,1.0,0.35305768
0,0.11397067,35,0,0.667821846,7790.0,16,0,7,0,0.0,0.54892474
0,0.600902273,50,1,0.597136349,3072.0,7,0,0,0,2.0,0.7110984
0,0.45297843,37,0,0.252366351,7500.0,8,0,1,0,1.0,0.17922676
0,0.030247479,65,0,0.049125729,1200.0,7,0,0,0,1.0,0.13928272
0,0.036642744,47,0,0.210889456,13333.0,8,0,2,0,2.0,0.05808043
0,0.162921774,67,2,0.727963526,3289.0,23,0,1,0,0.0,0.6103991
0,0.086927525,54,0,0.36899262,16666.0,24,0,2,0,0.0,0.194213
0,0.129991217,43,0,0.269459652,4200.0,10,0,1,0,0.0,0.17682964
0,0.182545436,47,0,0.407001667,8397.0,6,0,1,0,3.0,0.13212514
0,0.953926398,75,0,0.263894442,2500.0,7,1,0,0,0.0,0.8258509
0,0.367771584,68,0,0.47688078,4000.0,9,0,2,0,0.0,0.15649736
0,0.045851319,43,0,0.262647683,3300.0,7,0,0,0,6.0,0.1137393
0,0.928361369,27,0,0.117941029,2000.0,1,0,0,0,0.0,0.58323735
0,0.493713328,63,0,0.23659306,6339.0,10,0,0,0,1.0,0.35513115
0,0.065868263,29,2,0.096798698,9214.0,3,0,0,0,2.0,0.70670784
0,0.217812197,47,0,0.474478473,2252.0,8,0,0,0,1.0,0.28435633
0,0.763163741,26,0,0.252633458,5600.0,4,0,0,0,0.0,0.3926715
0,0.008978844,75,0,0.005664778,3000.0,10,0,0,0,0.0,0.05765199
0,0.970686209,50,0,0.101353697,2880.0,3,0,0,0,1.0,0.61563385
0,0.0,56,0,0.080228827,7166.0,3,0,1,0,0.0,0.11039294
0,0.028722206,82,0,0.019744483,2582.0,9,0,0,0,0.0,0.1779104
0,0.001007384,64,0,0.106654301,12938.0,8,0,1,0,0.0,0.045228582
0,0.046875652,56,0,0.244868229,7550.0,21,0,1,0,0.0,0.09884925
0,0.672762688,29,0,686.0,0.0,8,0,0,0,1.0,0.27910528
0,0.864355941,45,0,0.397218601,2300.0,8,0,0,0,0.0,0.5936942
0,0.352195598,56,0,0.5843913,10160.0,17,0,2,0,3.0,0.37377018
0,0.413479326,71,0,0.326841975,8061.0,8,0,1,0,0.0,0.12573275
0,0.278047581,43,0,0.502279077,6800.0,13,0,1,0,1.0,0.13179685
0,0.027054054,37,0,0.155867901,8750.0,7,0,1,0,2.0,0.07428241
0,0.464866336,28,0,0.12963379,4450.0,6,0,0,0,2.0,0.41751742
0,0.0,70,0,0.129249227,5500.0,14,0,1,0,1.0,0.08003271
0,0.523601104,36,0,0.424854124,6340.0,7,0,1,0,2.0,0.3572843
0,0.383019129,42,0,0.645048439,3715.0,9,0,0,0,1.0,0.2842146
0,0.296721292,55,0,0.119565217,7083.0,5,0,0,0,0.0,0.16571778
1,0.177321468,52,0,0.651405115,3166.0,8,0,1,0,2.0,0.22969091
0,0.450273056,59,1,0.446010511,4185.0,8,0,2,0,0.0,0.34877995
0,0.095738044,36,0,0.208252783,15000.0,6,0,1,0,2.0,0.07624074
0,0.004236468,70,0,0.414675447,5314.0,6,0,2,0,0.0,0.04512395
1,0.0,44,0,0.242237888,13333.0,15,0,2,0,1.0,0.19323215
0,0.004686543,83,0,0.23840041,3900.0,8,0,1,0,0.0,0.055237435
0,0.02919927,61,0,0.005383787,6500.0,3,0,0,0,0.0,0.068069436
0,0.092118689,58,0,0.177482252,10000.0,8,0,1,0,1.0,0.049170118
0,0.511632848,50,1,1.543228386,2000.0,11,0,1,0,0.0,0.67730314
0,0.9999999,38,0,0.020337815,2900.0,2,3,0,1,2.0,0.9506585
0,0.018581214,38,0,0.000461467,13001.0,3,0,0,0,0.0,0.039741196
0,0.489976099,52,0,0.837427423,2238.0,6,0,1,0,0.0,0.3459079
0,0.0,61,0,0.414367517,1920.0,3,0,0,0,0.0,0.15221769
0,0.078006304,44,0,0.267425586,10716.0,15,0,1,0,2.0,0.10257481
1,0.96424589,44,1,0.322289747,5100.0,7,0,0,0,4.0,0.79615444
0,0.339137226,56,0,1.521478282,4166.0,20,0,4,0,0.0,0.646507
1,0.696517413,37,2,0.089620069,5500.0,2,3,0,0,0.0,0.91691923
1,0.60459885,28,0,0.233850595,2770.0,5,1,0,0,0.0,0.82858837
0,0.679513658,43,0,0.370297169,14166.0,14,0,2,0,2.0,0.5444274
0,0.778465905,41,0,0.338501016,9352.0,5,0,1,0,1.0,0.4607883
0,0.810822311,54,0,0.422403999,4400.0,6,0,1,0,2.0,0.45057476
0,0.025827504,59,0,0.214631627,15486.0,18,0,1,0,2.0,0.089873455
0,0.991910451,45,0,0.36524769,6600.0,8,0,1,0,4.0,0.5594033
0,0.096356673,51,1,0.106526086,5500.0,12,0,0,0,2.0,0.33571517
0,0.0,34,0,0.031869309,3733.0,2,0,0,0,2.0,0.21465273
0,0.339566043,76,0,0.049979175,2400.0,2,0,0,0,0.0,0.20058244
0,0.340641175,41,0,0.74022496,5600.0,6,0,3,0,2.0,0.47957474
0,0.26474443,62,0,0.110762415,5416.0,9,0,0,1,1.0,0.5123094
1,1.088904445,40,1,0.389317338,3500.0,5,1,0,2,4.0,0.97502124
0,0.029255594,65,0,0.392267955,6000.0,18,0,4,0,0.0,0.16687797
0,0.0,54,0,0.09028935,6600.0,6,0,0,0,0.0,0.20396987
0,0.126161843,31,0,0.406318736,5000.0,7,0,2,0,0.0,0.2192224
0,0.375624376,21,0,0.036866359,650.0,1,0,0,0,0.0,0.08799614
0,0.001659053,71,0,0.000109487,18266.0,5,0,0,0,0.0,0.006671629
0,0.077784936,52,0,0.684993084,5783.0,11,0,5,0,0.0,0.4649043
0,0.492027909,41,0,1.592708009,3208.0,10,0,2,0,0.0,0.5603576
0,0.016910264,56,0,0.223774004,6300.0,10,0,1,0,1.0,0.08313808
0,0.413927088,61,0,0.06274453,6900.0,5,1,0,0,1.0,0.650042
1,0.9999999,58,1,0.145141943,2500.0,1,1,0,0,0.0,0.87078375
0,0.126479791,57,0,0.42578125,3583.0,7,0,2,0,0.0,0.15099426
0,0.16495876,74,0,0.007304883,2600.0,3,0,0,0,0.0,0.116774976
0,0.546015655,39,0,0.407318536,5000.0,8,0,1,0,0.0,0.3541961
0,0.005550513,59,0,0.136094465,28200.0,5,0,2,0,1.0,0.03248353
0,0.013923261,59,0,0.537395749,7433.0,6,0,2,0,0.0,0.08405309
0,0.798149636,41,0,0.806585789,2884.0,10,0,2,0,0.0,0.63759065
0,0.006912649,75,0,0.688841488,7500.0,18,0,3,0,0.0,0.28348908
0,0.9999999,30,0,0.277163656,3708.0,5,0,0,0,0.0,0.523686
0,0.0,78,0,8151.0,0.0,11,0,1,0,0.0,0.14619446
0,0.9999999,48,1,6.957535387,1200.0,6,0,2,0,4.0,0.68015987
0,0.748327052,32,0,0.177137144,6000.0,8,0,0,0,0.0,0.39587733
0,0.0008097,58,0,0.388305847,2000.0,8,0,1,0,0.0,0.11477585
0,0.0,50,0,0.281299385,5694.0,8,0,2,0,0.0,0.1268529
0,0.791565184,39,0,0.138284704,5654.0,9,0,0,0,0.0,0.484476
0,0.143691442,33,0,0.170332902,8500.0,11,0,0,0,0.0,0.17927809
0,0.105563888,47,0,0.306373862,5600.0,16,0,2,0,2.0,0.13764767
0,0.532511687,48,0,0.702923799,6600.0,7,0,2,0,1.0,0.43895105
0,0.611077298,29,0,0.522990804,2500.0,4,0,0,0,1.0,0.4583882
0,1.096276436,52,0,0.324309027,10600.0,12,0,2,0,1.0,0.5079803
0,0.017049148,61,0,0.221656291,5300.0,7,0,1,0,2.0,0.05864397
0,0.150971778,53,0,0.465404613,7500.0,8,0,3,0,0.0,0.20211935
0,0.293221366,33,1,0.299581894,5500.0,7,0,0,1,0.0,0.71408474
0,0.290459548,35,1,0.09118449,3300.0,7,0,0,0,2.0,0.5006081
0,0.125391387,54,0,0.276909797,11584.0,10,0,2,0,0.0,0.11620359
0,1565.0,45,0,0.28346231,6977.0,5,0,1,0,0.0,0.3041944
0,0.566855328,36,0,0.179979778,11867.0,7,0,0,0,4.0,0.1777708
0,0.40728398,45,0,0.615742897,2146.0,8,0,1,1,0.0,0.6428662
0,0.104526365,30,1,0.500090893,5500.0,9,0,1,0,0.0,0.3863648
0,0.9999999,54,3,0.038341507,4485.0,5,0,0,1,1.0,0.8116807
0,0.077908693,40,1,0.438969765,6250.0,10,0,1,2,1.0,0.8527029
0,0.161403216,33,0,0.460192308,5199.0,10,0,1,0,3.0,0.28045905
0,0.891452875,30,0,0.419616077,3333.0,8,0,0,0,0.0,0.45897177
1,0.920956627,54,4,0.505072662,3646.0,14,0,0,0,0.0,0.8766671
0,0.948305291,51,1,0.171420171,3400.0,8,1,0,1,0.0,0.92284304
0,0.069523262,56,0,0.582393755,6917.0,13,0,4,0,0.0,0.25112456
0,0.9999999,64,1,0.0,2400.0,1,1,0,0,0.0,0.7115401
0,0.100546528,40,0,0.480258014,5115.0,20,0,2,0,0.0,0.31698146
0,0.097546698,59,0,0.392279336,9765.0,23,0,2,0,2.0,0.12903054
0,0.083192851,55,0,0.121321779,10500.0,13,0,1,0,0.0,0.06061983
0,0.121295944,56,0,0.722713637,13000.0,14,0,2,0,0.0,0.26827374
0,0.045551786,69,0,0.012453413,11000.0,8,0,0,0,0.0,0.020970074
0,0.302873689,86,0,0.43342113,3416.0,10,0,2,0,0.0,0.22017266
0,0.0,34,0,0.069322967,6173.0,6,0,0,0,0.0,0.096676074
1,1.045701228,32,1,0.195378151,3807.0,9,2,0,2,0.0,0.968561
0,0.209389531,37,0,1.01032989,3000.0,8,0,1,0,0.0,0.26432976
1,0.409731046,52,2,0.702308455,7060.0,15,0,2,0,4.0,0.69123673
0,0.227504797,31,0,0.412103272,6080.0,11,0,1,0,2.0,0.29216677
0,0.050405704,56,0,0.085425384,2867.0,7,0,0,0,0.0,0.19215569
0,0.02560834,68,0,0.187784039,5500.0,8,0,0,0,0.0,0.04665908
0,0.073908201,45,0,0.420402261,7606.0,10,0,2,0,1.0,0.21989304
1,0.759312034,63,1,0.244748611,7378.0,6,0,1,0,0.0,0.5384447
0,1.043370848,64,7,0.403561775,18866.0,17,2,2,3,0.0,0.888784
0,0.239976002,43,0,0.139918577,4666.0,7,0,0,0,2.0,0.2490788
0,0.012261051,48,0,0.001538225,6500.0,2,0,0,0,1.0,0.07921858
0,0.051311663,83,0,0.368421053,3400.0,6,0,1,0,0.0,0.11916722
0,0.201847734,61,0,0.489134782,7500.0,10,0,1,0,0.0,0.12199119
0,0.807596202,24,0,0.119700748,400.0,2,0,0,0,0.0,0.30769372
0,0.015220364,63,0,0.112967724,14003.0,6,0,1,0,1.0,0.045711406
0,0.061581078,33,0,0.158278629,2741.0,12,0,0,0,0.0,0.24810924
0,0.311779215,44,0,1.133166726,2800.0,9,0,1,0,0.0,0.35623175
0,0.647306997,43,1,0.136569488,7065.0,9,0,0,1,3.0,0.81286794
0,0.524511887,52,0,0.404007679,8333.0,7,0,2,0,0.0,0.30782896
1,0.987432162,40,0,0.14978602,1401.0,3,0,0,0,3.0,0.63589746
0,0.023237542,58,0,0.812428571,6999.0,19,0,3,0,1.0,0.24569364
0,0.586915612,43,0,2.226219025,1250.0,10,0,1,0,1.0,0.4893039
0,0.671517276,37,0,0.387526779,4200.0,12,0,0,0,0.0,0.5731318
0,0.107742457,72,0,0.021829695,6000.0,6,0,0,0,0.0,0.08624342
0,0.794172261,33,0,0.331556148,3000.0,12,0,0,0,0.0,0.658912
1,0.366772901,54,1,0.453672844,7500.0,21,0,1,0,0.0,0.3588711
0,0.3381883,40,0,0.189332248,2455.0,5,0,0,0,0.0,0.25366265
0,0.0,48,0,0.259968102,3761.0,4,0,0,0,1.0,0.12555231
0,0.016184175,78,0,0.057388522,5000.0,6,0,1,0,0.0,0.03742193
0,0.9999999,57,1,0.445652174,2299.0,4,0,2,0,1.0,0.66488975
0,0.127657447,46,0,0.481825909,20000.0,15,0,4,1,2.0,0.6729255
0,0.003722119,50,0,0.923845194,800.0,5,0,1,0,0.0,0.052078933
0,0.1179941,47,0,0.248352907,3490.0,4,0,0,0,0.0,0.16978243
0,0.013160866,55,0,0.302696753,5450.0,15,0,4,0,0.0,0.1399618
0,0.036220881,72,0,0.064983754,4000.0,8,0,1,0,0.0,0.037933927
0,0.0,43,1,0.402134472,4684.0,10,0,1,0,0.0,0.29186043
0,0.004595129,52,0,0.39095856,7166.0,7,0,1,0,0.0,0.06832482
0,0.089157618,77,0,0.025446296,10138.0,16,0,0,0,1.0,0.06847964
0,0.11590613,61,0,0.021476393,11500.0,9,0,0,0,0.0,0.13484524
0,0.043461431,53,0,0.317954578,7000.0,9,0,2,0,1.0,0.1530106
1,0.9999999,37,0,0.0,1200.0,0,0,0,0,1.0,0.77355754
0,0.033751487,42,2,0.749470713,4250.0,19,0,2,0,2.0,0.6396774
0,0.010524868,67,0,0.136020977,3050.0,8,0,0,0,0.0,0.14538208
0,0.038851593,55,0,0.0019995,4000.0,2,0,0,0,0.0,0.074212514
0,0.421459371,51,1,0.432048415,7600.0,26,0,1,0,3.0,0.52579963
0,0.116026787,64,0,0.368926215,1666.0,10,0,0,0,0.0,0.2703779
0,0.0445764,61,0,37.5,1.0,4,0,0,0,0.0,0.0399583
0,0.053165401,64,0,0.014397906,4583.0,6,0,0,0,0.0,0.062768586
0,0.291423619,44,0,0.573458283,6615.0,17,0,1,0,1.0,0.25635353
1,0.775522569,32,1,0.129103188,6366.0,5,1,0,0,1.0,0.86846757
0,0.0,49,0,0.342692585,4166.0,7,0,2,0,3.0,0.15006723
0,0.049738902,44,0,1.114876508,1740.0,18,0,3,0,0.0,0.4233921
1,0.960914073,40,0,0.467029973,5504.0,7,0,1,0,0.0,0.51179814
0,0.149578796,69,0,0.008386015,7750.0,4,0,0,0,0.0,0.055264466
0,0.033249814,54,0,0.008096404,5310.0,4,0,0,0,0.0,0.08350156
0,0.240016256,53,0,0.441093151,6000.0,12,0,1,0,0.0,0.24474816
0,0.262000668,56,0,0.362211396,4720.0,9,0,2,0,0.0,0.2092636
0,0.008737352,68,0,0.209965006,6000.0,28,0,1,0,0.0,0.07411313
0,0.130179364,61,0,0.259310857,10766.0,6,0,1,0,0.0,0.04337373
0,0.003873399,65,0,0.000946074,12683.0,12,0,0,0,2.0,0.04655046
0,0.390247836,83,0,0.13018598,3494.0,5,0,0,0,0.0,0.2396752
0,0.05094471,67,0,0.390509954,11000.0,27,0,2,0,0.0,0.14273229
0,0.701732213,31,0,0.735243222,5200.0,8,0,2,0,3.0,0.63890225
0,0.604039048,39,0,0.447078989,7000.0,8,0,2,0,4.0,0.35067803
0,0.732664267,39,0,0.449589148,7666.0,16,0,1,0,1.0,0.567874
0,0.0,68,0,0.407530823,3000.0,5,0,1,0,0.0,0.09384785
0,1.015873016,28,0,0.165846803,2845.0,2,0,0,1,0.0,0.85031843
0,0.0,69,0,0.284428893,4000.0,9,0,1,0,1.0,0.049746796
0,0.4975005,45,0,0.766706444,1675.0,2,0,1,0,2.0,0.3566781
0,0.875874942,56,0,0.071566317,14000.0,6,0,0,1,1.0,0.7498466
0,0.101499423,48,0,0.29142781,7500.0,14,0,1,0,4.0,0.10222484
0,0.123407088,39,1,0.871179663,3500.0,12,0,2,0,2.0,0.4726298
0,0.914834066,67,0,0.081134402,4054.0,5,0,0,0,0.0,0.34580985
0,0.899613385,47,0,0.134711525,7400.0,6,0,0,0,2.0,0.60694295
0,0.187512931,63,0,0.341514089,7700.0,15,0,2,0,0.0,0.1994333
0,0.004316443,58,0,0.021662655,5400.0,6,0,0,0,0.0,0.09331877
0,0.552091948,51,1,0.906623817,5600.0,9,0,1,0,3.0,0.64488626
0,0.955770208,47,1,0.359375,3583.0,7,0,0,0,0.0,0.7562917
0,0.492075858,64,0,0.720909886,8000.0,24,0,2,0,0.0,0.37858397
0,0.00088879,56,0,0.273525164,9000.0,5,0,2,0,0.0,0.072206065
0,0.698670032,56,0,0.113653968,14200.0,9,0,1,0,3.0,0.34646213
0,0.313413446,46,0,0.462553745,10000.0,10,0,2,0,2.0,0.27172926
0,0.868103995,76,0,0.406167864,5706.0,9,0,1,0,0.0,0.41088843
0,0.767270301,33,0,0.338389933,5800.0,10,0,0,0,3.0,0.5719501
0,0.999086996,61,1,0.20335333,6500.0,6,0,0,0,0.0,0.6625638
0,0.706594886,38,0,0.230368311,2877.0,3,0,0,0,0.0,0.45182815
0,0.9999999,45,0,1.033251663,2856.0,2,0,1,0,0.0,0.55970937
0,0.062548958,66,0,0.321331743,9220.0,8,0,3,0,0.0,0.10083077
0,0.862752249,46,3,0.310639054,11250.0,7,0,2,0,2.0,0.72401816
0,0.25144605,58,0,0.504038394,8542.0,8,0,2,0,0.0,0.1225233
0,0.9999999,26,0,0.0,3300.0,0,0,0,0,0.0,0.6028474
0,0.216271744,66,0,0.199710913,4150.0,2,1,0,1,0.0,0.8068482
0,0.007867041,71,0,0.002474023,8083.0,9,0,0,0,0.0,0.034753937
0,0.596907273,49,0,0.591065292,3200.0,12,0,2,0,1.0,0.5412164
0,0.803312899,44,1,0.587281571,5550.0,7,0,1,1,0.0,0.83591306
0,0.066746617,35,0,0.402213038,7500.0,12,0,2,0,1.0,0.36280978
0,0.705168606,40,0,0.339288095,7500.0,7,0,1,0,0.0,0.39507344
0,0.022083792,53,0,0.205970576,7000.0,10,0,1,0,2.0,0.09999648
0,0.9999999,41,0,0.0,4850.0,1,1,0,0,1.0,0.79322875
0,0.0,74,0,0.0,3000.0,4,0,0,0,0.0,0.036444403
0,0.008617746,75,0,0.006576475,5321.0,7,0,0,0,0.0,0.022583665
0,0.040244916,51,0,0.080414871,7423.0,5,0,0,0,3.0,0.06479208
0,0.029321635,44,0,0.540245975,10000.0,11,0,2,0,2.0,0.16858596
1,0.511395442,30,0,0.205544287,1478.0,2,0,0,0,0.0,0.4098289
0,0.360511398,57,0,0.559327731,5949.0,11,0,1,0,0.0,0.28299037
0,0.57079093,25,1,0.09781703,6000.0,6,0,0,0,1.0,0.43149704
0,0.352102994,32,0,0.243817787,2304.0,3,0,0,0,0.0,0.23635173
0,0.781309118,44,0,1605.0,1.0,8,0,2,0,0.0,0.29165888
0,0.075398521,55,1,0.082197945,40000.0,6,0,1,0,3.0,0.14799432
0,0.089205574,31,0,0.054789042,5000.0,4,0,0,0,0.0,0.103959225
0,0.9999999,45,1,0.098047449,4762.0,1,2,0,0,4.0,0.89867336
0,0.004831425,62,0,0.205622696,11666.0,13,0,1,0,0.0,0.05936169
0,0.471731254,57,0,0.271027122,10212.0,30,0,1,0,3.0,0.32035643
0,0.235288696,61,0,0.407274468,4178.0,7,0,2,0,0.0,0.17166132
0,0.045012534,49,0,0.031860311,12083.0,11,0,1,0,0.0,0.06873691
0,0.239199109,53,1,0.106385815,7500.0,8,0,0,0,0.0,0.44234306
0,0.450920901,33,0,0.394960504,10000.0,15,0,2,0,0.0,0.4536358
0,0.002999824,40,1,0.377132102,8500.0,7,0,1,0,0.0,0.29597563
0,0.289826392,33,0,0.439778496,6500.0,10,0,2,0,2.0,0.3004912
0,0.9999999,22,0,0.0,1440.0,0,0,0,0,0.0,0.38057247
0,0.9999999,69,0,0.139753802,29000.0,10,0,2,0,0.0,0.1489631
0,0.0,50,0,0.370115266,7113.0,14,0,2,0,1.0,0.18286785
1,0.951351048,54,1,0.141169854,5333.0,9,0,0,0,4.0,0.75545806
0,0.271854296,32,0,0.161674518,11250.0,9,0,0,0,2.0,0.14319022
0,0.564343948,44,1,0.137375906,3726.0,7,0,0,0,3.0,0.64010656
0,0.283589551,53,2,0.980679547,1500.0,7,0,1,0,0.0,0.5921713
0,0.006914224,45,0,0.150722374,5121.0,16,0,0,0,0.0,0.07375865
1,1.0085156,59,1,2.219737309,5633.0,23,0,4,0,0.0,0.9065075
0,0.057691724,50,0,0.352464941,6916.0,11,0,1,0,1.0,0.09635375
0,0.067273542,36,0,0.057359832,6188.0,6,0,0,0,0.0,0.12983781
0,0.811514089,45,2,0.53104338,6200.0,10,0,1,0,1.0,0.8267214
0,0.517589506,47,0,1.184792487,3300.0,14,0,2,0,0.0,0.65060157
1,0.9999999,38,0,0.0,4791.0,0,0,0,0,1.0,0.7027694
0,0.815909193,70,0,0.240606252,3166.0,6,0,0,0,0.0,0.34427205
0,0.341328634,48,0,0.577299683,7250.0,14,0,2,0,2.0,0.3609309
0,0.395860414,46,0,0.506828528,3953.0,9,0,2,0,1.0,0.27253613
0,0.223591854,41,0,0.643197459,11333.0,14,0,7,0,0.0,0.5337339
0,0.934488257,68,0,1.087550607,1975.0,6,0,1,0,0.0,0.25718302
0,0.226837169,68,0,0.241310351,10500.0,12,0,1,0,0.0,0.0820968
0,0.594474858,42,0,0.205082078,8893.0,14,0,1,0,0.0,0.3864744
0,0.009456871,44,0,0.4191548,4353.0,9,0,1,0,2.0,0.08194871
0,0.024726864,73,0,0.354651163,2235.0,9,0,1,0,0.0,0.12063696
0,0.109611299,72,0,0.012993503,2000.0,3,0,0,0,0.0,0.05518792
0,0.030592918,44,0,0.013194722,2500.0,7,0,0,0,0.0,0.146876
0,0.067645057,45,0,0.213964339,6000.0,17,0,0,0,4.0,0.17876598
0,0.255580331,40,0,0.445620438,2739.0,11,0,1,0,2.0,0.34419
0,0.214991118,52,0,0.27256271,3866.0,12,0,1,0,1.0,0.20267002
0,0.35632108,35,0,1.18330652,10566.0,23,0,4,0,1.0,0.8260671
0,0.019950493,48,0,0.240139616,5729.0,7,0,1,0,0.0,0.07506494
0,0.0,63,0,0.080255966,7500.0,9,0,1,0,2.0,0.08337226
0,0.0,32,0,0.001129305,1770.0,6,0,0,0,0.0,0.1853574
0,0.25072792,43,0,0.666223404,10527.0,6,0,2,0,2.0,0.21035396
0,0.127587241,59,0,0.399492613,6700.0,7,0,1,0,2.0,0.07692101
0,0.014604538,76,0,0.126291236,6001.0,11,0,1,0,0.0,0.060413577
0,0.029785289,57,0,0.083993539,13000.0,5,0,1,0,3.0,0.02466774
0,0.022144178,58,0,0.60689885,6000.0,10,0,1,0,0.0,0.09561322
0,0.703627004,37,1,1.237175217,1500.0,8,0,1,0,4.0,0.6823516
0,0.031659367,60,0,0.170069855,7443.0,11,0,1,0,3.0,0.06759378
0,0.138071281,50,0,0.674865027,3333.0,16,0,1,0,1.0,0.1746331
0,0.024926221,40,0,0.169198449,12375.0,7,0,1,0,0.0,0.047755446
0,0.069902736,35,0,0.433044637,1500.0,5,0,1,0,0.0,0.22893013
0,0.015155866,72,0,0.151962009,4000.0,12,0,1,0,1.0,0.048096824
0,0.13588068,42,0,0.296808656,7300.0,11,0,1,0,2.0,0.17091726
1,1.730538922,39,2,0.124753034,3542.0,2,1,0,0,2.0,0.92627513
0,0.9999999,38,0,0.0,6872.0,4,0,0,0,0.0,0.37967584
0,0.053469463,69,0,91.5,1.0,11,0,0,0,0.0,0.13362995
0,0.519447379,61,0,0.68149817,3550.0,9,0,1,0,1.0,0.33666345
0,0.033284129,65,0,0.003029844,6600.0,5,0,0,0,0.0,0.050892696
0,0.224315345,59,0,0.256836276,8666.0,6,0,1,0,2.0,0.08461805
0,0.502588469,34,0,0.248226538,17197.0,6,0,2,0,1.0,0.30323952
1,0.35711944,71,0,2.768007271,4400.0,13,0,8,0,0.0,0.68185896
0,0.158817102,57,0,0.19985884,8500.0,7,0,1,0,0.0,0.11590407
0,0.059567174,29,1,0.25014997,6667.0,3,0,2,0,0.0,0.22018626
0,0.828085957,50,3,0.038971638,4900.0,7,0,0,3,0.0,0.86372066
0,0.969297433,48,0,0.287277219,17000.0,7,0,2,0,3.0,0.33704722
0,0.353613253,56,0,0.51867394,2382.0,3,0,1,0,0.0,0.20655978
0,0.003622935,55,0,0.159222931,10500.0,14,0,1,0,1.0,0.07824989
0,0.000381674,63,0,0.20118725,7748.0,13,0,1,0,1.0,0.08269772
0,0.351751081,38,0,0.171092101,9000.0,4,0,0,0,0.0,0.21765624
0,0.011549711,52,0,0.298558363,6450.0,11,0,2,0,1.0,0.13093872
1,0.172375976,43,1,0.277226689,9576.0,8,0,1,0,2.0,0.42363396
0,0.021174471,58,0,0.16089613,7855.0,9,0,1,0,0.0,0.07599997
1,0.353858457,50,0,0.938530735,2000.0,5,0,1,0,1.0,0.29030982
0,0.373905821,63,1,0.30333855,3833.0,8,0,1,0,0.0,0.37540108
0,0.001363574,60,0,0.114412663,3600.0,2,0,1,0,0.0,0.091958396
0,0.03967061,51,0,0.258563728,5750.0,7,0,1,0,1.0,0.06494792
0,0.41156231,32,0,0.320957862,16160.0,11,0,2,0,2.0,0.4634243
0,0.190675583,41,0,0.09007808,5250.0,5,0,0,0,1.0,0.18413238
0,0.012627396,46,1,0.578778992,3750.0,11,0,2,0,1.0,0.44312772
0,0.247025099,38,0,0.225137082,9300.0,3,0,2,0,4.0,0.19905365
0,0.020219157,74,0,0.10286603,4500.0,7,0,0,0,1.0,0.048708092
0,0.001599893,62,0,0.0,2600.0,1,0,0,0,0.0,0.045822233
0,0.0,42,0,0.032715376,2750.0,2,0,0,0,0.0,0.18044065
0,0.517920991,55,0,0.847603441,2440.0,8,0,1,0,0.0,0.323481
0,0.907328917,30,0,0.327253595,2850.0,5,0,0,0,0.0,0.53397363
0,0.011986243,77,0,0.010284245,7000.0,21,0,0,0,0.0,0.117188334
0,0.9999999,51,0,0.3207688,5358.0,5,0,2,0,0.0,0.43052864
0,0.012286816,75,0,0.009998182,5500.0,9,0,0,0,0.0,0.0510378
1,0.922467459,52,0,0.098485408,13534.0,8,6,0,2,4.0,0.9418862
0,0.022179036,55,0,0.41469319,9500.0,8,0,2,0,3.0,0.08418121
0,0.061113895,61,0,0.225534673,13886.0,9,0,2,0,0.0,0.06536729
0,0.069155767,59,0,0.210925166,3166.0,8,0,1,0,0.0,0.10898146
0,0.008640055,54,0,0.259770951,5500.0,18,0,1,0,3.0,0.1039219
0,0.554636662,53,0,0.241168971,40000.0,14,0,2,0,3.0,0.3240187
0,0.07583204,37,0,0.460476976,6666.0,22,0,2,0,2.0,0.24500014
0,0.714546823,48,0,0.040653728,4894.0,3,0,0,0,0.0,0.5133945
0,0.598366803,81,0,0.084582853,2600.0,8,0,0,0,0.0,0.29743052
0,0.535955143,34,0,0.192955769,8545.0,5,0,0,0,0.0,0.35774907
0,0.011899109,41,0,0.250774923,10000.0,6,0,1,0,2.0,0.090534404
0,0.238631993,46,0,0.296088406,5700.0,8,0,1,0,0.0,0.16791216
0,0.014491218,60,0,0.010639645,7894.0,8,0,0,0,0.0,0.1177553
0,0.0,39,0,2.665497076,854.0,6,0,1,0,3.0,0.10478239
0,0.263018692,62,0,0.325434913,3333.0,17,0,0,0,0.0,0.18827721
0,0.987872177,64,0,0.280057595,12500.0,8,0,0,0,2.0,0.2959103
0,0.013142245,68,0,0.118909091,2749.0,11,0,1,0,0.0,0.08061665
0,0.212893553,41,0,0.118631032,5200.0,5,0,0,0,0.0,0.15669982
0,0.006779776,64,0,0.048366469,8600.0,11,0,0,0,1.0,0.10234016
0,0.026098793,56,0,0.313206077,7700.0,12,0,2,0,0.0,0.086159155
0,1.050757071,41,1,0.63203296,7766.0,8,0,1,0,2.0,0.8597133
1,0.9999999,31,0,0.250277675,2700.0,2,0,0,0,0.0,0.4958766
0,0.429871057,48,4,0.393672199,5783.0,8,0,1,0,1.0,0.68328214
0,0.980348587,60,3,0.75044991,5000.0,10,0,2,0,0.0,0.8745707
1,0.641354589,54,4,0.587639574,3850.0,8,0,1,2,1.0,0.9201481
1,0.023629043,33,0,0.319518453,5066.0,15,0,2,0,0.0,0.32636943
0,0.286211169,46,1,5.844311377,333.0,8,0,2,0,2.0,0.23614098
0,0.057515371,81,0,0.033049934,8350.0,18,0,0,0,1.0,0.041570798
0,0.031660232,62,0,0.528188725,2500.0,9,0,2,0,0.0,0.18627156
0,0.05946451,44,0,0.048496969,16000.0,14,0,0,0,0.0,0.102752246
0,0.031670925,26,0,0.020970874,2574.0,5,0,0,0,0.0,0.1327634
0,0.177555726,26,0,0.074405787,2902.0,3,0,0,0,0.0,0.22484449
0,0.0006981,53,0,0.128989251,12000.0,6,0,1,0,0.0,0.065126196
0,0.01258945,77,0,0.320176823,3166.0,13,0,2,0,0.0,0.09614712
0,0.100220951,76,0,0.137701277,1800.0,4,0,0,0,0.0,0.075663425
0,0.301479408,55,0,0.522229313,4700.0,12,0,3,0,1.0,0.3570435
0,0.000857131,68,0,0.000181785,5500.0,2,0,0,0,0.0,0.021890203
0,0.850285989,38,0,0.115985034,7750.0,4,0,0,0,1.0,0.48504686
0,0.015651796,47,0,0.289869123,4125.0,7,0,1,0,0.0,0.09293707
0,0.430914227,55,0,0.182741627,9942.0,4,0,1,0,0.0,0.19335575
0,0.018019527,73,0,0.013997201,5000.0,10,0,0,0,1.0,0.05596793
0,0.704318937,41,0,0.096618357,6416.0,2,6,0,1,2.0,0.95252806
0,0.559723653,36,0,0.407671316,6595.0,10,0,1,0,1.0,0.43532133
0,0.830926042,59,0,1.217010632,1598.0,18,0,1,0,0.0,0.65419644
0,0.990467031,65,1,0.641543563,3316.0,15,0,1,0,0.0,0.7774029
0,0.0,55,0,0.0,750.0,1,0,0,0,1.0,0.23267734
0,0.117022366,74,2,0.616191904,2000.0,7,0,1,0,0.0,0.4966904
0,0.292523583,62,0,0.798360082,20000.0,19,0,9,0,4.0,0.14888494
0,0.029174271,37,0,1.414868106,1250.0,3,0,1,0,0.0,0.12544188
0,0.9999999,33,0,0.101752678,6161.0,4,0,0,0,1.0,0.5565303
1,0.9999999,57,0,1.366861436,9583.0,9,0,5,0,0.0,0.858714
0,0.540876275,58,0,0.765474817,2600.0,12,0,1,0,0.0,0.4279923
1,0.455981941,36,0,0.518824836,8100.0,12,1,1,0,2.0,0.7894124
0,0.542555026,41,0,0.348508151,3250.0,6,0,0,0,2.0,0.4501488
0,0.12518939,46,0,0.294282287,2500.0,7,0,0,0,1.0,0.2101676
0,1.006371247,60,0,0.293594111,9100.0,5,0,1,0,0.0,0.3881977
0,0.017244805,72,0,0.008220395,4500.0,5,0,0,0,0.0,0.014765161
0,0.024315278,56,0,0.00679864,5000.0,5,0,0,0,0.0,0.08193745
0,0.66556817,47,0,0.417305023,19450.0,19,0,3,0,2.0,0.5619883
0,0.984800608,59,5,0.524725275,8371.0,9,0,2,0,1.0,0.81188697
0,0.294202794,43,0,0.838199931,2910.0,5,0,1,0,0.0,0.24796066
0,0.175686311,59,0,0.03700033,3026.0,6,0,0,0,0.0,0.27151856
0,0.050834087,41,0,0.007679386,8333.0,2,0,0,0,0.0,0.07470726
0,0.019959744,64,0,0.090119368,16000.0,13,0,1,0,1.0,0.03725848
0,0.288427893,64,0,0.408212238,7500.0,6,0,1,0,1.0,0.08590015
0,0.586079863,48,0,0.104712042,2864.0,5,0,0,0,3.0,0.47841015
0,0.8946654,49,0,0.390801314,7000.0,14,1,1,0,1.0,0.8231024
0,0.014627343,36,0,0.246197017,13541.0,9,0,1,0,1.0,0.11219228
0,1.02740487,59,0,0.31436475,5060.0,5,0,1,0,0.0,0.46160975
0,0.075056906,63,1,0.025444766,4833.0,10,0,0,0,1.0,0.31114706
0,0.131623341,72,0,0.018504388,10483.0,3,0,0,0,0.0,0.040555764
1,0.696521391,26,2,0.475873544,600.0,5,0,0,0,0.0,0.6404048
0,0.9999999,32,0,0.105964678,3000.0,2,2,0,0,1.0,0.9066996
0,0.171041448,39,0,0.20804558,11583.0,5,0,3,0,3.0,0.06478109
0,0.043619346,44,0,0.561348379,7000.0,9,0,2,0,2.0,0.18662205
0,0.159116246,91,0,0.184123484,1813.0,6,0,0,0,0.0,0.04823396
0,0.080491951,76,0,0.005578801,4301.0,5,0,0,0,0.0,0.0368374
0,0.066774042,69,0,0.019320453,1500.0,4,0,0,0,0.0,0.056848854
0,0.686017929,39,0,0.287622313,14000.0,19,0,1,0,0.0,0.5366186
0,0.512414904,26,0,0.173837311,5740.0,13,0,0,0,0.0,0.3643283
0,0.106322487,71,0,0.279087914,11533.0,11,0,2,0,0.0,0.06377306
0,0.067015234,57,0,0.230615399,11000.0,7,0,1,0,3.0,0.04961971
0,0.369087095,58,0,0.436412717,3333.0,9,0,2,0,0.0,0.18114866
0,0.013288298,54,0,0.226239067,3429.0,21,0,2,0,0.0,0.22937149
0,0.525768048,45,0,0.497071847,7000.0,8,0,1,0,1.0,0.3140115
0,0.0,63,0,1.051404093,2100.0,4,0,2,0,0.0,0.2162045
0,0.001586862,58,0,0.209158168,5000.0,8,0,2,0,1.0,0.052156128
0,0.010510489,69,0,0.068417957,5100.0,6,0,1,0,0.0,0.02419143
1,0.999613153,54,2,0.27112148,6000.0,4,1,1,0,0.0,0.9311511
0,0.148024446,56,0,0.69168607,7300.0,10,0,1,0,0.0,0.16612737
0,0.968659873,43,0,0.073398784,2138.0,12,0,0,0,2.0,0.74726254
0,0.216212067,42,0,0.663120567,2255.0,7,0,1,0,0.0,0.21370329
0,0.406597105,62,0,0.429406037,6161.0,16,0,0,0,1.0,0.27492785
0,0.030902597,53,0,0.753541076,6000.0,10,0,2,0,2.0,0.22130692
0,0.055144831,35,0,0.162405371,7000.0,4,0,0,0,3.0,0.10224309
0,0.596131881,50,1,0.385910676,30405.0,34,0,4,0,3.0,0.6546789
0,0.020483458,67,0,0.007246377,4001.0,4,0,0,0,0.0,0.0273205
0,0.111202433,47,0,0.341433318,10534.0,6,0,1,0,3.0,0.048890397
0,0.479091626,48,0,0.444774909,7396.0,12,0,1,1,2.0,0.6013015
0,0.344242047,52,0,0.49032212,14000.0,9,0,1,0,0.0,0.2947761
1,0.9999999,62,1,2150.0,0.0,4,0,2,0,0.0,0.637244
0,0.016970596,61,1,0.099215505,4333.0,13,0,0,0,4.0,0.22604436
0,0.74385123,58,0,0.06637733,3916.0,3,0,0,0,1.0,0.4835325
1,0.351511422,31,1,0.259513984,2180.0,4,0,0,0,0.0,0.42697474
0,0.238278248,29,1,0.054877231,7452.0,5,0,0,0,0.0,0.32180664
0,0.062149815,46,1,0.135316699,2083.0,4,0,0,0,3.0,0.48514965
0,0.394297644,42,0,0.401802247,8100.0,15,0,4,0,1.0,0.44239038
0,0.0,38,0,0.058992626,8000.0,2,0,0,0,0.0,0.08268821
0,0.75784843,33,0,0.117687075,2939.0,3,1,0,0,0.0,0.77129406
0,0.025459356,63,0,0.326794591,18708.0,30,0,3,0,1.0,0.09325687
0,0.349498941,55,0,0.370691856,7833.0,10,0,1,0,0.0,0.21773124
0,0.222539929,53,0,0.483476812,3600.0,5,0,1,0,1.0,0.1607751
0,0.421578422,35,2,0.119968009,3750.0,8,4,0,0,0.0,0.9225505
0,0.162324144,46,0,0.189245375,14430.0,13,0,1,0,3.0,0.11833731
0,0.0,48,0,0.164580401,13500.0,10,0,2,0,1.0,0.09830146
0,0.083656881,55,0,0.322435807,7126.0,6,0,1,0,1.0,0.09345954
0,0.068736347,43,0,0.182925266,7800.0,3,0,1,0,2.0,0.10778031
0,0.0,46,1,0.247081712,6681.0,10,0,1,0,4.0,0.2981239
1,0.625687156,39,3,1.321861557,2556.0,6,1,1,2,1.0,0.95628154
0,0.228493987,56,0,0.306564342,7296.0,9,0,2,0,0.0,0.1340772
0,0.105763141,54,0,0.110842646,13243.0,4,0,1,0,0.0,0.037981786
0,0.075188926,52,0,0.533352378,7000.0,11,0,1,0,1.0,0.14121793
0,0.747649731,59,1,0.583119736,10923.0,7,0,1,0,1.0,0.49613366
0,0.568832349,29,0,89.0,0.0,2,0,0,0,0.0,0.2775298
0,0.412849011,48,3,0.280169058,8990.0,11,0,1,0,5.0,0.6838813
0,0.621221011,66,0,0.654644919,9870.0,19,0,1,0,0.0,0.43177396
0,0.635578752,53,0,0.38988155,4980.0,6,0,2,0,0.0,0.3488069
0,0.387687188,26,2,0.130921209,4200.0,6,0,0,1,1.0,0.8811277
0,0.025780444,101,0,0.013797241,1666.0,5,0,0,0,0.0,0.1004675
0,0.249763061,40,0,0.292486877,6095.0,6,0,2,0,3.0,0.16369456
0,0.337388426,39,0,0.333611065,6000.0,6,0,2,0,0.0,0.2547525
0,0.366185701,54,0,0.756097561,3771.0,11,0,1,0,1.0,0.29576483
0,0.504481616,59,0,0.691609977,4850.0,9,0,3,0,0.0,0.38590404
0,0.533884028,38,0,0.50764847,6667.0,10,0,2,0,2.0,0.42663914
0,0.9999999,75,0,0.069489894,5194.0,2,0,0,0,0.0,0.30446988
0,0.01699915,63,0,0.05970483,4471.0,2,0,0,0,0.0,0.04345768
0,0.870156261,64,1,0.625116651,7500.0,23,0,2,1,1.0,0.8167987
0,0.075696556,33,0,0.126752221,5064.0,5,0,0,0,0.0,0.10319586
0,0.253479555,42,0,0.562527045,2310.0,9,0,1,0,0.0,0.32702756
0,0.102254022,60,0,0.19666374,13667.0,12,0,2,0,2.0,0.037651617
0,0.248875112,38,0,0.028994201,5000.0,3,0,0,0,0.0,0.17899787
0,0.0,50,0,0.395892755,5258.0,16,0,0,0,2.0,0.084518544
0,0.9999999,65,0,0.167802832,3813.0,2,0,1,2,1.0,0.8345864
0,0.197965009,42,2,0.363510712,5787.0,13,0,1,0,2.0,0.46719298
0,0.665173572,54,0,0.166102842,2955.0,3,0,0,0,0.0,0.44413215
0,0.126258696,96,0,0.040494938,8000.0,9,0,0,0,0.0,0.05291719
0,0.068897552,55,0,0.16980789,16500.0,7,0,1,0,1.0,0.04643482
0,0.095761898,60,0,0.182629517,9187.0,9,0,2,0,0.0,0.070571326
0,0.004099863,80,0,0.000743679,4033.0,2,0,0,0,0.0,0.00821355
0,0.880918591,44,1,0.869096509,3895.0,4,2,1,0,0.0,0.9183143
0,0.34590552,62,0,0.493168944,3000.0,16,0,0,0,0.0,0.3644057
0,0.0,63,0,0.282968042,8166.0,3,0,1,0,1.0,0.1232987
0,0.01909729,72,0,0.080255966,7500.0,3,0,1,0,1.0,0.036689904
0,0.231038456,55,0,0.043241773,7353.0,7,0,0,0,0.0,0.24828124
0,0.224320871,45,0,0.544829741,3200.0,4,0,1,0,0.0,0.22808553
0,0.236133275,51,1,0.414228829,18834.0,15,0,2,0,1.0,0.47672984
0,0.264286786,70,0,0.277747699,5540.0,5,0,1,0,1.0,0.1159275
0,0.074056714,28,0,0.153369326,5000.0,6,0,0,0,0.0,0.17181596
0,0.805287788,45,0,0.350012244,12250.0,5,0,2,0,2.0,0.2577942
0,1.177217137,44,0,0.078505314,5833.0,6,0,0,0,0.0,0.5782644
1,0.0,55,0,0.810277957,3093.0,9,0,2,0,0.0,0.3361697
0,0.044538263,53,0,0.421710409,5600.0,13,0,1,1,2.0,0.50288266
0,0.002067869,49,0,0.000545355,5500.0,5,0,0,0,0.0,0.029374108
0,0.644392299,58,0,1.423728814,2300.0,12,0,1,0,0.0,0.48948455
0,0.9999999,38,1,0.962229217,5400.0,15,0,2,0,2.0,0.8861524
0,0.0,81,0,0.0,2400.0,6,0,0,0,0.0,0.021389594
1,0.346690354,53,0,0.481981462,26000.0,18,0,7,0,1.0,0.7116582
0,0.852026904,31,0,0.482398957,2300.0,7,0,0,0,2.0,0.59516054
0,0.38863857,63,0,0.334466553,10000.0,20,0,0,0,0.0,0.32866508
0,0.24513067,51,0,0.536774862,5791.0,14,0,2,0,0.0,0.29258537
0,0.067649406,29,0,0.84729064,3450.0,10,0,2,0,0.0,0.3976842
0,0.9999999,47,0,0.139912555,1600.0,1,0,0,0,0.0,0.6714374
0,0.007520402,45,0,0.080991901,10000.0,12,0,0,0,3.0,0.11144086
0,0.688671975,49,0,0.379961278,4131.0,7,0,1,0,2.0,0.38865435
0,0.673531826,47,0,1.01749514,3600.0,7,0,2,0,1.0,0.4880856
0,0.007497917,32,1,0.094283593,4040.0,2,0,0,0,1.0,0.25687385
0,0.282341078,37,0,0.170753323,3384.0,3,0,0,0,0.0,0.12947299
0,0.06137966,53,0,0.469829297,10075.0,10,0,2,0,1.0,0.18942276
0,0.0,44,0,0.871170623,4928.0,10,0,2,0,2.0,0.2608586
0,0.9999999,55,0,0.008883953,1800.0,0,1,0,0,0.0,0.88819104
0,0.0,63,0,0.0,5000.0,1,0,0,0,0.0,0.09972569
0,0.005334914,48,0,0.068206424,5541.0,8,0,0,0,0.0,0.06716365
0,0.536612778,60,0,0.274921688,5426.0,17,0,1,0,0.0,0.3606235
0,0.045926651,63,0,0.023990404,2500.0,11,0,0,0,0.0,0.20576142
0,0.010092554,37,0,0.003128259,1917.0,3,0,0,0,0.0,0.07870318
0,0.009499525,45,0,0.001769912,2824.0,1,0,0,0,0.0,0.080640465
0,0.020561223,68,0,0.297687359,5750.0,10,0,1,0,1.0,0.041503746
0,0.412398622,28,0,0.037259615,4991.0,5,0,0,0,0.0,0.35589683
0,0.137482815,26,0,33.0,0.0,1,0,0,0,0.0,0.065072104
0,0.348070295,34,1,0.476508121,3447.0,5,0,1,0,3.0,0.46914467
0,0.008838005,59,0,0.231208735,7875.0,11,0,1,0,0.0,0.06573178
0,0.057464775,53,0,1592.0,0.0,15,0,1,0,0.0,0.08695348
0,0.008966049,74,0,0.178102551,4036.0,18,0,1,0,1.0,0.062301166
0,0.142030346,52,0,0.598436648,5500.0,18,0,3,0,0.0,0.3723721
0,0.009220777,43,0,0.163059005,9100.0,12,0,1,0,2.0,0.06786687
0,0.207356867,61,0,1.874250167,4500.0,16,0,2,0,0.0,0.31421533
0,0.9999999,25,0,0.0,764.0,1,0,0,0,0.0,0.44959158
0,0.374651093,37,0,4539.0,0.0,11,0,1,0,2.0,0.15624838
1,0.626481574,46,0,0.738863057,13333.0,21,0,11,0,0.0,0.8013502
0,0.404397379,28,0,0.396059982,3400.0,8,0,0,0,0.0,0.354338
0,0.0,29,0,0.047031158,1700.0,2,0,0,0,1.0,0.290062
0,0.008724267,56,0,1.535464535,1000.0,13,0,1,0,0.0,0.109313846
0,0.019797308,80,0,0.006498375,4000.0,7,0,0,0,0.0,0.026815712
0,0.014495094,54,0,0.149053992,6500.0,9,0,1,0,3.0,0.09958423
0,0.121704503,63,1,0.066733317,4000.0,13,1,0,0,0.0,0.7742613
0,0.509132927,43,0,0.220995656,14040.0,4,0,1,0,0.0,0.18378772
0,0.0,49,0,0.279394645,11166.0,7,0,2,0,0.0,0.11109258
0,0.462859697,63,0,0.27909759,5850.0,5,0,2,0,0.0,0.20942925
0,0.003799905,59,0,0.398802203,18700.0,9,0,3,0,2.0,0.08651523
0,1.0408754,56,0,0.44183078,5483.0,13,0,1,0,0.0,0.6624723
0,0.056062983,54,0,0.228783833,19100.0,14,0,2,0,1.0,0.06919258
0,0.145124125,35,1,0.273748076,11042.0,8,0,2,0,2.0,0.23644865
0,0.01135253,23,0,0.042102493,15200.0,3,0,0,0,2.0,0.29105258
0,0.014016617,64,0,0.108944954,2615.0,10,0,0,0,2.0,0.20502588
0,0.744353643,54,1,0.310362542,13625.0,12,0,2,0,1.0,0.5248229
0,0.199745266,45,0,0.134310948,6000.0,14,0,0,0,3.0,0.25062615
0,0.290040569,44,0,0.125043098,8700.0,5,0,0,0,1.0,0.17095742
0,0.037354292,32,0,0.062816139,8500.0,3,0,0,0,1.0,0.08739976
0,0.016161527,59,0,0.241747848,10572.0,7,0,2,1,0.0,0.26357245
0,0.80182391,59,0,0.537386805,3864.0,6,0,1,0,0.0,0.37497115
0,0.372914193,61,0,0.530791789,3750.0,7,0,1,0,0.0,0.17826083
0,0.015110901,58,0,0.281572404,18900.0,9,0,3,0,1.0,0.11878516
0,0.009829445,58,0,0.732394366,2200.0,7,0,1,0,0.0,0.10395267
0,0.252754618,64,0,0.099354045,3250.0,7,0,0,0,0.0,0.1960007
1,0.9999999,35,1,0.900911497,3400.0,6,0,2,0,0.0,0.74140847
0,0.036096303,45,0,0.679476422,5958.0,5,0,2,0,2.0,0.16844778
0,0.753046435,35,0,0.360238216,7891.0,11,0,2,0,0.0,0.53925043
0,0.156131705,52,0,0.126012756,5800.0,5,0,0,0,1.0,0.19992079
0,0.356926124,86,0,0.248846225,5416.0,12,0,0,0,0.0,0.22959591
0,0.475004545,33,1,0.357331822,5291.0,11,0,2,0,1.0,0.6199331
0,0.216826619,56,1,0.854103343,3618.0,16,0,3,0,2.0,0.5590101
0,0.220718472,53,0,0.68705036,1945.0,9,0,1,0,0.0,0.26986855
0,0.00181814,46,0,1.512349225,1740.0,10,0,3,0,0.0,0.30013278
0,0.148276645,54,1,238.5,1.0,8,0,0,0,1.0,0.23391582
0,0.01682039,50,0,0.129980003,6500.0,18,0,0,0,0.0,0.11435505
0,0.022070903,57,0,0.101911945,5700.0,5,0,0,0,0.0,0.055945296
0,0.043312328,25,0,0.0063226,6800.0,7,0,0,0,0.0,0.103603326
0,0.009396483,55,0,0.230802792,4583.0,18,0,1,0,0.0,0.1206967
0,0.951192951,32,0,0.253919301,3890.0,6,0,0,0,5.0,0.5127908
0,0.005801171,48,0,0.003259098,1840.0,7,0,0,0,0.0,0.073641844
0,0.700866089,25,0,0.113286131,2400.0,4,0,0,0,0.0,0.52194417
0,0.217281718,38,0,0.116202587,4560.0,6,0,0,0,2.0,0.20162368
0,0.0,61,0,0.124019697,5482.0,5,0,0,0,3.0,0.10816531
0,0.162915064,73,1,0.381340244,2700.0,12,0,0,0,1.0,0.50747234
0,0.809551347,38,0,0.332612807,3700.0,14,0,0,0,0.0,0.62286806
0,0.072487691,54,1,0.094714949,18750.0,9,0,1,0,1.0,0.22865255
0,0.005094019,26,0,0.242973708,3308.0,9,0,2,0,1.0,0.24514154
0,0.015619577,61,0,0.075560188,5756.0,7,0,0,0,0.0,0.08077177
0,0.184569575,32,0,0.431389975,5625.0,7,0,1,0,0.0,0.15224321
0,0.01392649,86,0,0.0094392,1800.0,3,0,0,0,0.0,0.024571864
0,0.011347607,52,0,0.39537812,13500.0,7,0,2,0,2.0,0.14206888
0,0.355205488,75,0,0.088962613,42500.0,16,0,2,0,1.0,0.08358879
0,0.063106707,39,0,0.21044088,15400.0,9,0,2,0,4.0,0.10115782
0,0.01249875,59,0,0.000426015,7041.0,2,0,0,0,2.0,0.13370137
0,0.657144762,62,0,0.175087757,9400.0,10,0,1,1,0.0,0.6817034
0,0.608737626,56,0,1.030262091,3700.0,17,0,1,0,1.0,0.52561516
0,0.084389306,66,0,0.075154627,8568.0,9,0,1,0,0.0,0.08088456
0,0.03092988,76,0,0.298197115,8319.0,16,0,2,0,0.0,0.10502536
1,0.255450308,83,0,0.011318619,5300.0,6,0,0,0,0.0,0.36939797
0,0.462399783,46,1,0.84503874,4000.0,9,0,1,0,1.0,0.58290565
0,0.9999999,27,0,0.145059966,1750.0,1,1,0,0,0.0,0.72697544
0,0.010029429,74,0,0.134178801,6386.0,12,0,1,0,0.0,0.059646152
0,0.082930734,68,0,0.488336868,3300.0,11,0,1,0,0.0,0.110925056
0,1.001303781,61,0,0.644407065,5944.0,11,0,1,0,2.0,0.5350304
0,0.004580777,43,0,0.326490887,5650.0,8,0,1,0,3.0,0.05626795
0,0.0,62,0,0.131519274,5291.0,6,0,1,0,0.0,0.097662255
1,0.495996232,61,7,0.087974864,3500.0,13,3,0,3,0.0,0.95645744
0,0.045734197,45,0,1.019992003,2500.0,16,0,2,0,0.0,0.28614306
0,0.0,57,0,0.324611033,4241.0,7,0,1,0,1.0,0.13724153
0,0.550494627,40,0,0.191643782,5097.0,9,1,1,0,2.0,0.80300105
0,0.0,80,0,0.345907928,3127.0,4,0,1,0,0.0,0.11628256
0,0.322330069,40,0,1.739977933,2718.0,12,0,2,0,1.0,0.5493233
0,0.0,52,1,0.0,5890.0,4,2,0,0,0.0,0.7115512
0,0.078300943,79,0,0.156670302,2750.0,4,0,1,0,0.0,0.058151115
0,0.196423421,47,1,0.401411557,6800.0,9,0,1,0,0.0,0.3742294
0,0.225231231,45,0,0.009366298,11850.0,2,0,0,0,4.0,0.07977757
0,1.020979021,26,0,30.0,0.0,1,0,0,0,0.0,0.3498855
0,0.284056414,54,0,0.103049125,7083.0,11,0,0,0,0.0,0.20388657
0,0.418990326,42,0,0.424164524,3500.0,6,0,1,0,0.0,0.25719604
0,0.000509236,70,0,0.010930351,3933.0,7,0,0,0,0.0,0.041610684
0,0.040747963,58,0,0.180246436,15500.0,7,0,2,0,0.0,0.04277364
0,0.305584692,43,0,0.505148515,5049.0,9,0,1,0,0.0,0.34395933
0,0.007199942,61,0,0.263983371,10583.0,14,0,1,0,0.0,0.06787697
0,0.004255543,65,0,0.331095558,7000.0,9,0,1,0,0.0,0.10782776
0,0.11812054,51,0,0.309822799,14333.0,18,0,3,0,2.0,0.24192491
0,0.414585415,28,0,0.002013761,5958.0,2,0,0,0,0.0,0.3919168
0,0.447639199,66,0,0.182636227,6000.0,5,0,1,0,0.0,0.15441366
0,0.540498603,43,0,0.230419633,6600.0,9,0,0,0,2.0,0.40463614
1,0.5052784,62,0,0.414859252,6500.0,23,0,0,0,2.0,0.46292487
0,0.02669733,67,0,0.016960651,1473.0,10,0,0,0,0.0,0.121338874
0,0.074913303,55,0,0.289338361,2916.0,11,0,1,0,0.0,0.16314806
0,0.090046844,35,0,0.317424918,6725.0,18,0,1,0,0.0,0.101508655
0,0.342950105,60,0,0.343165683,10000.0,9,0,2,0,0.0,0.19388449
0,6.38e-05,34,0,0.052447378,20000.0,21,0,0,0,2.0,0.06360539
0,0.055190654,51,0,0.643162055,6324.0,16,0,4,0,2.0,0.3699898
0,0.9999999,47,1,0.350373483,4283.0,1,0,1,0,2.0,0.7232909
0,0.056731442,76,0,0.2307972,11000.0,6,0,1,0,0.0,0.031260405
0,0.041630642,57,0,0.205279472,10000.0,11,0,2,0,0.0,0.08965907
0,0.048015,59,1,0.263739891,6058.0,10,0,1,0,0.0,0.2768358
0,0.842845715,41,0,0.520079987,6000.0,6,0,1,0,0.0,0.516312
0,0.9999999,56,0,0.195792301,11169.0,5,0,1,0,1.0,0.20609732
0,0.066928871,35,0,0.611050027,3637.0,5,0,1,0,2.0,0.19328077
0,0.056781658,35,0,0.264547552,3900.0,6,0,0,0,0.0,0.12986149
0,0.021948181,49,0,0.101053769,3700.0,5,0,0,0,0.0,0.08311027
0,0.317853572,45,1,0.94457065,2200.0,8,0,1,0,2.0,0.5013654
0,0.008473238,63,0,0.254913076,5291.0,9,0,1,0,0.0,0.053996053
0,0.563579801,66,0,0.287485006,2500.0,6,0,0,0,0.0,0.33802107
0,0.020445154,72,0,0.008712871,5049.0,7,0,0,0,1.0,0.032571543
0,0.794554235,52,0,0.332681468,8692.0,8,0,1,0,0.0,0.39719194
0,0.389154092,49,0,0.541322934,6666.0,12,0,3,0,0.0,0.35097122
0,0.07739484,51,0,0.199873698,9500.0,4,0,2,0,3.0,0.075309865
0,0.010713039,69,0,0.362363919,4500.0,12,0,1,0,0.0,0.038953777
0,0.382741486,33,0,0.282858201,2700.0,6,0,0,0,1.0,0.32056683
0,0.9999999,23,0,0.229808493,1200.0,1,0,0,0,0.0,0.6339965
0,0.305162581,49,0,0.185703574,4000.0,3,0,1,0,0.0,0.18750592
0,0.572304518,36,0,0.38845234,5853.0,8,0,2,1,1.0,0.687046
0,0.00851503,58,0,0.179863269,8044.0,6,0,1,0,1.0,0.04545098
0,0.019631208,75,0,0.290709633,2916.0,6,0,1,0,0.0,0.07114996
0,0.783814412,61,0,0.269473053,10000.0,4,0,1,0,0.0,0.30667087
0,0.989000917,42,0,4326.0,0.0,5,0,2,0,3.0,0.44779173
0,0.43964009,49,0,0.059312591,11666.0,4,0,1,0,1.0,0.13457735
0,0.104384595,33,0,0.362687182,7278.0,14,0,2,0,0.0,0.3395779
0,0.996301876,42,2,0.083305565,3000.0,2,0,0,0,4.0,0.8489507
0,0.134670952,55,0,0.199577004,10401.0,5,0,2,0,1.0,0.03923129
0,0.294355308,53,0,0.197185706,5400.0,17,0,1,0,1.0,0.1778474
0,0.02215552,62,0,0.31596674,9500.0,6,0,2,0,1.0,0.088759005
0,0.937306893,35,0,0.215223097,2666.0,8,0,0,0,0.0,0.54919183
0,0.36349975,69,0,0.501253582,5583.0,11,0,3,0,1.0,0.2713174
0,0.366240643,57,0,0.392006646,10833.0,7,0,2,0,3.0,0.09622555
0,0.9999999,55,1,0.891709639,2520.0,3,0,1,1,1.0,0.8471925
0,0.020554194,78,0,0.008664741,4500.0,10,0,0,0,0.0,0.04088386
0,0.076684532,69,0,0.614405817,4400.0,14,0,1,0,0.0,0.09522914
0,0.042740336,74,0,0.012974052,9017.0,12,0,0,0,0.0,0.05807254
0,0.203776318,36,0,0.259774023,10000.0,15,0,2,0,2.0,0.2291484
0,0.054981673,37,0,0.764884833,2300.0,7,0,1,0,0.0,0.14909005
0,0.980667472,52,0,1.359276018,1104.0,6,0,0,0,0.0,0.66674644
0,0.018773891,35,0,0.543829296,1733.0,10,0,2,0,0.0,0.21565054
0,0.9999999,56,0,0.121168645,7666.0,3,0,0,0,0.0,0.43912062
0,0.210567591,39,0,0.165667166,2667.0,18,0,0,0,0.0,0.262059
0,0.711826639,61,0,0.454576157,2960.0,12,0,1,0,0.0,0.4700835
0,0.9999999,25,0,0.0,2916.0,0,2,0,0,1.0,0.8866218
0,0.9999999,27,0,0.042744657,2666.0,1,0,0,0,0.0,0.67057824
0,0.925802473,68,1,0.468804231,12100.0,7,0,2,0,1.0,0.4887904
0,0.016092649,66,0,0.005200208,3845.0,2,0,0,0,0.0,0.033371232
0,0.597405261,29,0,0.522496121,5800.0,8,0,1,0,2.0,0.40352586
0,0.221174188,62,0,0.69878204,5500.0,12,0,1,0,1.0,0.18849672
0,0.018808628,51,0,0.62273579,1600.0,4,0,1,0,0.0,0.079656705
0,0.9999999,51,0,964.5,1.0,4,0,1,0,0.0,0.31201762
0,0.040619289,54,0,0.271900682,5718.0,4,0,1,0,0.0,0.050967995
0,0.035617116,78,0,0.219406227,4142.0,6,0,1,0,0.0,0.030994613
0,0.55335774,46,1,0.751891074,1982.0,9,0,1,0,2.0,0.6304824
0,0.085980255,61,0,0.252390057,7844.0,8,0,1,0,0.0,0.0647924
0,0.701209832,34,0,0.618865519,6275.0,13,0,2,0,2.0,0.61010265
0,0.273258139,44,0,3.762904637,1142.0,5,0,2,0,2.0,0.24468939
0,0.063210313,61,0,0.438712258,5000.0,13,0,1,0,0.0,0.11696223
0,0.408669753,55,0,0.495197918,11140.0,23,0,1,0,0.0,0.3132536
0,0.146767235,68,0,3.203592814,500.0,3,0,1,0,0.0,0.05904154
0,0.007190203,38,0,0.435557488,4600.0,7,0,1,0,2.0,0.08370185
0,0.069706389,66,0,0.027328779,6000.0,12,0,0,0,0.0,0.15594514
0,0.0,51,0,0.234144987,10800.0,10,0,2,0,1.0,0.1701964
0,0.249059086,51,0,0.274893265,7260.0,13,0,1,0,3.0,0.16393971
0,0.054421564,82,1,0.263812332,7800.0,11,0,2,0,0.0,0.26497367
0,0.090863638,50,0,0.259712487,8416.0,5,0,1,0,2.0,0.07652168
0,0.017849108,68,0,35.0,0.0,1,0,0,0,0.0,0.011522326
0,0.034847384,54,0,0.206420154,7382.0,6,0,1,0,0.0,0.09065963
0,0.053416439,42,0,0.611186166,3700.0,21,0,2,0,2.0,0.25274342
0,0.033999015,73,0,0.176100629,2702.0,10,0,0,0,0.0,0.1403314
0,0.826826933,59,5,0.25528511,8750.0,9,0,1,1,0.0,0.79564226
0,0.397412351,36,0,0.177440582,12916.0,18,0,1,0,0.0,0.30756408
0,0.067260319,58,0,0.0109978,5000.0,3,0,0,0,0.0,0.09088875
0,0.024379404,44,0,0.003789184,2902.0,2,0,0,0,1.0,0.08605739
0,0.017640053,72,0,0.048334586,3992.0,6,0,0,0,0.0,0.057305202
1,0.0,36,0,0.747061208,2466.0,5,2,1,0,0.0,0.8589567
0,0.293030848,46,0,0.588941106,10000.0,13,0,1,0,2.0,0.29408976
0,0.9999999,47,1,0.098239513,4600.0,1,1,0,0,1.0,0.8265043
0,0.121767618,36,0,0.265811182,12000.0,32,0,1,0,2.0,0.3139032
0,0.0,48,0,0.360610446,7600.0,7,0,2,0,2.0,0.13748671
0,0.116724346,76,0,0.528074246,2154.0,10,0,1,1,0.0,0.6030175
0,0.49070186,28,1,0.231034483,1739.0,3,0,0,0,0.0,0.6359288
0,0.332702403,56,0,0.866522106,8300.0,15,0,3,0,3.0,0.43414515
0,0.213152605,48,0,0.460908414,9400.0,15,0,2,0,1.0,0.23790674
0,0.239486518,71,0,0.456933569,11876.0,33,0,1,0,0.0,0.24653292
0,0.78630619,62,0,0.189091506,6086.0,8,0,0,0,0.0,0.4289542
0,0.007283321,90,0,0.00182785,6017.0,3,0,0,0,0.0,0.015600634
0,0.0,55,0,0.816721625,9400.0,8,0,2,0,0.0,0.23485817
0,0.434674615,58,0,0.512279018,12500.0,28,0,2,0,3.0,0.2377966
0,0.71335613,62,0,0.422632794,6061.0,15,0,1,0,1.0,0.5353785
0,0.844264177,41,1,0.207544811,40000.0,22,1,2,0,2.0,0.89414155
0,0.9999999,49,0,0.0,2916.0,0,0,0,0,3.0,0.78355587
0,0.0,55,0,0.11327504,10063.0,8,0,1,0,0.0,0.09970517
0,0.055929605,66,0,16.0,1.0,9,0,0,0,0.0,0.1123183
0,0.06894248,76,0,0.05952381,1595.0,5,0,0,0,0.0,0.10335636
0,0.0,32,0,0.270702663,11000.0,5,0,1,0,0.0,0.084427826
0,0.142720645,54,0,0.269751755,18086.0,17,0,2,0,2.0,0.13684276
0,0.364787359,49,0,0.514588641,12166.0,6,0,4,0,0.0,0.29249945
0,0.114706291,74,0,0.514485514,1000.0,6,0,0,0,0.0,0.10416161
0,0.553757977,62,0,0.829109509,4300.0,14,0,2,0,0.0,0.52116805
0,0.051626977,47,1,0.117868486,8500.0,15,1,0,0,0.0,0.81303775
0,0.106602516,31,0,0.374814307,8750.0,8,0,1,0,2.0,0.13339292
0,0.009851739,76,0,0.075815739,4167.0,31,0,0,0,0.0,0.07229414
0,0.061677533,32,0,0.015328224,3000.0,5,0,0,0,0.0,0.099184975
0,0.050773933,56,0,0.26544897,15000.0,9,0,3,0,2.0,0.106382884
0,0.005104401,74,0,0.062633729,5140.0,9,0,0,0,0.0,0.06959485
0,0.738125319,59,2,1.0013413,8200.0,14,0,4,0,1.0,0.8008366
0,0.208560269,75,0,0.652705255,9000.0,16,0,4,0,0.0,0.407415
0,0.90542471,41,2,0.453899028,4218.0,11,2,0,1,1.0,0.95579344
0,0.749925007,45,2,0.734292831,3612.0,8,0,1,0,3.0,0.776925
0,0.176276318,52,0,0.233308327,9330.0,8,0,2,0,0.0,0.12237925
0,0.11240869,51,0,0.112539274,3500.0,3,0,0,0,0.0,0.11368173
0,0.9999999,31,0,0.004196871,2620.0,0,1,0,0,2.0,0.9143406
0,0.144952633,39,0,0.088785988,4966.0,7,0,0,0,2.0,0.20446475
0,0.550866878,41,0,0.485551445,10000.0,11,0,4,0,0.0,0.42437315
0,0.893712866,53,0,0.49871639,7400.0,8,0,1,0,0.0,0.38294074
0,0.187741374,44,0,0.718122084,10500.0,19,0,3,0,3.0,0.33735105
0,0.426098018,43,2,0.367077561,9166.0,6,0,1,0,3.0,0.48939922
0,0.458688986,67,0,0.810066128,10887.0,30,0,6,0,1.0,0.5635196
0,0.08515574,43,0,0.501388592,4680.0,15,0,1,0,2.0,0.17691329
0,0.01801458,71,0,0.00279944,5000.0,3,0,0,0,0.0,0.015055556
0,0.279524497,45,0,0.4439572,5700.0,9,0,2,0,0.0,0.23953454
0,0.0,26,0,0.0,1300.0,2,0,0,0,1.0,0.37598857
0,0.0,42,0,0.53543657,4500.0,8,0,2,0,0.0,0.1656291
0,0.032827454,80,0,0.383087112,3925.0,7,0,1,0,0.0,0.046058346
0,0.9999999,44,0,0.175845536,7716.0,4,0,0,0,1.0,0.48540837
0,0.903079589,24,1,0.879415347,820.0,5,0,0,0,0.0,0.46823323
0,0.383952208,35,0,0.498566762,15000.0,18,0,2,0,0.0,0.42311728
0,0.9999999,24,0,0.039415497,5200.0,3,0,0,0,1.0,0.49892163
0,0.032806737,52,0,0.209671555,8250.0,6,0,1,0,0.0,0.086449854
0,0.118786717,43,0,0.264911696,3000.0,5,0,0,0,1.0,0.22606607
0,0.9999999,22,0,0.0,1600.0,1,0,0,0,0.0,0.41989252
0,0.33848832,31,0,0.410562181,1760.0,4,0,0,0,0.0,0.286897
0,0.279839909,41,0,1.037984806,2500.0,12,0,2,0,2.0,0.3593814
0,0.349656816,70,0,0.567717996,3233.0,20,0,0,0,0.0,0.34168732
0,0.011585083,52,0,0.139684814,5583.0,8,0,1,0,0.0,0.1076472
0,0.791950503,60,1,0.080552747,8900.0,5,0,0,0,3.0,0.62164545
0,0.0,37,0,0.766243752,2600.0,7,0,1,0,1.0,0.17523564
0,0.935299715,25,0,33.0,0.0,5,0,0,0,0.0,0.1878305
1,0.707885432,53,0,5.968031968,1000.0,14,0,2,0,1.0,0.6406821
0,0.0,71,0,0.552567237,3680.0,6,0,1,0,0.0,0.09760178
0,0.043494167,47,0,0.102470106,11456.0,5,0,1,0,3.0,0.03380493
0,0.830507296,47,0,0.671679909,7047.0,12,0,1,0,0.0,0.59328973
0,0.313124584,40,0,0.005197921,2500.0,3,0,0,0,0.0,0.28498504
0,0.030499365,78,0,0.274817883,7000.0,5,0,1,0,1.0,0.08882595
0,0.130813701,70,0,0.133987239,10500.0,11,0,1,0,0.0,0.08189485
0,0.00134253,60,0,0.0,7000.0,4,0,0,0,4.0,0.05070826
0,0.120915283,72,0,0.40314441,5151.0,17,0,2,0,0.0,0.15699945
1,0.065220735,39,1,0.008159347,4166.0,9,0,0,1,1.0,0.6939257
0,0.639345355,55,0,0.374362564,10000.0,6,0,2,0,1.0,0.25008905
0,0.16225585,40,0,815.0,1.0,7,0,1,0,3.0,0.0917446
0,0.452030653,43,0,0.309939557,5955.0,8,0,0,0,2.0,0.2667687
0,0.001118865,64,0,0.086255783,6700.0,10,0,0,0,0.0,0.06939841
0,0.004761864,59,1,0.053844163,3862.0,11,0,1,0,0.0,0.2938105
0,0.28540565,64,0,0.816485226,4500.0,8,0,2,0,0.0,0.14445016
0,0.31374625,48,0,0.253980126,9358.0,7,0,2,0,1.0,0.18535922
0,0.092716364,48,0,0.096419377,4272.0,7,0,0,0,0.0,0.13922055
0,0.254617494,59,0,0.291382602,7333.0,15,0,2,0,1.0,0.15298788
0,0.9999999,58,0,752.0,1.0,2,0,1,0,0.0,0.16941571
0,0.600347976,79,0,0.941730934,3500.0,19,0,3,0,0.0,0.41524884
0,0.006045317,78,0,0.002210294,3166.0,5,0,0,0,0.0,0.029558554
0,0.058580892,44,0,0.144407942,7000.0,5,0,1,0,1.0,0.06418105
0,0.008938411,67,0,0.000515305,9702.0,5,0,0,0,0.0,0.03747695
0,0.120721192,40,0,0.357329642,6500.0,11,0,1,0,2.0,0.20572385
0,0.0,30,0,0.633239613,3200.0,11,0,1,0,0.0,0.34464112
0,0.3213154,60,0,0.334335086,2661.0,4,0,0,0,2.0,0.3011489
0,0.429142714,45,0,0.261512223,5276.0,7,0,0,0,2.0,0.3387353
1,0.714535683,36,1,0.171757636,3993.0,10,0,0,0,1.0,0.7067891
0,0.130187534,43,0,0.701224662,4735.0,8,0,1,0,3.0,0.1569619
0,0.411534602,52,1,0.96686661,3500.0,15,0,1,0,2.0,0.6100381
0,0.003573697,58,0,0.433713784,6833.0,18,0,2,0,0.0,0.067513995
0,0.055523689,43,0,0.288972196,3200.0,9,0,0,0,0.0,0.209026
0,0.006003356,35,0,0.884992502,8668.0,16,0,2,0,0.0,0.35016924
0,0.02159946,71,0,0.059912404,12100.0,6,0,1,0,0.0,0.022592628
0,0.194847323,72,0,0.185073384,9606.0,21,0,2,0,0.0,0.14721961
0,0.011509817,32,1,0.189375893,4197.0,6,0,0,1,0.0,0.7725035
0,0.66174129,41,0,0.62482695,4333.0,7,0,1,0,6.0,0.3853763
0,0.003022088,79,0,0.316894369,3000.0,4,0,1,0,0.0,0.042337243
0,0.204511442,71,0,0.357528494,3333.0,11,0,1,0,0.0,0.12849008
1,0.774500907,48,0,0.39514152,8973.0,11,1,2,0,0.0,0.7928303
0,0.9999999,46,0,0.000799787,3750.0,0,0,0,0,1.0,0.70945567
0,0.003599869,56,1,0.285440351,7300.0,8,0,1,0,0.0,0.21107385
0,0.68289638,23,0,0.005485087,2916.0,1,0,0,0,0.0,0.4977835
1,1.102564103,36,0,0.003578399,3073.0,3,9,0,0,0.0,0.957622
0,0.005999789,53,0,0.322992072,2900.0,7,0,1,0,0.0,0.10989691
0,0.855349926,23,1,0.146163216,820.0,4,0,0,1,0.0,0.5837083
0,0.9999999,79,0,0.177607464,3000.0,1,0,0,0,0.0,0.3133251
0,0.153156345,46,0,0.249297095,3200.0,23,0,0,0,0.0,0.25650802
1,0.878245498,40,0,0.18141723,3400.0,5,0,0,0,1.0,0.54626733
0,0.008555732,49,0,0.001942125,15446.0,13,0,0,0,3.0,0.04559829
0,0.9999999,57,0,0.025685227,5800.0,1,0,0,0,2.0,0.591506
0,0.769456226,71,0,0.788642272,5000.0,7,0,2,0,0.0,0.26880985
0,0.010741761,46,0,0.004614675,6500.0,8,0,0,0,3.0,0.22975962
0,0.023607669,49,0,0.168220511,7400.0,2,0,1,0,3.0,0.050825022
0,0.417097553,27,0,0.130235602,4583.0,5,0,0,0,1.0,0.35430157
0,0.017489281,49,0,0.320750347,4317.0,27,0,2,0,3.0,0.16975686
0,0.49250163,32,0,0.85778781,3100.0,3,0,1,0,2.0,0.37502155
0,0.43387723,62,0,0.933030178,2418.0,19,0,1,0,0.0,0.4468746
0,0.0,57,0,0.0,8800.0,1,0,0,0,1.0,0.11235161
0,0.294960492,61,0,0.302491668,6300.0,14,0,1,0,1.0,0.15980889
0,0.024229867,48,0,0.213524728,17833.0,10,0,2,0,3.0,0.07188288
0,0.174457505,65,0,0.307894737,3799.0,9,0,1,0,1.0,0.13387904
1,0.822188136,41,1,0.809632107,7474.0,16,0,3,0,3.0,0.8256761
1,0.9999999,33,1,0.277672119,2628.0,2,1,0,0,1.0,0.89986694
0,0.169962231,24,0,1.0,820.0,5,0,0,0,0.0,0.11342436
0,0.662118943,33,1,0.654963962,4300.0,10,0,1,0,1.0,0.70605296
0,0.069098705,48,0,0.131407713,6300.0,7,0,1,0,4.0,0.19673957
1,0.715222349,50,2,1.094740839,5266.0,7,0,1,0,4.0,0.8502301
0,0.332974387,53,0,0.168330956,4205.0,7,0,0,0,0.0,0.3081482
0,0.350017105,44,0,0.355753499,5500.0,9,0,1,0,3.0,0.25750634
0,0.501211175,56,0,0.602871683,5501.0,32,0,2,0,0.0,0.55497384
0,0.399732229,64,0,0.105630729,6872.0,8,0,0,0,2.0,0.18331435
0,0.581517801,52,0,0.107438017,3750.0,9,0,0,0,0.0,0.50558853
0,0.468125009,44,0,0.144861776,11900.0,13,0,0,0,2.0,0.18166493
0,0.039250618,39,0,0.368753953,6323.0,7,0,2,0,2.0,0.10411634
0,0.007599493,28,0,0.574485103,5000.0,5,0,2,0,2.0,0.3156374
0,0.732449216,49,0,0.164036869,6400.0,8,0,0,0,0.0,0.44845533
0,0.883023395,46,1,0.217156569,3333.0,4,0,0,0,2.0,0.7365305
0,0.32790224,30,1,0.164334266,2500.0,6,1,0,0,0.0,0.77111936
0,0.136089719,63,0,0.623223186,5416.0,12,0,1,0,0.0,0.12517616
0,0.136053997,53,0,0.048260232,7500.0,4,0,0,0,1.0,0.19403613
0,0.724403927,53,1,0.017211371,5170.0,6,2,0,0,1.0,0.89783096
0,0.266146771,76,0,0.009283504,4200.0,1,0,0,0,0.0,0.079265535
0,0.558110268,65,0,1.099336331,4670.0,12,0,2,0,1.0,0.42414427
0,0.818508065,60,0,0.373807459,20753.0,17,0,2,0,2.0,0.2523018
0,0.65017091,35,0,0.587010824,1200.0,4,0,0,0,2.0,0.48745027
0,0.186198854,50,0,0.201211044,18000.0,4,0,1,0,1.0,0.11508829
0,0.247452555,50,0,0.534135291,6400.0,13,0,2,0,2.0,0.2601744
0,0.02603896,44,0,0.46809671,5500.0,14,0,2,0,2.0,0.1272636
0,0.001786497,87,0,0.010723861,1864.0,10,0,0,0,1.0,0.047836374
0,0.42585341,51,1,0.381485951,5800.0,14,0,0,0,3.0,0.5665182
0,0.023202219,76,0,0.002829807,7420.0,7,0,0,0,0.0,0.03849427
0,0.001272694,46,0,0.280539367,8750.0,6,0,1,0,0.0,0.082123645
0,0.9999999,27,0,0.052905645,4800.0,0,1,0,0,0.0,0.8215623
0,0.035629915,48,0,0.024378631,10500.0,16,0,0,0,0.0,0.10139907
1,0.594800993,78,1,0.956626506,1244.0,11,1,1,0,0.0,0.8179355
0,0.546502807,68,0,0.877617801,4583.0,8,0,1,0,2.0,0.16478291
0,0.160953392,37,0,0.667091025,7854.0,9,0,2,0,0.0,0.35035297
0,0.027473389,64,0,0.004675272,9838.0,7,0,0,0,0.0,0.043114156
0,0.864570404,51,2,0.916419177,2356.0,11,0,1,0,0.0,0.8338317
1,0.9999999,57,3,1.203074258,4618.0,10,1,2,1,1.0,0.95772284
0,0.019525441,70,0,0.041821718,65300.0,7,0,2,0,0.0,0.01083548
0,0.093730834,60,0,0.320334262,4666.0,17,0,2,0,0.0,0.17673898
0,0.035861038,73,0,0.259179266,4166.0,8,0,1,0,0.0,0.03392659
0,0.180335287,70,0,0.376212833,3194.0,8,0,0,0,0.0,0.15302604
0,0.012969357,39,0,0.20156894,7520.0,13,0,1,0,1.0,0.090546474
1,0.973421927,38,0,0.175682301,6118.0,3,1,1,1,3.0,0.9246681
0,0.423359664,80,0,0.285471377,5292.0,8,0,0,0,0.0,0.23076849
0,0.9999999,29,1,0.046306041,4750.0,1,1,0,0,3.0,0.893453
0,0.028801378,35,0,0.005722725,5416.0,5,0,0,0,0.0,0.072365664
0,0.687934482,36,0,0.178803172,4160.0,3,0,0,0,0.0,0.3751181
0,0.271996769,40,0,0.84376157,2700.0,17,0,1,0,0.0,0.34839723
0,0.004713612,59,1,0.077549789,3313.0,6,0,0,0,0.0,0.36555612
0,0.012396173,65,0,0.191054092,5767.0,5,0,1,0,0.0,0.048120003
0,0.024674383,66,1,0.430011198,6250.0,13,0,1,0,0.0,0.20178396
0,0.004530403,79,0,0.217311234,3800.0,11,0,0,0,0.0,0.06694981
0,0.562770462,50,0,0.123812698,6000.0,6,0,0,0,1.0,0.43456933
0,0.464238394,41,0,0.401782653,5833.0,6,0,2,0,0.0,0.25535974
0,0.644355644,21,0,0.023142509,820.0,1,0,0,0,0.0,0.15355086
0,0.889205168,32,0,0.028074763,13000.0,4,0,0,0,0.0,0.5372152
0,0.14674569,33,0,0.431002816,8166.0,7,0,1,0,0.0,0.19646074
0,0.022105035,58,0,0.195937712,7384.0,13,0,1,0,0.0,0.059777595
0,0.750734862,76,0,0.06314948,2501.0,4,0,0,0,0.0,0.39967608
0,0.18805413,25,0,0.197520992,2500.0,5,0,0,0,0.0,0.23413149
0,0.531816217,56,0,0.654816132,9000.0,18,0,3,0,0.0,0.4170144
0,0.974029347,57,3,0.236532811,4083.0,9,0,0,1,2.0,0.9238139
0,0.349987931,39,0,0.411979547,5475.0,10,0,1,0,3.0,0.2899964
0,1.17223414,65,0,0.040165568,6522.0,7,0,0,0,1.0,0.5973792
0,0.029576755,45,0,0.410720158,3040.0,10,0,2,0,2.0,0.17207095
0,0.0,40,0,0.190468255,6000.0,4,0,1,0,0.0,0.1709872
1,0.009579342,44,1,0.38035992,4500.0,4,5,0,0,5.0,0.9582057
0,0.134773913,45,0,0.251774823,10000.0,6,0,2,0,6.0,0.06553125
0,0.042185726,62,0,0.413653477,14076.0,12,0,4,0,2.0,0.1615967
0,0.43804956,27,4,0.148493735,3750.0,9,0,0,0,0.0,0.81014097
0,0.138942191,58,0,0.938416422,3750.0,17,0,2,0,0.0,0.25814766
0,0.194327,47,0,0.785467128,2600.0,9,0,1,0,0.0,0.30735657
0,0.759179943,62,0,0.72638851,11000.0,19,0,2,0,0.0,0.5984545
0,0.132049597,60,0,0.09092792,4827.0,5,0,0,0,0.0,0.15013072
0,0.845077461,73,0,0.901463763,2800.0,5,0,1,0,0.0,0.26252142
0,0.054681884,60,1,0.162078756,8100.0,16,0,0,0,1.0,0.2916612
0,0.025859681,50,0,0.340332697,11000.0,12,0,2,0,3.0,0.11753467
0,0.238920611,71,0,0.493267564,7500.0,7,0,4,0,0.0,0.21582752
0,0.18520986,39,0,0.006683375,1196.0,2,0,0,0,2.0,0.21941207
0,0.0,33,0,1.032679739,2447.0,7,0,2,0,0.0,0.27843174
0,0.074201874,48,0,0.935136971,8833.0,27,0,3,0,3.0,0.5288332
0,0.0,46,0,0.296220108,3888.0,6,0,0,0,1.0,0.12306532
0,0.942624212,64,1,0.044878916,4500.0,4,0,0,0,1.0,0.6345356
0,0.873418158,42,0,0.314513685,9900.0,7,0,1,0,1.0,0.45378095
0,0.046602716,76,0,0.166472255,6000.0,8,0,1,0,0.0,0.04410639
0,0.023070879,58,0,0.56238574,4375.0,10,0,1,0,1.0,0.10928629
0,0.01259724,60,0,0.51069786,5000.0,9,0,1,0,1.0,0.11794831
0,0.101487765,42,0,1.231340206,2424.0,16,0,2,0,0.0,0.33722278
0,0.53019797,62,0,0.281487405,2500.0,7,0,0,0,0.0,0.38370022
0,0.023218696,82,0,0.099576271,6135.0,13,0,0,0,1.0,0.05641395
1,0.9999999,38,2,0.704863424,1500.0,3,0,0,0,3.0,0.86437595
0,0.9999999,35,0,0.259510401,8700.0,4,0,2,0,0.0,0.36996296
0,0.040051889,44,0,1.35071708,2300.0,4,0,1,0,2.0,0.08914723
0,0.999929088,35,0,0.379374375,7000.0,5,0,1,0,1.0,0.51483834
0,0.0,67,0,0.289337979,7174.0,11,0,1,0,0.0,0.11647742
0,0.142581923,79,0,0.082849252,10500.0,22,0,0,0,0.0,0.10244526
0,0.029941166,64,0,0.107725608,6005.0,6,0,1,0,1.0,0.05039567
0,0.067824121,39,0,0.211596135,3000.0,5,0,1,0,3.0,0.13388017
0,0.896604136,52,0,0.782822086,2444.0,11,0,0,0,0.0,0.6886441
0,0.023131791,53,0,0.183601562,10500.0,11,0,2,0,2.0,0.10360915
0,0.505954004,44,0,0.152918688,6800.0,5,0,0,0,2.0,0.3338259
0,0.35497683,48,0,0.503332445,3750.0,6,0,2,0,0.0,0.23786484
1,0.500989899,47,2,2.485255031,7900.0,19,0,9,0,0.0,0.9098024
0,0.001672076,67,0,0.001369738,10950.0,6,0,0,0,0.0,0.017184865
0,0.406587688,53,0,0.173823676,18000.0,14,0,0,0,2.0,0.29033872
0,0.022192322,83,0,0.301161996,7314.0,6,0,2,0,0.0,0.055574
0,0.00839832,45,0,0.081723942,14083.0,6,0,0,0,1.0,0.052623555
0,0.037971296,71,0,0.043316535,8333.0,6,0,0,0,0.0,0.07671001
0,0.0,40,0,0.381154711,4000.0,11,0,2,0,1.0,0.24883069
0,0.109292045,45,0,0.56774916,6250.0,22,0,1,0,2.0,0.19815543
0,0.005292822,52,0,0.531129726,8833.0,12,0,2,0,1.0,0.118185006
0,0.243934579,49,0,0.167715661,2700.0,5,0,0,0,0.0,0.2685839
0,1.043722673,59,0,0.206856252,2566.0,6,0,0,0,0.0,0.6847723
0,1.057647963,25,1,0.102604578,3800.0,4,1,0,1,0.0,0.9277096
0,0.742965154,43,0,0.544894531,5356.0,15,0,2,0,0.0,0.6640002
0,0.000176986,47,0,0.162790698,6750.0,5,0,1,0,1.0,0.10171855
0,0.102155914,52,0,0.289973692,6841.0,3,0,2,0,0.0,0.08941301
0,0.694457551,41,0,0.458885279,4000.0,10,0,2,0,2.0,0.4691652
0,0.006938931,59,0,0.097370137,4600.0,12,0,0,0,1.0,0.08647603
0,0.654748549,56,0,0.723934602,3730.0,8,0,1,0,0.0,0.36192387
0,0.137463543,43,0,0.371682665,7083.0,5,0,1,0,2.0,0.15583329
0,0.111743058,58,0,0.358269256,7672.0,6,0,1,0,0.0,0.07653107
0,0.005723081,68,0,0.408413206,1877.0,22,0,1,0,0.0,0.19296406
0,0.649198178,42,0,1.412381952,2858.0,13,0,3,0,1.0,0.6582395
0,0.23191656,85,0,0.386183613,7700.0,11,0,1,0,0.0,0.15013683
0,0.090242207,38,0,0.080797482,6670.0,5,0,1,0,1.0,0.06847724
0,0.210671854,44,0,0.651740531,6520.0,10,0,1,0,2.0,0.20755291
0,0.042351696,71,0,0.177282272,10000.0,8,0,1,0,1.0,0.04252921
0,0.02417235,33,0,0.095994226,5541.0,17,0,0,0,1.0,0.13877426
0,0.957635205,30,0,0.202922702,7800.0,12,0,0,0,0.0,0.5381866
1,0.991140524,41,2,0.807936989,3300.0,8,0,2,0,2.0,0.8362908
0,0.831425885,47,0,0.968841545,3754.0,12,0,1,0,0.0,0.6498964
0,0.674177163,54,0,0.775506577,5625.0,8,0,2,0,2.0,0.43812302
0,0.9999999,80,0,0.51497006,500.0,0,1,0,1,0.0,0.6597392
0,0.9632377,33,2,0.32251972,9000.0,5,1,1,1,1.0,0.9403023
0,0.251464425,79,0,0.212831806,8400.0,11,0,1,0,0.0,0.14312682
0,0.0,54,1,0.141968451,4500.0,6,0,0,0,0.0,0.4198348
0,0.9999999,28,0,0.003699137,2432.0,1,0,0,0,0.0,0.6847627
0,0.051691173,65,0,0.446175637,4941.0,17,0,1,0,1.0,0.11408171
0,0.9999999,53,0,0.333333333,3500.0,2,0,1,0,0.0,0.46048918
0,0.698550242,26,0,0.078990418,4278.0,3,0,0,0,0.0,0.45659932
0,0.715216104,40,1,0.103658537,4919.0,5,0,0,1,4.0,0.8577225
0,0.045383273,32,0,0.269892043,2500.0,6,0,0,0,0.0,0.14867514
0,0.273414198,37,0,0.874446508,7000.0,10,0,2,0,0.0,0.35347
1,0.075022023,48,0,0.278307612,5766.0,13,0,2,0,1.0,0.18520595
0,0.259983227,61,0,0.243132888,2693.0,8,0,0,0,0.0,0.22201777
0,0.052923789,43,0,0.150430922,3828.0,10,0,0,0,2.0,0.1478476
0,0.022263684,67,0,0.467985535,4700.0,9,0,1,0,0.0,0.079156175
0,0.795612634,50,0,0.782937125,4500.0,14,0,2,0,3.0,0.7240939
1,0.965172471,32,0,0.764705882,1750.0,5,0,1,2,1.0,0.8924784
0,0.0,68,0,0.164458885,4000.0,9,0,0,0,1.0,0.057359543
0,0.269328057,62,0,0.853654512,6060.0,22,0,3,0,1.0,0.3632087
0,0.9999999,56,0,0.044548652,14500.0,4,0,0,0,1.0,0.48823252
0,0.9999999,46,0,0.312864494,2914.0,4,1,0,2,0.0,0.945423
0,0.436123348,56,0,0.773096335,4556.0,17,0,1,0,0.0,0.4452899
0,0.014449278,69,0,0.139240506,1500.0,10,0,0,0,0.0,0.075462885
0,0.0,40,0,0.253596542,15500.0,7,0,2,0,2.0,0.087170914
0,0.455822774,26,0,0.304184884,1600.0,6,0,0,0,0.0,0.41561654
0,0.663022465,43,0,0.163736264,1819.0,3,0,0,0,0.0,0.40066072
0,0.205711046,39,0,0.331749332,10100.0,4,0,1,0,1.0,0.13912834
0,0.0,47,0,0.248707737,11800.0,8,0,1,0,1.0,0.07520784
0,0.9999999,52,1,0.214447978,2200.0,2,1,0,0,0.0,0.9002222
0,0.451694542,58,0,0.425562299,2800.0,10,0,1,0,0.0,0.28458634
0,0.010319917,58,1,0.671371769,5029.0,9,0,2,0,0.0,0.3430363
1,0.141615042,52,1,0.589719181,2100.0,8,0,1,0,1.0,0.49408567
0,0.9999999,36,2,0.14462564,8400.0,4,0,0,0,2.0,0.74730045
0,0.000285322,47,0,0.51109778,5000.0,13,0,1,0,0.0,0.14313242
0,0.053617506,47,0,0.27255617,8500.0,21,0,2,0,0.0,0.15312104
0,0.056963366,50,0,0.181626805,17100.0,11,0,2,0,2.0,0.1072851
0,0.138492872,51,0,0.389068117,10848.0,14,0,1,0,2.0,0.19202745
0,0.0,44,0,0.11945074,7500.0,2,0,1,0,0.0,0.07839465
0,0.06156424,52,0,0.461136364,8799.0,6,0,3,0,1.0,0.17452358
1,0.9999999,46,0,0.304213283,4200.0,7,0,1,1,1.0,0.80647296
0,0.549014163,48,0,0.46344207,5333.0,5,0,1,0,1.0,0.33436227
0,0.186531942,76,0,0.255441314,7488.0,16,0,2,0,0.0,0.16168645
0,0.000228128,60,0,0.183528014,15152.0,9,0,2,0,0.0,0.08333136
0,0.609114081,60,0,0.370541282,16035.0,13,0,2,0,3.0,0.13802232
0,0.078451784,68,0,0.27334434,5450.0,5,0,0,0,0.0,0.052825674
0,0.023115921,50,0,1967.0,0.0,7,0,2,0,1.0,0.10189554
0,0.027316211,48,0,0.344244634,12066.0,22,0,8,0,0.0,0.31523728
0,0.615945795,52,0,0.546525559,5007.0,13,1,2,0,1.0,0.8386469
0,0.914373762,55,0,0.672744336,7458.0,19,0,2,0,0.0,0.60839516
0,0.041687036,50,0,0.338073547,9000.0,13,0,2,0,0.0,0.11232607
0,0.218058295,64,0,0.013482633,4375.0,3,2,0,0,0.0,0.70170665
0,0.732564359,42,0,0.471370968,7439.0,9,0,1,0,0.0,0.45846874
0,0.448423953,33,0,0.717329813,5302.0,20,0,1,0,3.0,0.5323664
0,0.206226792,50,3,0.46049744,2733.0,4,2,1,3,1.0,0.941596
0,0.011342155,61,0,0.29847868,4666.0,7,0,1,0,3.0,0.08015345
0,0.064798149,60,0,0.123226359,10500.0,12,0,1,0,0.0,0.06286225
0,0.349777201,48,0,0.236768802,9333.0,10,0,2,0,2.0,0.21998347
0,0.691542289,26,1,0.099214847,1400.0,2,0,0,0,1.0,0.73065037
1,1.001297796,53,1,1.241515255,5833.0,13,0,3,0,1.0,0.892342
0,0.754642541,48,0,0.575899844,2555.0,8,0,2,0,0.0,0.46859202
0,0.997154375,39,0,1.652898068,1500.0,9,1,1,0,3.0,0.90537107
0,0.10164108,44,0,0.533812089,3341.0,5,0,1,0,2.0,0.0956147
0,0.405617556,30,0,0.358940177,6000.0,11,0,1,0,1.0,0.33693236
0,0.0,59,0,0.258225739,2400.0,6,1,0,0,1.0,0.77640104
0,0.0,61,0,0.0,6667.0,5,0,0,0,0.0,0.043781433
1,0.239309441,47,0,0.122030238,5555.0,5,0,0,0,2.0,0.27667925
0,0.822880448,49,0,0.688655672,6002.0,8,0,1,0,0.0,0.4930422
0,0.010159884,66,0,0.391696566,9754.0,8,0,1,0,1.0,0.08011315
0,0.0,52,2,0.48296229,2200.0,5,0,0,0,0.0,0.55964917
0,0.650119175,57,1,0.90066035,3482.0,8,0,1,0,0.0,0.53847885
0,0.237474886,48,0,0.400676339,9166.0,17,0,2,0,0.0,0.2242726
0,0.269076926,49,0,0.372679304,5116.0,19,0,1,0,0.0,0.20968848
0,0.855274965,32,0,0.150973172,3801.0,5,0,0,0,0.0,0.45551464
1,0.9999999,27,0,0.101299567,3000.0,3,3,0,0,1.0,0.9192821
1,0.826092953,48,1,0.322590515,9804.0,8,3,1,1,2.0,0.93749064
0,0.145522472,74,0,0.032494584,6000.0,4,0,0,0,0.0,0.07954055
0,0.033164228,41,0,0.238095238,8000.0,9,0,1,0,1.0,0.11764999
0,0.9999999,33,2,0.365281777,2430.0,3,2,0,1,1.0,0.9479638
0,0.003723711,67,0,0.004553734,1097.0,8,0,0,0,0.0,0.061065145
0,0.150992059,57,0,0.265077964,6797.0,7,0,1,0,1.0,0.08854995
0,0.9999999,69,0,0.064184363,10500.0,9,0,1,0,0.0,0.118273415
0,0.201765971,54,0,0.353738474,9000.0,8,0,2,0,0.0,0.12905143
0,0.031843922,73,0,0.013118565,6021.0,6,0,1,0,1.0,0.033297844
0,0.08540417,67,0,0.002633889,3416.0,3,0,0,0,0.0,0.112318754
1,0.782599581,51,4,0.365302055,13043.0,21,0,1,1,4.0,0.832391
0,0.003768776,35,0,0.24165513,6500.0,9,0,1,0,0.0,0.07209573
0,0.32163007,46,0,0.322584677,8000.0,7,0,1,0,0.0,0.24272284
0,0.091900386,83,0,0.010543538,5500.0,2,0,0,0,0.0,0.09071271
0,0.032913482,64,1,0.25247896,12000.0,12,0,1,0,0.0,0.15222384
0,0.3437988,35,1,0.488938883,8000.0,8,0,2,0,4.0,0.42803675
0,0.975640793,48,0,0.901569566,3758.0,12,0,1,0,0.0,0.6870302
0,0.038968381,77,0,0.079040091,10500.0,19,0,1,0,0.0,0.06339725
0,0.667268236,48,0,0.380175827,14900.0,11,0,4,0,3.0,0.4112528
0,0.9999999,43,0,0.289416847,12500.0,10,0,3,0,2.0,0.32441872
0,0.0344048,81,0,0.014394242,2500.0,6,0,0,0,0.0,0.055596977
0,0.125284238,53,0,0.284589426,2666.0,23,0,0,0,0.0,0.28939852
0,0.689748288,51,0,0.604125249,4023.0,6,0,1,0,0.0,0.4685559
0,0.2593335,50,0,0.557207964,4168.0,9,0,2,0,1.0,0.2880306
0,0.991639404,31,0,0.31478087,6000.0,7,0,1,0,0.0,0.4520159
0,0.005190642,55,0,0.411523197,7306.0,6,0,1,0,0.0,0.05728518
0,0.065410255,49,0,0.487331457,6748.0,10,0,1,0,0.0,0.100754865
0,0.103316277,58,1,0.02498091,9166.0,2,0,0,0,4.0,0.16311713
0,0.325415101,37,2,0.014550746,5497.0,2,0,0,0,2.0,0.63582265
0,0.039880763,56,0,0.364074815,8500.0,19,0,2,0,1.0,0.1573861
0,0.9999999,39,0,0.0,2164.0,0,2,0,1,5.0,0.78617936
0,0.018737266,49,0,0.335833208,6666.0,9,0,1,0,2.0,0.1053809
0,0.179876344,46,0,0.47643183,3945.0,9,0,1,0,0.0,0.22447464
0,0.017448035,63,0,0.002551548,14500.0,4,0,0,0,1.0,0.030855602
0,0.116796282,52,0,0.55368843,12972.0,31,0,3,0,0.0,0.39001122
0,0.278452233,36,0,0.892906815,2875.0,8,0,2,0,0.0,0.35206136
0,0.839754134,34,0,0.086114236,8000.0,9,0,0,0,1.0,0.547735
0,0.748057958,37,0,0.850767754,2083.0,8,0,1,0,2.0,0.4733618
1,0.402345742,37,0,0.337622356,12667.0,16,0,2,0,3.0,0.41484356
0,0.478410323,52,0,0.413765313,6203.0,19,0,1,0,0.0,0.40003136
0,0.02993339,56,0,0.14819259,6666.0,11,0,1,0,0.0,0.06655823
0,0.530151531,31,0,0.148779771,3400.0,3,0,0,0,0.0,0.29918528
0,0.052532876,46,0,0.167652696,12000.0,11,0,1,0,3.0,0.07746891
0,0.004922698,69,0,1.302521942,9000.0,7,0,3,0,0.0,0.18611899
0,0.067426162,56,0,0.026493377,4000.0,8,0,0,0,0.0,0.14855517
0,0.049805674,51,0,0.299895902,10566.0,10,0,2,0,1.0,0.13556124
0,0.292771763,60,0,0.481939634,8083.0,20,0,2,0,0.0,0.14061469
0,0.394899194,71,0,0.687363834,917.0,12,0,0,0,0.0,0.28071743
0,0.088597785,72,0,0.131978883,6250.0,6,0,1,0,2.0,0.05326805
0,0.37267099,54,0,0.289591467,10500.0,8,0,1,0,0.0,0.10863608
0,0.048594264,43,0,0.544163064,8094.0,11,0,2,0,2.0,0.20967402
0,0.994101455,51,1,0.599061416,4900.0,9,0,1,0,2.0,0.80337214
0,0.297299148,47,0,0.379331747,9666.0,11,0,1,0,0.0,0.25136718
0,0.865876958,45,0,0.263759086,3851.0,10,0,0,2,3.0,0.9017115
0,0.495512567,53,0,0.902954932,9407.0,28,0,5,0,2.0,0.75827175
1,0.9999999,82,0,0.0,6000.0,1,0,0,0,0.0,0.507831
0,0.110123171,49,0,0.292948282,25000.0,10,0,2,0,0.0,0.10390392
0,0.03837642,78,0,0.146107284,4790.0,6,0,1,0,0.0,0.03001793
0,0.900010203,32,0,0.172413793,2000.0,4,0,0,0,2.0,0.58817166
0,0.034827529,28,0,0.807676929,2500.0,4,0,2,0,2.0,0.2881239
0,0.487300804,69,0,0.299228944,6743.0,9,0,1,0,3.0,0.14067014
0,0.087274528,63,0,0.233371126,5291.0,5,0,1,0,0.0,0.087571
0,0.0,22,0,0.0,929.0,3,0,0,0,0.0,0.10665792
0,0.0,73,0,0.197901486,3430.0,11,0,0,0,0.0,0.15084644
0,0.46674356,40,0,0.02184415,4760.0,6,0,0,0,2.0,0.39458495
0,0.007470951,77,0,0.028971029,1000.0,10,0,0,0,0.0,0.10552637
0,0.089632075,57,0,0.292260784,11150.0,18,0,2,0,1.0,0.15642285
0,0.120606097,57,0,0.332904701,6998.0,28,0,2,0,1.0,0.13649361
0,0.000836416,43,0,0.33493315,5833.0,10,0,2,0,1.0,0.18146935
0,0.088580496,61,0,0.3276411,3454.0,7,0,2,0,0.0,0.1469353
0,0.007299854,63,0,0.002288853,4368.0,2,0,0,0,0.0,0.03769024
0,0.016583994,59,0,0.270020626,11150.0,9,0,2,0,1.0,0.07072379
0,0.564960424,63,0,0.278651602,27083.0,30,0,2,0,0.0,0.35626686
0,0.000666652,77,0,0.207919095,5833.0,7,0,1,0,0.0,0.08111896
0,0.983306245,47,0,0.562351261,4201.0,7,0,1,0,3.0,0.6751553
0,0.021943625,76,0,0.043182727,2500.0,15,0,1,0,0.0,0.12244863
0,0.0,72,0,0.579597141,1538.0,9,0,1,0,0.0,0.13632722
0,0.071548471,73,0,0.027262814,5501.0,11,0,0,0,0.0,0.15645157
0,0.828868117,44,0,1.486780331,4046.0,13,0,1,0,0.0,0.66447586
0,0.11568215,43,0,1.35029532,2200.0,13,0,4,0,2.0,0.51610553
0,0.025338908,33,1,0.349265854,3200.0,21,0,1,0,0.0,0.5223988
0,0.837441706,40,0,0.051172708,7503.0,2,0,0,0,0.0,0.4583428
1,0.9999999,25,0,0.1745503,1500.0,1,0,0,0,0.0,0.63296074
0,0.9999999,72,0,0.148870182,2256.0,3,0,0,0,0.0,0.22569205
0,0.04771732,57,0,0.355733914,7350.0,7,0,3,0,1.0,0.12711741
0,0.911721719,44,0,0.823973727,3044.0,12,1,0,0,0.0,0.87670416
0,0.404587985,52,1,0.606156275,3800.0,13,0,2,0,0.0,0.52903485
0,0.167402356,67,0,0.24845859,6000.0,12,0,3,0,0.0,0.15191865
0,0.280297668,51,0,0.527578737,6000.0,9,0,3,0,0.0,0.34843594
0,0.251166652,53,0,0.258624384,14000.0,8,0,2,0,0.0,0.10585239
0,0.06677379,39,0,0.48129106,3500.0,3,0,1,0,0.0,0.15202036
0,0.640844723,70,0,0.37709976,8750.0,9,0,1,0,0.0,0.23701245
0,0.108480265,58,0,0.3985932,2558.0,6,0,1,0,0.0,0.10091234
0,0.392837666,30,0,0.259484067,1976.0,4,0,0,0,0.0,0.19179346
0,0.9999999,43,0,0.0,5333.0,0,0,0,0,2.0,0.71799314
0,0.008919822,73,0,0.324817518,5479.0,6,0,1,0,0.0,0.03287007
0,0.0,37,0,0.562287542,5000.0,6,0,1,0,0.0,0.12599185
0,0.0,47,0,0.275205539,2310.0,3,0,1,0,0.0,0.15005806
0,0.9999999,49,0,0.516570803,3650.0,4,0,3,0,0.0,0.36618906
0,0.0,42,0,1528.0,0.0,4,0,1,0,1.0,0.10046342
0,0.042227365,61,0,0.310150641,7102.0,10,0,2,0,0.0,0.078555584
0,0.294067648,77,0,0.160427807,4300.0,5,0,0,0,0.0,0.08881669
0,0.043319279,50,0,0.627790736,3000.0,5,0,2,0,0.0,0.2302757
0,0.0,51,0,0.125357102,8750.0,8,1,1,1,0.0,0.8262342
0,0.117729409,49,0,0.07811664,7475.0,4,0,0,0,0.0,0.19068107
0,0.196910535,62,0,0.027524576,11189.0,10,0,0,0,0.0,0.10718995
0,0.013105988,58,0,0.318372154,15283.0,17,0,4,0,0.0,0.12456178
0,0.931253183,47,1,0.795800145,4142.0,7,0,2,0,3.0,0.7763747
0,0.128052322,46,0,0.359725613,8600.0,5,0,1,0,2.0,0.14392708
0,0.199815413,24,2,0.702770781,793.0,5,0,0,0,0.0,0.2897767
0,0.0,51,0,0.126123128,3004.0,5,0,1,0,1.0,0.15354155
0,0.662838185,65,0,0.629761016,5355.0,17,0,1,0,0.0,0.4090158
0,0.124635015,50,2,0.310473016,7800.0,7,0,2,0,2.0,0.47200787
0,0.039847094,63,0,0.713963238,3100.0,25,0,3,0,0.0,0.2043349
0,0.060977798,40,0,0.219078092,10000.0,9,0,2,0,0.0,0.13404016
0,0.492049408,50,0,0.189783676,5500.0,8,0,0,0,0.0,0.33017135
1,1.201554692,27,3,0.264273504,2924.0,7,0,0,0,0.0,0.9518289
0,0.04753978,53,0,0.394813238,5166.0,8,0,2,0,0.0,0.14158116
0,0.171831658,61,0,0.831088793,4380.0,24,0,4,0,0.0,0.44619715
0,0.016638669,39,0,0.349331505,8750.0,10,0,2,0,0.0,0.17568105
0,0.158526702,70,0,0.34243633,3258.0,11,0,1,0,1.0,0.17854835
0,0.469473918,74,0,0.758096876,3488.0,6,0,2,0,2.0,0.21701771
0,0.262451679,47,0,0.427285817,8333.0,12,0,2,0,2.0,0.18395199
0,0.0,40,0,0.002306805,2600.0,10,0,0,0,0.0,0.19386657
1,0.9999999,40,1,0.501051402,8559.0,4,2,3,0,1.0,0.935201
0,0.792701216,31,0,0.29764454,1400.0,3,0,0,0,0.0,0.5176276
0,0.000435635,53,0,0.093352532,4166.0,5,0,0,0,0.0,0.13896954
0,0.799428688,45,3,0.128190367,5210.0,3,0,0,0,3.0,0.82555914
0,0.047081949,42,0,0.25111177,16864.0,11,0,2,0,4.0,0.07549653
0,0.049494278,65,0,0.243037372,4200.0,13,0,2,0,0.0,0.08277145
0,0.139475991,56,0,0.111233394,12720.0,4,0,1,0,0.0,0.06390598
0,0.014898237,63,0,0.108695652,3311.0,4,0,0,0,0.0,0.07105544
0,0.9999999,76,0,0.296296296,1700.0,2,0,1,0,0.0,0.232261
0,0.04256613,65,0,0.29615641,4500.0,10,0,1,1,0.0,0.41642392
0,0.013255979,40,0,0.149500217,2300.0,7,0,0,0,1.0,0.15302528
0,0.470349616,65,2,0.35617894,9410.0,19,0,2,0,0.0,0.56374353
0,0.096086434,65,0,0.189769498,9500.0,21,0,1,0,0.0,0.12929758
0,0.694773683,53,0,0.816698825,5700.0,10,0,2,0,2.0,0.56350076
0,0.000663848,67,0,0.2216262,7083.0,3,0,1,0,0.0,0.08749919
0,0.9999999,60,0,0.082857143,5249.0,5,0,1,0,2.0,0.38212693
0,0.592416303,63,0,0.142533937,4419.0,3,0,0,0,0.0,0.2150495
0,0.06632228,47,0,0.169105927,6900.0,4,0,1,0,2.0,0.09824617
0,0.005304117,74,0,0.001873829,1600.0,8,0,0,0,1.0,0.041346457
0,0.046510872,40,0,0.059971442,2100.0,11,0,0,0,0.0,0.19202176
0,0.119554288,63,0,0.290696744,12500.0,16,0,1,0,0.0,0.17553163
0,0.772112214,57,1,0.323514507,15785.0,17,0,2,0,1.0,0.608799
0,0.0,69,0,0.024197791,1900.0,4,0,0,0,0.0,0.08155209
0,0.00117645,74,0,2.580645161,650.0,7,0,1,0,0.0,0.055917475
0,0.636114476,45,0,0.520716946,8591.0,14,0,1,0,3.0,0.4797928
0,0.469306139,33,0,0.409696142,2928.0,5,1,1,0,1.0,0.77343
0,0.041691438,48,1,0.3898537,9500.0,8,0,1,0,1.0,0.2593738
0,0.003540753,40,0,0.293343087,4100.0,13,0,0,0,0.0,0.07979653
0,1.011869275,40,2,0.582528101,5070.0,12,0,2,0,2.0,0.93843234
0,0.0,39,0,0.60798005,4009.0,7,0,1,0,2.0,0.12062045
0,0.113522165,60,0,0.294426393,4000.0,10,0,2,0,0.0,0.11123412
0,0.9999999,83,0,0.122165326,4100.0,3,0,0,0,0.0,0.27052888
0,0.088873717,68,2,0.090707146,2700.0,19,0,0,0,0.0,0.56732106
0,0.019981655,70,0,0.083465566,3150.0,11,0,0,0,1.0,0.11002763
0,0.144761845,56,0,0.159128021,12247.0,14,0,2,0,2.0,0.1014125
0,0.420715513,40,1,0.016798966,5416.0,2,0,0,1,0.0,0.72127664
0,0.995837986,42,1,0.506257669,4074.0,8,1,0,0,0.0,0.9027753
0,0.0,51,0,0.373943975,6746.0,8,0,1,0,3.0,0.11632762
0,0.415246129,48,0,0.352529494,5000.0,10,0,0,0,1.0,0.37849653
0,0.16386523,74,0,0.380764026,9606.0,10,0,2,0,0.0,0.18625386
0,0.839738793,31,0,0.351661779,4091.0,6,0,0,0,2.0,0.5495169
0,0.015873848,84,0,0.011662779,3000.0,11,0,0,0,1.0,0.2314827
0,0.265591771,68,0,0.461195293,13000.0,14,0,3,0,0.0,0.28941968
0,0.027448513,66,0,0.047952048,1000.0,5,0,0,0,0.0,0.071261704
0,0.076654318,79,0,0.047892771,37750.0,11,0,2,0,0.0,0.021555815
0,0.275838185,48,0,0.482129468,4000.0,7,0,2,0,0.0,0.21090369
0,0.288451925,33,0,0.21509434,7419.0,8,0,1,0,0.0,0.12196298
0,3655.0,39,0,0.172679016,9230.0,5,0,2,0,1.0,0.43914667
0,0.070112185,73,0,0.230861531,8333.0,7,0,2,0,0.0,0.08814916
0,0.045794554,73,0,0.570440429,7083.0,13,0,2,0,1.0,0.10569185
1,0.783212454,55,2,0.15574754,4166.0,7,0,0,0,0.0,0.80455595
0,0.083189108,46,0,0.2223968,7000.0,6,0,1,0,3.0,0.085459836
0,0.9999999,61,0,0.163076084,3666.0,6,1,2,1,0.0,0.874861
0,0.292286498,52,0,0.295642917,13150.0,15,0,2,0,1.0,0.1596032
0,0.051364302,66,0,0.167318557,2300.0,4,0,0,0,0.0,0.09285929
0,0.105784536,40,0,0.227123771,3966.0,10,0,0,0,1.0,0.18535487
0,0.31969796,58,0,0.49652827,7056.0,37,0,2,0,0.0,0.105164394
0,0.0,28,0,0.678431373,764.0,3,1,0,0,0.0,0.65022165
0,0.0,42,0,0.371632765,3637.0,5,0,2,0,0.0,0.1454458
0,0.099731383,44,0,0.21823636,16000.0,10,0,2,0,2.0,0.09832733
0,0.00053467,53,0,0.56887425,8500.0,17,0,2,1,0.0,0.56994504
0,0.075827281,79,0,0.037048148,6666.0,9,0,1,0,0.0,0.08400294
0,0.026839511,54,0,0.190356714,9166.0,13,0,1,0,2.0,0.044505548
0,0.218063562,46,1,0.144645885,7666.0,11,0,0,0,2.0,0.36199105
0,0.9999999,53,0,0.0,6600.0,0,0,0,0,3.0,0.752525
0,0.013207524,41,0,0.006964457,4163.0,9,0,0,0,0.0,0.17203559
0,0.9999999,55,1,0.326849037,4934.0,2,0,1,1,2.0,0.82941526
0,0.997684308,39,0,0.202658212,8200.0,6,0,0,0,1.0,0.5634956
0,0.679449477,66,0,0.605997501,2400.0,5,0,3,0,0.0,0.3120818
0,0.962721342,61,2,0.603479304,5000.0,11,0,1,0,0.0,0.8003841
0,0.897712907,44,0,0.555420071,8200.0,8,0,2,0,0.0,0.49497858
0,0.478720045,35,0,0.353107815,6000.0,7,0,1,0,0.0,0.27265364
0,0.004165799,33,0,200.0,0.0,7,0,0,0,2.0,0.15286706
1,0.9999999,43,1,0.253807107,2166.0,3,0,0,1,0.0,0.82733154
0,0.065618757,41,0,0.156512465,7500.0,9,0,2,0,0.0,0.1243128
0,0.254915028,25,0,0.383385162,2250.0,3,0,0,0,0.0,0.18880576
0,0.230017539,54,0,0.293969386,16266.0,19,0,2,0,1.0,0.14698778
0,0.148847499,54,0,243.5,1.0,11,0,0,0,0.0,0.18386331
0,0.022746003,62,0,0.004204625,2853.0,3,0,0,0,1.0,0.090682395
1,1.027331511,50,1,0.577627772,11406.0,9,0,2,0,0.0,0.8074415
0,0.009160995,88,0,0.002285061,3500.0,9,0,0,0,0.0,0.16833729
0,0.184822438,35,0,0.113221695,4000.0,7,0,0,0,0.0,0.14668876
0,0.805929179,45,0,0.513510661,9473.0,11,0,2,0,3.0,0.5335327
0,0.228305823,51,0,0.317894495,8700.0,12,0,2,0,2.0,0.16067809
0,0.181327255,62,0,0.336836727,13700.0,10,0,3,0,1.0,0.22001988
1,0.9999999,42,98,0.0,3830.0,0,98,0,98,0.0,0.9670091
0,0.690776809,60,4,0.662095565,14000.0,21,0,4,0,2.0,0.66376555
0,0.0,54,0,0.265067124,3500.0,6,0,0,0,1.0,0.21325102
0,0.0,40,0,0.199304056,8333.0,16,0,1,0,0.0,0.06638577
0,0.005698322,48,0,0.203910821,13500.0,8,0,1,0,2.0,0.027101174
0,0.029020396,69,0,0.301267542,8835.0,6,0,1,0,0.0,0.041770358
0,0.152861571,40,0,0.427114577,5000.0,9,0,2,0,0.0,0.27316216
0,0.197629678,53,0,0.336898396,4861.0,13,0,1,0,3.0,0.23503453
0,0.032495392,53,0,0.267420786,16000.0,16,0,5,0,0.0,0.18615787
0,0.006024243,86,0,0.004997918,2400.0,6,0,0,0,0.0,0.052744105
0,0.859713429,49,0,0.32769193,4076.0,13,0,0,0,0.0,0.5684187
1,0.740432612,46,0,0.176342072,6407.0,6,1,0,0,3.0,0.8503023
0,0.068889331,39,0,1.283799311,2610.0,14,0,1,0,3.0,0.34947535
0,0.492305066,39,0,0.371546356,11400.0,15,0,1,1,0.0,0.6416578
0,0.9999999,25,0,0.127342124,2881.0,2,0,0,0,0.0,0.52825683
0,0.031259375,50,0,0.049584525,7340.0,5,0,0,0,2.0,0.079897515
0,0.77993944,37,0,1.462562396,600.0,17,1,0,0,1.0,0.8089612
0,0.9999999,39,1,0.242092932,2560.0,6,8,0,1,2.0,0.9638014
0,0.768842394,59,1,1.382589612,4100.0,15,0,3,0,1.0,0.82542586
0,0.018150955,43,0,0.719700125,2400.0,8,0,2,0,2.0,0.20908587
0,0.846558832,45,0,0.727705113,5045.0,11,0,1,0,1.0,0.6822126
0,0.119772279,37,0,0.256813986,9208.0,5,0,1,0,0.0,0.16607153
0,0.101573016,46,0,0.467253275,10000.0,7,0,3,0,2.0,0.19584757
0,0.101796609,44,1,0.244523387,15200.0,10,0,2,0,4.0,0.19136466
0,0.9999999,54,1,0.717138103,600.0,1,0,0,0,0.0,0.6544126
0,0.050233664,55,0,0.150570521,8500.0,6,0,1,0,2.0,0.061440643
0,0.003941548,60,0,6.961887477,550.0,16,0,2,0,0.0,0.09006649
0,0.01361178,69,0,1.125574273,3917.0,15,0,2,0,0.0,0.13549323
1,0.208636442,63,0,0.396126157,5833.0,12,0,2,0,0.0,0.15124813
0,0.07489483,41,0,0.524895021,5000.0,10,0,1,0,2.0,0.18062124
0,0.008301299,79,0,0.093581284,5000.0,10,0,0,0,0.0,0.050896253
0,0.9999999,54,0,1.058347776,1730.0,6,0,1,0,0.0,0.4734996
0,0.548545145,28,0,0.235982448,2050.0,11,0,0,0,0.0,0.6061468
0,0.012139056,66,0,0.018930809,7500.0,20,0,0,0,0.0,0.12865354
0,0.021985028,59,0,35.0,0.0,2,0,0,0,0.0,0.020346358
0,0.04603269,51,0,0.381924943,7833.0,10,0,1,0,0.0,0.11221873
0,0.639680008,37,0,0.391363948,2917.0,5,0,0,0,4.0,0.5276217
0,0.080990553,47,0,0.662674651,500.0,9,0,0,0,2.0,0.21270248
0,0.410550487,57,0,0.309495897,14500.0,10,0,2,0,0.0,0.2158101
0,0.025026639,45,0,0.234502066,7500.0,6,0,1,0,0.0,0.090647325
0,0.363699663,55,3,0.573587142,13500.0,17,1,6,0,1.0,0.90879446
0,0.125810099,47,0,0.661186424,10400.0,10,0,2,0,2.0,0.21804607
0,0.510672393,47,0,0.302982178,5666.0,9,0,2,0,0.0,0.34635377
0,0.38279297,35,0,0.557431682,4500.0,10,0,1,0,2.0,0.4232579
0,0.231724243,63,0,0.454444197,4488.0,19,0,2,0,0.0,0.24858269
0,0.016379533,47,0,0.246344207,8000.0,11,0,1,0,2.0,0.0801808
0,0.014113031,67,0,0.274772539,6044.0,8,0,1,0,0.0,0.06430805
1,0.969100618,47,2,1.083436151,6483.0,10,0,2,0,2.0,0.90150017
0,0.350147614,33,0,0.268518519,5615.0,8,0,0,0,0.0,0.2407168
0,0.837028365,36,0,0.317280453,6000.0,5,0,0,0,2.0,0.51552725
0,0.139142925,74,0,0.099713556,12916.0,4,0,1,0,1.0,0.03234511
0,0.637591456,48,0,0.914978712,7750.0,10,0,3,0,0.0,0.56836313
0,0.101642504,61,0,0.347120271,7083.0,13,0,2,0,2.0,0.08260625
0,0.443296392,34,0,0.332271147,3451.0,5,0,0,0,3.0,0.32171625
0,0.390946502,48,0,0.286316144,5933.0,16,0,2,1,3.0,0.54423463
0,0.643133922,47,0,0.158997955,7823.0,3,0,0,0,0.0,0.3715555
0,0.600296687,35,0,1.988579586,1400.0,8,0,2,0,2.0,0.49627972
0,0.058313735,41,0,0.024661186,4500.0,13,0,0,0,3.0,0.16530101
0,0.146221344,68,0,0.303680289,4428.0,4,0,1,0,1.0,0.03741512
0,0.473157928,49,0,0.217684526,2668.0,6,0,1,0,0.0,0.26118207
0,0.008653153,60,0,0.037354967,10600.0,5,0,0,0,0.0,0.020582994
0,0.378026539,32,0,0.277725711,3200.0,4,0,0,0,4.0,0.406591
0,0.090193868,55,0,0.281441196,16180.0,10,0,2,0,0.0,0.10163471
0,0.064763484,41,0,0.307237814,2707.0,6,0,1,0,0.0,0.11553644
0,0.000693046,44,0,0.0,5178.0,2,0,0,0,0.0,0.052472897
0,0.929672243,35,0,0.768948737,15000.0,12,0,5,0,0.0,0.80657816
0,0.006735499,67,0,0.283106004,27932.0,13,0,2,0,1.0,0.031150313
1,0.9999999,29,96,0.0,2800.0,0,96,0,96,2.0,0.96776265
0,0.213621768,44,1,1.042319227,3000.0,7,0,0,0,2.0,0.5990613
0,0.029934938,32,0,0.126312281,6000.0,8,0,0,0,0.0,0.100271784
0,0.547358476,36,2,0.248031104,10030.0,8,0,1,0,2.0,0.61336803
0,0.138451659,41,0,926.0,0.0,7,0,0,0,3.0,0.070022814
0,0.052833849,65,0,0.252502781,1797.0,6,0,1,0,0.0,0.087582074
0,0.501158699,53,0,0.439031725,6650.0,11,0,1,0,0.0,0.38746712
0,0.013015184,78,0,0.004608295,2386.0,10,0,0,0,0.0,0.103012815
0,0.231673214,53,0,0.270669515,22000.0,12,0,2,0,2.0,0.183366
0,0.0,62,0,0.040462428,5016.0,5,0,0,0,1.0,0.079476476
0,0.459624601,48,0,0.590822483,6297.0,15,0,1,0,1.0,0.48888856
0,0.983450827,42,0,0.770223596,5500.0,5,0,1,0,2.0,0.6148685
0,0.9999999,48,0,0.871535703,9200.0,12,0,5,0,3.0,0.7474309
0,0.528676523,35,0,0.171853518,8000.0,6,0,1,0,1.0,0.27405712
0,0.169535822,29,0,0.050974513,2000.0,5,0,0,0,0.0,0.16436407
0,0.083515856,53,1,0.205015674,4784.0,2,0,1,0,2.0,0.34064576
0,0.201865423,23,0,0.005863956,2557.0,2,0,0,0,0.0,0.19738726
0,0.009117922,71,0,0.288425047,1580.0,8,0,0,0,0.0,0.06862241
0,0.002477832,53,0,0.418096984,6000.0,13,0,1,0,2.0,0.08539376
0,5649.0,63,0,0.287246114,17625.0,6,0,1,0,1.0,0.124854825
0,0.399989611,60,0,0.523084729,3941.0,9,0,1,0,1.0,0.22524184
0,0.873144821,55,0,0.26102224,5125.0,5,0,0,0,0.0,0.48781312
0,0.04104725,50,0,0.273550153,9500.0,9,0,1,0,1.0,0.09683648
0,0.397174753,58,0,0.190934197,10500.0,17,0,2,0,0.0,0.2357892
0,0.146347967,38,0,0.027707505,8300.0,12,0,0,0,1.0,0.21612509
0,0.9999999,27,0,0.328977709,1300.0,8,0,0,0,0.0,0.65513057
0,0.9999999,56,0,0.0,12000.0,1,0,0,0,0.0,0.39366934
0,0.038438768,63,0,0.309566787,5539.0,12,0,1,0,0.0,0.074323505
0,0.0,46,0,0.032146516,7807.0,3,0,0,0,0.0,0.16392362
1,0.164285161,54,3,0.546739055,14366.0,14,0,1,0,4.0,0.6855726
0,0.343245725,44,0,0.585512216,4665.0,13,0,1,0,1.0,0.36597466
1,0.05879825,64,0,0.155652509,15585.0,23,0,3,0,1.0,0.27920407
1,1.068965517,45,0,0.283450306,4416.0,2,2,0,1,2.0,0.94963926
0,0.179706951,77,0,170.0,0.0,11,0,0,0,0.0,0.15830262
0,0.881640073,43,0,0.028794241,5000.0,4,0,0,1,5.0,0.86164784
0,0.0,40,0,0.171305053,3700.0,5,0,0,0,0.0,0.094043106
0,0.57181683,59,0,0.305869074,12403.0,16,0,2,0,3.0,0.19727673
0,0.181652449,58,0,0.218958765,17363.0,7,0,1,0,1.0,0.07338453
0,0.01111067,30,0,0.190646198,2800.0,4,0,0,0,0.0,0.09331444
0,0.029060631,78,0,0.005999143,7000.0,4,0,0,0,0.0,0.06098709
0,0.366631992,30,0,0.349130174,3333.0,7,0,0,0,0.0,0.23860185
0,0.9999999,51,2,0.138893055,6666.0,2,0,0,1,0.0,0.86843276
0,0.22241798,83,0,0.210679869,11310.0,7,0,2,0,0.0,0.038511235
0,0.880449083,81,1,0.271909364,3000.0,2,1,0,1,0.0,0.7987497
0,0.68355443,34,0,0.264168359,5416.0,9,0,1,0,2.0,0.46912107
0,0.002837176,58,0,2521.0,0.0,10,0,1,0,0.0,0.074944235
0,0.390034855,39,0,0.588162149,4020.0,10,0,0,0,0.0,0.39545843
0,0.9999999,46,0,0.107483619,8698.0,3,0,0,0,2.0,0.5168476
0,0.845627259,44,1,0.068235666,6330.0,4,0,0,0,1.0,0.65548056
0,0.007709777,42,0,0.00279944,5000.0,12,0,0,0,0.0,0.09785102
0,0.0,77,0,0.320083996,6666.0,15,0,1,0,1.0,0.19364661
0,0.154975822,42,0,0.032053316,3150.0,4,0,0,0,0.0,0.14575781
0,0.0,46,0,0.347920974,8705.0,3,0,2,0,3.0,0.18630214
0,0.403427913,64,0,0.737295909,5450.0,9,0,3,0,0.0,0.36655653
0,0.148933965,36,0,0.603690288,8833.0,15,0,3,0,1.0,0.45712
0,0.088173802,36,0,0.373897707,1700.0,8,0,0,0,2.0,0.1718808
0,0.092517306,47,0,0.227662797,1980.0,4,0,0,0,0.0,0.13693297
1,0.434745251,49,1,1.107111693,4583.0,36,0,2,0,0.0,0.8325483
1,0.618229638,45,0,0.43232096,5333.0,8,0,2,0,0.0,0.41983658
0,0.420798359,45,0,1.383497966,1720.0,8,0,2,0,2.0,0.40370145
0,0.176113085,32,0,0.474462073,4600.0,12,0,1,0,2.0,0.30462244
1,0.416507716,58,0,0.297036902,5500.0,9,0,0,0,0.0,0.31741413
0,0.189722633,56,0,0.571314316,3750.0,11,0,2,0,0.0,0.27152002
0,0.03550442,32,0,0.007436261,2823.0,5,0,0,0,2.0,0.16147655
0,0.9999999,47,2,0.603099225,4000.0,2,0,1,1,1.0,0.88805974
0,0.06818848,32,0,0.226555099,6333.0,13,0,0,0,0.0,0.14062378
0,0.99488041,47,0,0.51346557,6200.0,13,0,1,1,0.0,0.887539
1,1.054396374,32,3,0.490121317,5769.0,7,0,2,0,0.0,0.9298443
0,0.902863751,47,1,0.618192164,12301.0,10,0,2,0,1.0,0.69069546
0,0.545687622,29,0,0.478402229,4305.0,6,0,1,0,1.0,0.4045633
0,0.041599021,55,0,0.000147298,835040.0,8,0,0,0,0.0,0.039364994
0,0.869828311,51,0,0.220603054,12900.0,7,0,1,0,1.0,0.3222323
0,0.205307565,63,0,0.071708683,3569.0,3,0,0,0,0.0,0.17266583
0,0.012172613,43,0,0.634273145,5000.0,11,0,3,0,0.0,0.3084209
0,0.149286002,66,0,0.25554889,5000.0,28,0,1,0,0.0,0.13601445
0,0.027509081,33,0,0.631598652,2670.0,8,0,1,0,1.0,0.20998858
0,0.053977665,43,1,0.287116308,14366.0,13,0,2,0,2.0,0.25225917
0,0.049428816,42,0,0.23611752,6500.0,13,0,1,0,3.0,0.121028595
0,0.387109524,50,0,0.720519194,3620.0,12,0,1,0,2.0,0.36958998
1,0.679526706,26,0,0.556721639,2000.0,12,0,0,0,0.0,0.74433184
1,1.191404298,48,2,0.707421875,5119.0,9,1,2,6,1.0,0.979965
0,0.012099395,51,0,0.452494874,13166.0,8,0,4,0,4.0,0.15555686
0,0.477187588,60,0,0.428095285,10200.0,19,0,2,0,2.0,0.20227663
0,0.00334451,64,0,0.309490633,6458.0,15,0,3,0,0.0,0.11310676
1,0.418990912,62,0,1.612903226,2200.0,18,1,0,0,0.0,0.8780808
0,0.847450807,54,0,0.443594871,8500.0,14,0,3,0,0.0,0.47021535
0,0.993704869,28,1,0.103136182,4750.0,13,0,0,0,3.0,0.79760826
0,0.007274639,67,0,0.456291056,3957.0,20,0,1,0,0.0,0.123437904
0,0.203854078,30,0,0.442119323,2245.0,4,0,0,0,0.0,0.17279832
0,0.641094524,57,0,0.642930014,4900.0,9,0,1,0,1.0,0.4485146
0,0.102612144,63,0,0.447822514,6084.0,11,0,2,0,2.0,0.14516641
0,0.138502804,28,0,0.890306122,1175.0,5,0,1,0,0.0,0.24614333
0,0.439093085,36,0,0.075624501,8766.0,6,0,0,0,2.0,0.3005091
0,0.378106859,41,0,0.379946486,7100.0,14,0,2,0,0.0,0.25886133
0,0.9999999,28,0,0.209616829,1330.0,1,0,0,1,1.0,0.8931189
0,0.99440056,51,0,0.379709535,4750.0,5,2,1,0,2.0,0.89945114
0,0.102265826,36,0,0.499181967,5500.0,10,0,2,0,1.0,0.2298805
0,0.015096531,65,0,0.006182734,4366.0,6,0,0,0,0.0,0.064865306
0,0.012129713,58,0,0.075661623,15000.0,5,0,1,0,0.0,0.056633774
0,0.715773786,49,0,12.5748503,500.0,17,0,2,0,3.0,0.62915754
0,0.014201051,60,0,0.180094242,8700.0,8,0,1,0,1.0,0.057177905
0,0.705130914,50,0,0.31810686,6063.0,4,0,0,0,0.0,0.44983473
0,0.405780006,44,0,0.398070815,8500.0,12,0,2,0,2.0,0.2448882
0,0.167156024,69,0,0.370827819,6800.0,15,0,1,0,1.0,0.08208248
0,0.0,35,0,0.407518496,5000.0,6,0,1,0,0.0,0.08739776
0,0.159300323,54,0,0.133413752,8289.0,11,0,1,0,0.0,0.24262658
1,0.988023952,38,1,0.729276896,2267.0,4,2,1,2,0.0,0.9605608
0,0.02406012,76,0,1.419720187,1500.0,9,0,2,0,1.0,0.21849443
0,0.127946946,29,0,0.219911147,4951.0,11,0,0,0,0.0,0.18522453
0,0.625553965,68,1,0.783495534,7500.0,17,0,4,0,0.0,0.6338959
0,0.016207658,64,0,0.320419895,4000.0,5,0,1,0,0.0,0.04269279
0,0.288075207,67,2,0.759261633,7800.0,17,0,7,0,2.0,0.7187697
0,0.157979624,45,1,0.439784236,9083.0,8,0,3,0,3.0,0.41224265
0,0.037263649,61,0,0.386084584,5130.0,9,0,1,0,2.0,0.08807776
0,0.836294011,29,3,0.260170076,4350.0,8,0,1,0,1.0,0.716505
0,0.593229738,51,0,0.582527847,10862.0,12,0,2,0,1.0,0.51657265
0,0.028245967,63,0,0.110179061,6198.0,5,0,1,0,4.0,0.092688985
0,0.06351938,55,0,0.85228189,6200.0,14,0,3,0,2.0,0.38040423
0,0.062422351,53,0,0.395305028,6900.0,5,0,1,0,1.0,0.096939094
0,0.99856528,43,0,2.744989634,1446.0,6,0,1,0,2.0,0.56450313
0,0.0,52,0,0.452050152,2950.0,4,0,1,0,0.0,0.17781708
0,0.095971684,67,0,0.149768994,15583.0,14,0,1,0,0.0,0.063136026
0,0.0,55,0,0.101389861,10000.0,17,0,1,0,3.0,0.08804832
0,0.076315843,37,0,0.261240564,3046.0,7,0,0,0,0.0,0.14434792
0,0.02918431,83,0,0.00980859,10500.0,7,0,1,0,0.0,0.021442868
0,0.237374594,62,0,0.550689862,5000.0,8,0,1,0,0.0,0.16656636
0,0.959258622,46,0,0.189431877,5790.0,10,0,0,0,3.0,0.5361356
0,0.000155552,50,0,0.36654558,5780.0,11,0,1,0,2.0,0.10642458
0,0.885093347,31,0,0.456459875,3513.0,14,0,1,0,0.0,0.6409898
0,0.049119555,33,0,0.102355072,5519.0,3,0,0,0,0.0,0.08201649
0,0.9999999,42,0,0.091954023,2000.0,0,0,0,0,0.0,0.62774134
0,0.041924682,71,0,27.0,0.0,4,0,0,0,0.0,0.027625473
0,0.011332578,75,0,0.001749563,4000.0,5,0,0,0,0.0,0.01911569
0,0.0,73,0,0.13517942,12205.0,9,0,1,0,0.0,0.087779276
0,0.487834144,54,0,0.193608275,7540.0,7,0,1,0,0.0,0.19106345
0,0.284333538,68,0,0.478822032,5500.0,14,0,2,0,1.0,0.20671514
0,0.120881273,48,0,0.392759661,6960.0,5,0,2,0,2.0,0.12747183
0,0.974053997,45,4,0.234289955,8083.0,9,0,0,0,0.0,0.8642757
0,0.258859291,41,0,0.365340349,3040.0,7,0,0,0,2.0,0.2841966
1,1.031069936,46,1,0.158099047,8500.0,15,0,2,0,0.0,0.8373672
1,0.781796795,35,3,0.499500167,3000.0,9,2,1,3,0.0,0.9653176
0,0.054860487,49,0,0.201336877,12416.0,10,0,1,0,2.0,0.065778874
0,0.032886552,73,0,0.005255736,7800.0,5,0,0,0,0.0,0.03312323
0,0.144943718,69,0,0.342187946,3500.0,19,0,1,0,0.0,0.149681
0,0.692907381,34,0,0.121455777,4725.0,11,0,0,0,0.0,0.48319817
0,0.473880113,39,0,0.53254151,8250.0,9,0,1,1,2.0,0.6653355
0,0.040285139,50,0,0.278271436,13166.0,8,0,2,0,0.0,0.08193924
0,0.053422514,47,0,0.14901214,4200.0,16,0,0,0,1.0,0.16037469
0,0.241634072,25,0,0.056812204,1900.0,5,0,0,0,0.0,0.33930442
0,0.462523114,56,0,0.4419018,4500.0,6,0,1,0,1.0,0.21751018
0,0.010639659,56,0,0.24035193,5000.0,14,0,1,0,1.0,0.13415444
0,0.950609878,44,0,0.446610678,3333.0,3,0,1,0,1.0,0.43381727
0,0.0,22,0,0.21641791,401.0,6,0,0,0,0.0,0.06881896
0,0.0,57,0,0.0,1600.0,1,1,0,0,0.0,0.6177188
0,0.683397034,50,1,0.811337732,3333.0,9,0,1,0,0.0,0.5837264
0,0.000959164,63,0,0.132337372,8500.0,7,0,1,0,0.0,0.11158967
0,0.044022494,56,1,0.537692462,5000.0,7,1,2,0,2.0,0.85845125
0,0.114798855,66,0,0.257236842,7599.0,4,0,1,0,1.0,0.08617099
0,0.197305476,41,0,0.210506433,45000.0,10,0,3,0,3.0,0.2938706
0,0.6010198,57,0,1.467532468,1000.0,7,0,1,0,1.0,0.38635117
0,0.052419771,64,0,0.210611365,7425.0,20,0,1,0,1.0,0.13633296
0,0.021314777,49,0,0.448609732,12083.0,15,0,2,0,2.0,0.14249662
0,0.55126498,34,1,0.316980415,5258.0,4,0,1,0,2.0,0.5322905
0,0.508632301,43,0,0.217869665,8270.0,7,0,2,0,2.0,0.27942076
0,0.206098777,65,0,0.338240707,8150.0,13,0,3,0,1.0,0.14706244
0,0.045428054,36,0,0.351272016,1021.0,6,0,0,0,0.0,0.13441856
0,0.410429967,31,0,0.590881824,3333.0,8,0,1,0,0.0,0.32849836
0,0.205788658,69,0,0.880144653,5806.0,14,0,3,0,0.0,0.33107743
0,0.010322998,78,0,0.281343731,3333.0,8,0,1,0,0.0,0.07566873
0,0.227954528,49,1,0.336265494,2500.0,5,0,0,0,0.0,0.4833919
0,0.338397623,47,0,0.31385721,6400.0,7,0,1,0,1.0,0.24241468
0,0.057175305,55,0,0.593378513,9000.0,11,0,2,0,0.0,0.17104542
0,0.011421645,68,0,0.13547742,6000.0,8,0,2,0,0.0,0.047964495
0,0.0,39,0,0.0,2487.0,6,0,0,0,0.0,0.05221703
0,0.310671387,78,1,0.236431554,4550.0,15,0,1,1,1.0,0.71091115
0,0.243872021,53,0,0.534027778,8639.0,22,0,2,0,3.0,0.2875962
0,0.022440925,63,0,0.012506724,7435.0,19,0,0,0,0.0,0.10588204
0,0.117586084,37,0,0.263461827,13333.0,11,0,2,0,2.0,0.18093042
1,1.021956088,33,1,0.107393172,4422.0,4,3,0,0,0.0,0.9486368
0,0.895569758,53,0,0.474004521,5750.0,12,0,2,0,0.0,0.49465168
0,0.045507205,71,0,0.010604454,6600.0,7,0,0,0,0.0,0.041722815
0,0.005860622,39,0,10.46710526,151.0,8,0,1,0,2.0,0.056575667
0,0.91259684,27,0,0.270606884,4415.0,6,0,0,0,0.0,0.5207572
0,0.000978387,84,0,0.000239981,4166.0,10,0,0,0,0.0,0.025915496
0,0.037064206,37,3,0.411708253,6251.0,12,0,1,0,2.0,0.5053913
0,0.347069241,67,0,0.552445401,3250.0,8,0,1,0,1.0,0.19838415
0,0.005454362,70,0,0.061764098,4840.0,3,0,1,0,0.0,0.015821837
0,0.319178624,40,0,0.736661067,12500.0,10,0,3,0,1.0,0.58221495
0,0.724220984,52,0,0.093442906,17400.0,4,0,0,0,2.0,0.43841124
0,0.019393461,50,0,0.165245869,40000.0,15,0,1,0,3.0,0.08748385
0,0.750125595,47,0,0.359425125,7792.0,10,0,1,0,1.0,0.42655152
0,0.065956274,63,0,0.288135593,5250.0,7,0,1,0,1.0,0.09858753
0,0.9999999,69,2,0.498677637,3402.0,4,0,1,2,0.0,0.84303
0,0.065584657,50,0,0.053731542,30000.0,16,0,2,0,2.0,0.11734574
0,0.0,39,0,0.355875546,23333.0,8,0,4,0,4.0,0.28827348
0,0.9999999,60,0,0.21392869,3000.0,4,0,0,0,0.0,0.45786652
0,0.128585064,49,0,0.691106823,5700.0,14,0,1,0,2.0,0.18388963
0,0.9999999,29,0,0.117824773,2647.0,2,0,0,0,0.0,0.5091685
0,0.015017896,57,0,0.154427286,9000.0,6,0,2,0,1.0,0.06539602
0,0.033077235,54,0,0.438512298,5000.0,14,0,2,0,0.0,0.17801565
0,0.081486089,79,0,0.176379938,7137.0,10,0,1,0,0.0,0.07519761
0,0.279927391,34,2,0.132046199,5800.0,6,0,0,0,1.0,0.5450235
0,1.004284949,42,0,0.615486726,2259.0,7,0,1,0,1.0,0.6649186
0,0.042707434,50,0,11.87649402,250.0,15,0,4,0,2.0,0.23430784
0,0.9999999,25,0,0.016518148,4600.0,1,0,0,0,1.0,0.6158128
0,0.205745401,50,0,0.546863735,5547.0,9,0,2,0,1.0,0.24702507
0,0.900219956,28,0,0.065278758,2833.0,3,0,0,0,1.0,0.58112305
0,0.508905197,40,0,0.115735533,8000.0,6,0,0,0,1.0,0.34471107
0,0.055728006,68,0,0.276635929,9000.0,5,0,1,0,1.0,0.047800638
0,0.330541863,28,0,0.069654073,10666.0,6,0,0,0,0.0,0.09645556
0,0.381138778,31,0,0.330814108,7541.0,12,0,1,0,1.0,0.31237137
0,0.067917083,39,0,0.417320412,6500.0,12,0,2,0,2.0,0.2783784
0,0.0,38,0,0.223060131,5038.0,8,0,2,0,0.0,0.109530784
0,0.24198285,41,0,0.266269076,5700.0,6,0,2,0,2.0,0.140651
0,0.064225917,59,0,0.169297951,5953.0,11,0,0,0,2.0,0.11550506
0,0.492299461,41,0,0.555856833,20283.0,13,0,5,0,2.0,0.6715411
0,0.002295402,67,0,1230.0,0.0,12,0,1,0,0.0,0.03954257
0,0.9999999,62,0,0.664221287,8314.0,8,0,3,0,0.0,0.36948127
0,0.066059494,50,0,0.021645829,5358.0,2,0,1,0,0.0,0.07134671
0,0.092017992,50,0,0.307866761,7054.0,9,0,2,0,0.0,0.12372608
0,0.96486803,48,0,0.464646465,2870.0,5,0,1,0,0.0,0.5140004
0,0.0,41,0,0.357116485,10833.0,11,0,1,0,2.0,0.2158621
0,0.306284839,56,1,0.244187791,6666.0,10,0,0,0,0.0,0.54011303
0,0.080566212,50,1,0.180374768,6990.0,11,0,1,0,0.0,0.26941925
0,0.031140633,45,0,0.075146243,20000.0,9,0,0,0,0.0,0.14871076
0,0.0193058,82,0,0.003537917,6500.0,9,0,0,0,0.0,0.16974542
0,0.139827433,75,0,0.194361128,1666.0,5,0,0,0,0.0,0.11987983
0,0.190127409,46,2,0.188692965,5500.0,5,0,2,0,2.0,0.48975638
0,0.032966889,48,0,0.537307906,5400.0,10,0,2,0,1.0,0.17380103
0,0.061864748,73,0,0.25754849,5000.0,8,0,1,0,1.0,0.04542448
0,0.034315312,40,0,0.352941176,1325.0,8,0,0,0,0.0,0.16106004
0,0.337917912,47,0,0.590881824,5000.0,11,0,2,0,1.0,0.4307241
0,0.009996553,70,0,0.374050842,3028.0,9,0,1,0,0.0,0.11345669
0,0.008303083,83,0,0.098124383,5064.0,7,0,1,0,1.0,0.025489891
0,0.000599983,49,0,0.380211574,9641.0,11,0,3,0,0.0,0.17965089
1,0.438000442,47,4,0.629432151,3750.0,14,0,1,0,0.0,0.7757464
0,0.087438605,67,0,0.229654879,4693.0,4,0,1,0,0.0,0.06372192
0,0.01773889,49,0,0.268582755,13116.0,10,0,2,0,2.0,0.08594906
1,0.995001,50,1,0.534982935,3515.0,9,2,1,2,2.0,0.959887
0,0.017029161,69,1,0.443872141,6600.0,7,0,1,1,0.0,0.60891646
0,0.117516219,55,0,0.113954418,2500.0,16,0,0,0,0.0,0.27776918
0,0.605577689,72,2,0.143986287,10500.0,10,0,1,0,0.0,0.45505038
0,0.300569947,37,0,1.040480635,8571.0,15,0,3,0,0.0,0.68525386
0,0.530359424,65,0,0.58230384,5989.0,5,0,2,0,1.0,0.25192973
0,0.09700895,34,0,0.197096433,10400.0,17,0,1,0,1.0,0.17433192
1,0.850385371,39,0,0.225461963,8333.0,14,0,0,0,4.0,0.6026698
0,0.730887332,52,0,0.565838332,3500.0,6,0,1,0,3.0,0.50114614
0,0.11264118,63,0,0.25833948,12200.0,16,0,2,0,0.0,0.1153781
0,0.040088295,65,0,0.102040816,8917.0,4,0,1,0,2.0,0.037474807
0,0.11736707,66,0,0.05598134,3000.0,4,0,0,0,0.0,0.18154721
0,0.168341307,75,0,0.315723966,7230.0,15,0,1,0,0.0,0.14769343
0,0.315134243,43,0,0.295463067,8000.0,6,0,1,0,0.0,0.20974427
0,0.274800908,47,1,0.309497935,4600.0,11,0,2,0,1.0,0.4395594
0,0.032137799,72,0,0.310137972,5000.0,8,0,1,0,1.0,0.03832571
0,1.006248438,56,0,0.033779896,12166.0,5,0,0,0,1.0,0.2829317
0,0.256004784,64,0,0.176271186,3539.0,8,0,0,0,0.0,0.16599397
0,0.566744834,67,0,0.553423088,3490.0,15,0,1,0,1.0,0.39219782
0,0.298904618,73,0,0.215270414,6600.0,18,0,0,2,0.0,0.767995
0,0.013688022,72,0,0.114809418,13038.0,8,0,2,0,2.0,0.047197815
0,0.0,31,0,0.094867807,4500.0,10,0,0,0,0.0,0.15128277
0,0.819462752,33,0,0.380245417,6600.0,10,0,1,0,1.0,0.5439688
0,0.108680707,55,0,0.155986643,6288.0,7,0,1,0,0.0,0.090390965
0,0.066093391,52,0,0.00747443,2541.0,1,0,0,0,0.0,0.16708954
0,0.015910938,76,0,0.311965812,6785.0,9,0,1,0,1.0,0.070261784
0,0.240857526,36,0,0.274748478,8050.0,14,0,1,0,3.0,0.24593076
0,0.227898356,39,1,0.226050534,7400.0,14,0,1,1,1.0,0.6519068
0,1.022395521,55,1,0.490724536,2856.0,7,0,1,0,0.0,0.8473606
0,0.054627101,32,0,0.172327828,3208.0,10,0,0,0,0.0,0.20087805
0,0.802258841,44,0,0.252771137,4600.0,4,2,1,0,2.0,0.87156695
0,0.053240099,48,0,0.824682814,2600.0,17,0,2,0,2.0,0.27867526
0,0.173452306,49,0,0.234821519,9832.0,14,0,1,0,2.0,0.21113047
0,0.027266838,83,0,0.00367165,7625.0,7,0,0,0,0.0,0.077721894
0,0.758040063,44,0,0.427347311,5484.0,13,0,3,0,2.0,0.43409315
0,0.256782881,44,0,0.156603107,5663.0,5,0,1,0,3.0,0.09990125
0,0.280477039,62,0,0.867295947,1800.0,12,0,1,0,0.0,0.22567005
0,1.008498584,45,0,0.80292366,1846.0,4,0,0,0,1.0,0.71120626
0,0.042909552,62,0,0.041813602,1984.0,10,0,0,0,0.0,0.2534169
0,0.81774498,70,0,0.663056157,6000.0,17,0,2,0,0.0,0.5015447
0,0.013143947,42,0,0.267732962,2875.0,7,0,1,0,0.0,0.11613092
0,0.311725823,46,0,0.296409008,11500.0,12,0,3,0,2.0,0.2029732
0,0.009332768,29,1,0.023494126,4000.0,5,0,0,0,0.0,0.18150638
0,0.092907093,23,0,0.002150538,929.0,2,0,0,0,0.0,0.22332758
0,0.137209112,51,1,0.305021928,16188.0,8,0,2,0,5.0,0.25001284
0,0.031241114,48,0,0.122975405,5000.0,11,0,0,0,2.0,0.12562893
0,0.508329774,28,0,0.141230068,3950.0,9,0,0,0,0.0,0.4708935
0,0.498926005,28,0,0.199468085,3383.0,9,1,0,0,0.0,0.76686335
0,0.014373007,66,1,0.121575157,101500.0,17,0,5,0,3.0,0.18604536
0,0.125241162,37,0,2344.0,0.0,12,0,1,0,0.0,0.0979711
1,0.704091342,70,2,0.00999524,2100.0,3,0,0,2,0.0,0.8232304
0,1.0119988,35,0,0.242736645,5334.0,5,0,1,0,1.0,0.6028906
0,0.0,32,0,0.111039321,10833.0,5,0,0,1,2.0,0.319056
0,0.460477068,42,2,0.204465922,6000.0,10,0,0,0,1.0,0.6038908
0,0.673853942,47,0,0.30150683,7100.0,10,0,2,0,2.0,0.34670308
0,0.068720894,54,0,0.377418081,7598.0,18,0,2,0,0.0,0.2603863
0,0.011647255,46,0,0.204814052,9222.0,10,0,0,0,1.0,0.14863642
0,0.310479218,38,0,0.387514421,7800.0,5,0,1,0,2.0,0.2412233
0,0.0,36,0,0.0,3200.0,5,0,0,0,2.0,0.084784195
0,0.072014385,31,0,0.351385128,4800.0,12,0,2,0,0.0,0.4411155
0,0.358666165,42,0,0.067860866,10550.0,4,0,0,0,2.0,0.14679645
0,0.435571688,40,3,0.060479873,5042.0,4,0,0,0,0.0,0.6882135
0,0.066402632,58,0,0.103669465,10600.0,10,0,2,0,1.0,0.06491589
0,0.696783975,49,0,0.344413897,4000.0,5,0,0,0,2.0,0.45792818
0,0.979594759,33,0,0.276295269,23083.0,9,0,2,0,1.0,0.62977153
0,0.677576546,70,2,0.960652591,2083.0,13,0,1,1,0.0,0.8084878
0,0.009605363,48,0,0.218664079,6182.0,7,0,1,0,3.0,0.07658499
0,0.121096055,54,0,0.419228205,13500.0,15,0,2,0,1.0,0.16652986
0,0.125876677,62,0,0.312647181,7218.0,14,0,2,0,0.0,0.11576096
1,1.00619876,29,0,0.436854382,3000.0,8,0,0,1,1.0,0.9045829
0,0.716566866,23,0,0.02828619,600.0,2,0,0,0,0.0,0.45633972
0,0.605494976,67,0,0.249293614,12386.0,4,0,1,0,0.0,0.11081898
0,0.682907075,58,1,0.622729108,4953.0,13,0,2,0,1.0,0.59915143
0,0.531311195,45,0,0.126431993,4800.0,5,0,0,0,0.0,0.39644533
0,0.019195039,53,0,0.500293083,3411.0,13,0,1,0,0.0,0.10707575
0,0.009094805,64,0,0.041234168,10500.0,5,0,1,0,0.0,0.013979582
0,0.832714924,26,0,0.147500874,5721.0,7,0,0,0,0.0,0.4722187
0,0.194812295,29,0,0.139534884,2708.0,5,0,0,0,0.0,0.12259926
0,0.080445251,45,2,0.276247614,11000.0,8,0,2,0,1.0,0.4119659
0,0.256814135,33,0,0.552795031,3058.0,5,0,0,1,0.0,0.5923688
0,0.070353992,43,0,0.231085619,26500.0,4,0,1,0,3.0,0.10691118
0,0.370402574,50,0,0.29877823,2700.0,9,0,0,0,0.0,0.3726081
0,0.093628028,57,0,0.261658729,11128.0,19,0,1,0,1.0,0.11379052
0,0.029506003,92,0,0.043982407,5001.0,9,0,1,0,0.0,0.024582261
0,0.289642243,37,0,0.201566364,2425.0,9,0,0,0,0.0,0.26262742
0,1.043007807,47,2,0.416628805,2200.0,8,3,0,0,1.0,0.9794831
0,0.9999999,51,0,0.152831652,3866.0,1,0,0,0,3.0,0.6618097
0,0.0,39,0,0.437458343,4500.0,4,0,1,0,1.0,0.12506226
0,0.316675892,45,0,2.670206121,1600.0,22,0,1,0,0.0,0.4788377
0,0.030452048,41,0,0.158304575,11300.0,6,0,2,0,0.0,0.06255646
0,0.051599674,58,0,0.073858447,8759.0,5,0,0,0,0.0,0.06963418
0,0.9999999,50,0,0.241507499,7800.0,3,0,2,0,2.0,0.3128857
0,0.0,64,0,0.229476953,14166.0,15,0,3,0,0.0,0.15462431
0,0.06597988,46,0,0.121692477,8200.0,10,0,1,0,2.0,0.097081944
0,0.605599807,49,2,0.56744885,8650.0,9,0,1,0,2.0,0.7351304
0,0.001782748,32,0,0.132373525,5000.0,7,0,0,0,2.0,0.13426262
0,0.9999999,69,0,0.171391753,2327.0,4,0,0,0,0.0,0.3381363
0,0.107347913,40,0,0.241193272,3150.0,7,0,1,0,0.0,0.11603374
0,0.9999999,50,0,0.199425081,2782.0,1,0,0,0,1.0,0.68590146
0,0.402867038,43,5,0.494407159,14750.0,36,1,2,0,0.0,0.87306625
0,0.009794234,58,0,0.023798191,2100.0,15,0,0,0,1.0,0.27890962
0,0.0,36,0,0.151939224,2500.0,8,0,0,0,2.0,0.17279802
0,0.10910359,62,0,0.51242236,4185.0,18,0,1,0,0.0,0.16240858
0,0.820211986,39,0,0.202656384,4667.0,2,0,1,0,0.0,0.37333304
1,0.0,32,0,0.086052956,6495.0,3,0,0,0,4.0,0.6480107
0,0.122203704,60,0,0.21922626,14500.0,10,0,1,0,2.0,0.07361797
0,0.522619681,43,0,0.765046991,5000.0,9,0,1,0,2.0,0.5550527
0,0.422661334,43,0,0.229954009,5000.0,4,0,0,0,1.0,0.29308683
1,0.9999999,31,1,0.673023685,3250.0,3,3,1,0,2.0,0.9496369
0,0.0,43,0,0.312949986,10416.0,5,0,3,0,3.0,0.08151006
0,0.182156547,37,0,0.221202003,9583.0,5,0,1,0,3.0,0.107180126
0,0.02536856,51,0,0.007098121,4789.0,9,0,0,0,0.0,0.14860424
0,0.912299184,32,0,0.294991161,8484.0,14,0,2,0,0.0,0.5568234
0,0.9999999,24,0,0.170637971,1300.0,3,0,0,0,0.0,0.5722111
0,0.009111044,78,0,0.005805515,6200.0,10,0,0,0,0.0,0.055855922
0,0.32500861,38,0,0.338227297,9194.0,12,0,1,0,3.0,0.27291498
0,0.717829232,46,0,0.420068631,8450.0,7,0,1,0,3.0,0.39334333
0,0.9999999,52,0,0.0,4850.0,1,0,0,0,1.0,0.59550065
0,0.996336599,51,0,0.679231473,5464.0,11,0,1,0,1.0,0.66638577
0,0.122043055,33,0,0.87906047,2000.0,8,0,1,0,3.0,0.20899005
0,0.291854073,28,0,0.166180758,2400.0,6,0,0,0,1.0,0.27203903
0,0.442054424,56,1,0.313699825,9167.0,9,0,2,0,0.0,0.28810593
0,0.887449093,31,1,0.235010338,1450.0,7,0,0,6,0.0,0.892464
0,0.618858478,57,0,0.372451409,23100.0,18,0,3,0,0.0,0.4273979
0,0.090687967,49,0,0.01623199,5482.0,4,0,0,0,0.0,0.10110613
0,0.510996564,49,0,0.709946849,3950.0,8,0,1,2,0.0,0.8212377
0,0.093295204,70,0,0.031365314,4877.0,5,0,0,0,0.0,0.027279537
0,0.009199947,57,0,1.444622151,2500.0,13,0,2,0,0.0,0.2946661
0,0.009077403,66,0,0.2292,7499.0,7,0,1,0,1.0,0.04589287
0,0.702693502,43,0,0.137056457,8200.0,7,0,0,0,1.0,0.48663843
0,0.112978196,72,0,0.219178082,10000.0,19,0,1,0,2.0,0.09717949
0,0.233787242,41,0,0.407997501,3200.0,6,0,1,0,1.0,0.23679706
0,0.07132533,60,2,0.157855268,8000.0,15,0,0,0,0.0,0.5061903
0,0.0,68,0,0.433638444,873.0,2,0,0,0,0.0,0.11307907
0,0.210228413,54,0,0.149595687,8161.0,6,0,0,0,0.0,0.1602983
0,0.285621399,64,0,0.140276121,5866.0,7,0,0,0,0.0,0.12224602
0,0.080938571,57,0,0.215903765,6400.0,7,0,1,0,2.0,0.08481184
0,0.9999999,30,1,0.251968504,2666.0,2,4,0,1,2.0,0.9571161
1,0.99620076,23,0,0.077961019,2000.0,3,0,0,0,0.0,0.59425324
1,0.523171019,31,5,0.346515487,3615.0,12,0,1,2,2.0,0.9282306
0,0.60258206,35,0,0.099975006,4000.0,3,0,0,0,0.0,0.28866655
0,0.9999999,34,0,0.100917431,2833.0,1,0,0,0,0.0,0.62895215
0,0.178906003,52,0,0.374734524,12712.0,5,0,2,0,0.0,0.14797278
0,0.99440112,48,1,0.787659328,3451.0,5,0,2,0,2.0,0.7621567
0,0.230342628,52,0,0.111591073,4166.0,7,0,0,0,0.0,0.29893637
0,0.186559958,58,0,0.310093652,5765.0,7,0,2,0,0.0,0.092801854
0,0.151180814,65,0,0.051609217,5250.0,7,0,0,0,0.0,0.12263301
0,0.0,67,1,0.178042264,12350.0,6,0,2,0,0.0,0.19540091
0,0.064212539,46,1,0.193867348,9000.0,7,0,2,0,0.0,0.33241457
0,0.177813028,50,0,0.343792633,6596.0,10,0,1,1,0.0,0.48660246
0,0.81707784,53,0,0.526035771,8833.0,16,0,1,0,0.0,0.58018756
0,0.814275753,46,0,0.548150616,3000.0,8,0,0,0,0.0,0.5947195
0,0.809213385,59,0,0.425359151,1600.0,6,0,1,0,0.0,0.39402568
1,0.645240878,27,0,0.169216785,6600.0,8,0,2,0,0.0,0.4103138
0,0.435129741,25,0,0.18832467,2500.0,2,0,0,0,0.0,0.34707665
0,0.987367106,56,0,0.613832059,14516.0,21,0,2,1,0.0,0.87150156
0,0.064615971,51,0,1.845721424,1600.0,5,0,1,0,2.0,0.16307504
0,0.0,47,0,0.263133605,13000.0,8,0,1,0,0.0,0.113787755
0,0.904838657,54,1,1.381654586,4000.0,12,0,2,0,0.0,0.8126496
0,0.322570566,31,1,0.164353137,1800.0,7,0,0,0,1.0,0.5793077
0,0.085633991,49,0,0.227886057,2000.0,14,0,0,0,0.0,0.19612217
0,0.89678511,38,0,0.207820564,10075.0,4,0,2,0,2.0,0.3660804
0,0.034486027,62,0,0.122775445,5000.0,12,0,0,0,0.0,0.13336597
0,0.023180765,82,0,0.002349256,6384.0,1,0,0,0,0.0,0.061820414
0,0.808606258,51,0,0.144308194,19000.0,13,0,1,0,2.0,0.2743853
0,0.0,45,0,0.366335388,7948.0,4,0,1,0,0.0,0.12117662
0,0.087367835,63,0,0.332109919,10625.0,11,0,1,0,0.0,0.11959151
0,0.136865175,37,0,0.243214756,3794.0,11,0,0,0,0.0,0.17212977
0,0.347011157,40,0,0.973805239,5000.0,5,0,2,0,0.0,0.44784853
0,0.415716857,59,0,0.247182843,2750.0,4,0,2,0,0.0,0.19804105
0,0.037035128,37,0,0.235665025,10149.0,10,0,1,0,1.0,0.116934955
0,0.161511768,73,3,1.22668985,4600.0,19,2,2,1,0.0,0.93320733
0,0.411473651,53,0,0.401695468,9200.0,17,0,2,0,0.0,0.34660202
0,0.21919899,42,1,0.506320386,4350.0,8,0,1,0,2.0,0.46475992
0,0.622507919,66,0,0.168063872,2504.0,6,0,0,0,0.0,0.35022393
0,0.0,47,0,0.0,8000.0,6,0,0,0,2.0,0.040784497
0,0.869817037,65,0,0.569454225,11359.0,18,0,1,0,1.0,0.47559714
0,0.342811215,58,1,0.190847234,9111.0,8,0,1,0,1.0,0.28831622
0,0.560244328,57,0,0.548444935,14500.0,10,0,2,0,0.0,0.38125378
0,0.847430514,55,0,0.209864603,1033.0,1,0,0,0,0.0,0.586052
0,0.0,38,0,0.476225311,4100.0,6,0,2,0,3.0,0.12315406
0,0.093004734,57,0,0.255667946,8600.0,9,0,2,0,1.0,0.09736881
0,0.014345747,57,1,0.545314062,11000.0,13,0,3,0,1.0,0.42506364
0,0.333277379,55,0,0.254870985,5696.0,9,0,2,0,0.0,0.20818293
0,0.9999999,73,0,0.009689326,6501.0,4,0,0,0,0.0,0.25144646
0,0.623858226,36,0,0.223106495,14826.0,8,0,1,0,0.0,0.24742453
0,0.019366021,72,1,0.004855755,3500.0,5,0,0,0,0.0,0.09626359
0,0.876615746,42,0,0.011660189,1800.0,2,0,0,0,0.0,0.5715247
0,0.1281345,82,0,0.304093567,3419.0,5,0,1,0,0.0,0.076423466
0,0.0,52,0,0.246175382,10000.0,7,0,1,0,2.0,0.113187544
0,0.027848271,59,0,0.922368163,5100.0,22,0,3,0,0.0,0.3297822
0,0.477808876,27,0,0.332506203,2820.0,3,0,0,0,0.0,0.36470115
0,0.485437985,53,0,0.216878865,13744.0,6,0,2,0,1.0,0.14090858
0,0.9999999,31,0,1.089273112,2833.0,9,0,1,0,0.0,0.630642
0,0.003318419,50,0,0.828929539,2951.0,13,0,2,0,2.0,0.18510179
0,0.0,60,0,0.207737016,16000.0,9,0,2,0,1.0,0.0706439
0,0.195373098,38,0,0.211663067,4166.0,8,0,1,0,1.0,0.13736229
0,0.066580621,72,0,0.034193161,5000.0,5,0,0,0,0.0,0.026432438
0,0.206079392,71,1,0.346367474,4500.0,6,0,2,0,1.0,0.2625473
0,0.530412721,61,0,0.4695102,9166.0,7,0,2,0,0.0,0.15790181
0,0.912716439,53,2,0.158919166,8733.0,8,0,0,0,1.0,0.78003144
0,0.043659828,45,0,0.060437729,9000.0,10,0,0,0,1.0,0.14910655
0,0.99340132,47,0,0.724365005,2125.0,7,0,1,0,4.0,0.55537117
0,0.022359106,67,0,0.321871251,2500.0,4,0,1,0,0.0,0.07042016
0,0.009027003,74,0,0.03768045,4086.0,5,0,0,0,0.0,0.035611175
0,0.98639836,38,1,0.770556161,4584.0,11,0,1,1,1.0,0.9338778
1,0.156719473,54,0,0.290512669,3393.0,9,0,0,0,0.0,0.22247197
0,0.023378782,66,0,0.008347979,9103.0,9,0,0,0,0.0,0.05279623
0,0.982869379,77,0,0.029673591,1347.0,4,0,0,0,0.0,0.23151822
0,0.07761695,30,0,0.188057282,3700.0,6,0,1,0,0.0,0.0756798
1,0.9999999,62,2,0.350453614,6833.0,5,0,1,0,1.0,0.6445847
0,0.499229011,58,0,0.431972598,17808.0,11,0,1,0,1.0,0.27915204
0,0.211954563,60,0,0.332284456,14300.0,20,0,2,0,2.0,0.09978324
0,0.0,57,0,0.111831054,8333.0,19,0,1,0,0.0,0.066029005
0,0.082097962,62,0,0.496372606,6891.0,26,0,2,0,0.0,0.086632825
0,0.365327323,40,0,0.433615565,5550.0,10,0,1,0,0.0,0.29925862
0,0.40512932,27,1,0.183376178,3500.0,5,0,0,0,1.0,0.52085716
0,0.337532494,37,1,0.641500475,4211.0,5,0,1,0,1.0,0.5502965
1,0.9999999,43,1,0.872998933,936.0,2,1,1,0,1.0,0.8317536
0,0.032032089,51,0,0.003050969,5571.0,2,0,0,0,0.0,0.08830148
0,0.074475169,64,0,1.01585601,4666.0,14,0,2,0,0.0,0.2938564
0,0.331030722,47,0,0.156238632,5497.0,6,0,2,0,2.0,0.19243678
0,0.256371814,23,0,0.014985015,1000.0,5,0,0,0,0.0,0.39851156
0,0.151739183,53,0,0.076739182,4182.0,5,0,0,0,1.0,0.21444982
0,0.676691309,50,0,0.450082077,6700.0,9,0,1,0,1.0,0.301301
0,0.134346641,55,0,0.329068604,18992.0,8,0,2,0,0.0,0.07415767
0,0.025415124,67,1,0.004772953,15084.0,8,0,0,0,0.0,0.11239903
0,0.060646451,33,1,0.259561703,12000.0,5,0,2,0,2.0,0.24087359
1,0.022141803,45,1,0.540429286,3400.0,8,0,1,0,2.0,0.3718853
0,0.164373474,62,0,0.196765075,6367.0,6,0,1,0,0.0,0.11637998
0,0.066412759,43,0,0.212446888,4000.0,5,0,1,0,2.0,0.092321195
0,0.995625273,30,0,0.279544091,3333.0,8,0,0,1,0.0,0.75063586
0,0.80730897,46,1,0.172162627,7550.0,4,3,1,0,1.0,0.93317544
0,0.0,51,0,0.318997792,10416.0,6,0,3,0,2.0,0.11985886
0,0.0,62,0,0.168298074,9500.0,8,0,1,0,1.0,0.107010275
0,0.9999999,70,0,0.175786221,5500.0,3,0,1,0,0.0,0.2501319
0,0.383172654,72,0,0.385752179,7916.0,12,0,1,0,1.0,0.23063667
0,0.041317906,69,0,0.006559475,12500.0,9,0,0,0,0.0,0.027962802
0,0.121927151,61,1,0.380123975,5000.0,8,0,1,0,0.0,0.33792254
0,0.0,66,0,25033.0,0.0,3,0,0,0,0.0,0.07274461
0,0.000590257,53,0,0.380231017,5280.0,8,0,1,0,0.0,0.1366446
0,0.326048654,63,0,0.308132695,12750.0,8,0,2,0,1.0,0.09603423
0,0.011408047,66,0,0.002285497,10500.0,13,0,0,0,0.0,0.05488012
0,0.108343777,59,0,0.074195405,22588.0,7,0,1,0,0.0,0.04112856
0,0.0,74,0,0.291427356,4700.0,9,0,2,0,0.0,0.11273294
0,0.059082085,46,0,0.283129416,5802.0,5,0,1,0,0.0,0.08969313
1,0.927338783,25,0,0.201170117,2221.0,5,1,0,0,0.0,0.87445307
0,0.473394052,59,0,0.332875332,10916.0,11,0,2,0,2.0,0.18174122
0,0.044151214,59,0,0.412507947,12583.0,15,0,2,0,1.0,0.18093938
0,0.751711439,42,0,0.342467975,6166.0,14,0,2,0,0.0,0.5048932
0,0.846259609,49,0,0.376839767,7201.0,8,0,1,0,1.0,0.3841085
0,0.16378604,74,0,0.304670761,7000.0,12,0,2,0,0.0,0.1297836
0,0.614721944,29,0,0.495926127,1840.0,9,0,0,0,0.0,0.54285276
1,0.385260442,74,0,1.947708199,3097.0,12,0,3,0,0.0,0.5558396
0,0.849897228,62,1,0.692336172,2700.0,7,0,1,0,1.0,0.65342444
0,0.099161158,74,0,0.01766078,3000.0,3,0,0,0,0.0,0.09059123
0,0.377415092,55,0,0.998857469,3500.0,9,0,1,0,0.0,0.3084651
0,0.054103738,70,0,0.016997167,6000.0,4,0,0,0,1.0,0.03428587
0,0.074581728,28,0,0.415116977,3333.0,13,0,1,0,0.0,0.44632846
1,0.9999999,31,0,0.014637629,2800.0,0,1,0,0,0.0,0.8798252
0,0.005084407,60,0,0.125511856,10500.0,15,0,2,0,0.0,0.11472325
0,0.9999999,36,0,0.47095678,9416.0,9,0,4,0,3.0,0.5642097
0,0.006212328,59,0,0.290354823,2000.0,7,0,0,0,1.0,0.12783892
0,0.616997927,29,0,0.693553947,2900.0,7,0,1,0,1.0,0.48097876
0,0.057644572,48,0,0.657008774,4900.0,6,0,2,0,0.0,0.19799422
0,0.016532782,77,1,0.004665112,3000.0,1,0,0,0,0.0,0.09373097
0,0.388996447,38,0,0.532610727,5350.0,7,0,2,0,1.0,0.26139095
0,0.024932225,84,0,0.002157206,7416.0,3,0,0,0,0.0,0.10272623
0,0.27197635,71,0,0.018596281,5000.0,2,0,0,0,0.0,0.07493684
0,0.239319428,47,0,0.583670275,7666.0,11,0,2,0,3.0,0.3218035
0,0.060096337,67,0,0.237985577,16500.0,16,0,2,0,0.0,0.17464462
0,0.181636727,31,1,0.118587608,1500.0,3,1,0,0,0.0,0.732791
0,0.544446464,53,0,0.880108992,1100.0,8,0,0,0,0.0,0.4670902
0,0.083748414,46,0,0.363474783,4500.0,6,0,1,0,0.0,0.12347641
0,0.120493011,51,0,0.225117406,6600.0,9,0,1,0,0.0,0.21145727
0,0.272482616,45,0,0.110750983,14500.0,7,0,0,0,3.0,0.15484053
0,0.09946413,46,0,0.250989377,4800.0,10,0,0,0,2.0,0.15070386
0,0.5841697,48,0,0.560233612,11471.0,16,0,2,0,1.0,0.5310753
0,0.9999999,70,0,0.166211471,5125.0,4,0,1,0,0.0,0.1945877
0,0.033105474,37,0,0.423063192,2800.0,4,0,1,0,1.0,0.10055887
0,0.077172153,39,0,0.426958363,4250.0,9,0,1,0,0.0,0.20843598
0,0.028359208,69,0,0.362163346,4566.0,17,0,1,0,0.0,0.052779324
0,0.008639309,84,0,0.008124754,7630.0,3,0,0,0,0.0,0.020881778
0,0.063998951,63,0,0.140147024,4216.0,7,0,1,0,1.0,0.106541485
0,0.06028161,58,0,0.082568807,4250.0,6,0,0,0,0.0,0.11382418
0,0.779220779,41,1,0.370124481,3614.0,10,0,1,0,3.0,0.68192786
0,0.58369663,66,0,0.633099579,3564.0,8,0,3,0,2.0,0.23518361
0,0.115185076,49,1,0.315228257,3000.0,9,0,1,1,0.0,0.78786397
0,0.917216257,63,0,0.272877918,35000.0,12,0,3,0,1.0,0.24435359
0,0.236475626,74,0,0.152655945,8207.0,8,0,1,0,0.0,0.09864785
0,0.0,40,0,0.330630777,12333.0,5,0,2,0,2.0,0.06459718
0,0.52649117,32,0,0.139519209,4450.0,4,0,0,0,2.0,0.40253142
0,0.122403682,69,0,0.298283619,6000.0,12,0,2,0,0.0,0.08000247
0,0.9999999,25,0,1.629107981,425.0,1,0,0,0,0.0,0.1862239
0,0.36565384,38,0,0.226672634,4468.0,9,0,0,0,0.0,0.29754567
0,0.031998476,67,0,0.007116105,2669.0,7,0,0,0,0.0,0.08749071
0,0.006340859,63,0,0.281334373,33333.0,18,0,4,0,2.0,0.049546465
0,0.034691169,62,0,0.747037648,13333.0,26,0,6,0,0.0,0.4187925
0,0.485183863,50,1,0.06031746,2519.0,10,1,0,0,0.0,0.8676596
0,0.009224113,70,0,0.013317892,3453.0,6,0,0,0,0.0,0.042478845
0,0.022431308,74,0,0.289254043,3833.0,11,0,1,0,0.0,0.06892157
0,0.95902049,42,2,0.387364391,4700.0,5,1,2,0,1.0,0.9221415
0,0.020263728,86,0,0.004741319,7170.0,8,0,0,0,0.0,0.043334138
0,0.262403669,46,0,0.649484536,3200.0,13,0,1,0,2.0,0.21336155
0,0.077929817,64,0,0.525405456,21333.0,21,0,3,0,0.0,0.22033004
0,0.885089912,36,2,0.444444444,2096.0,8,0,0,0,4.0,0.8425322
1,0.323280507,60,0,0.566333383,6700.0,9,0,2,0,1.0,0.17989445
0,0.042772162,54,0,0.308637084,5047.0,9,0,1,0,0.0,0.107067995
0,0.039719505,70,0,0.213683759,7000.0,10,0,1,0,1.0,0.09713392
1,0.634046053,56,1,1.372788494,8760.0,10,0,4,4,2.0,0.9248747
0,0.069796118,78,0,0.387922416,5000.0,13,0,1,0,0.0,0.10757977
0,0.193334035,58,0,0.553264605,3200.0,30,0,2,0,0.0,0.120425425
0,0.021872569,54,0,0.300633263,9000.0,9,0,1,0,2.0,0.07200039
0,0.091325906,53,2,0.331666833,10000.0,13,0,3,0,2.0,0.447443
0,0.9999999,32,0,0.0,3100.0,0,0,0,0,2.0,0.7672061
0,0.0,87,0,0.0,3394.0,7,0,0,0,0.0,0.07770744
0,0.568639589,61,0,0.600799812,4250.0,7,0,1,0,0.0,0.2902184
0,0.014028525,68,0,0.054118902,3750.0,7,0,0,0,1.0,0.05905614
0,0.749680896,33,0,0.200974878,2666.0,6,0,0,0,1.0,0.5367598
0,0.153709804,64,0,0.40086001,6278.0,16,0,2,0,1.0,0.16967191
0,0.001320459,55,0,0.389850058,2600.0,12,0,1,0,0.0,0.14585377
0,0.772476983,33,2,0.364518828,5974.0,7,0,1,0,3.0,0.76628435
0,0.794781909,46,0,0.783761161,3583.0,14,0,3,0,0.0,0.67764664
0,0.881665258,64,0,0.376275208,4214.0,12,0,1,0,0.0,0.43622103
0,0.562453129,41,0,0.378017005,14583.0,6,0,1,0,1.0,0.38452682
0,0.582045331,34,0,0.081007115,7307.0,5,0,0,0,2.0,0.4074321
0,0.500901984,40,0,0.455351237,7558.0,9,0,3,0,2.0,0.37768346
0,0.004157557,42,0,0.000433714,6916.0,5,0,0,0,0.0,0.033712864
0,0.350708464,52,0,0.220975447,9000.0,10,0,1,0,1.0,0.22049007
0,0.071514769,67,0,0.080856403,12750.0,24,0,0,0,2.0,0.14228879
0,0.614914093,73,0,0.412606991,12500.0,27,0,1,0,0.0,0.26359662
0,0.665333381,47,0,0.397495183,5189.0,17,0,2,0,1.0,0.5880136
0,0.155812987,49,0,0.241765481,6071.0,12,0,2,0,2.0,0.14672437
0,0.808044845,33,0,0.052347383,6666.0,5,0,0,0,0.0,0.4406824
0,0.030260093,63,0,0.24895021,5000.0,7,0,1,0,0.0,0.075145476
0,0.056067601,61,0,0.270196769,6250.0,8,0,1,0,0.0,0.07862222
0,0.018066064,51,0,0.317974562,8333.0,13,0,1,0,2.0,0.081348635
0,0.031512013,51,0,0.946812321,5583.0,8,0,1,0,0.0,0.13387002
0,0.562188438,30,0,0.762308445,6133.0,22,0,3,0,0.0,0.6849852
0,0.386654463,70,0,0.528301887,4875.0,12,0,1,0,0.0,0.20824453
0,0.451299945,38,0,0.157261481,5900.0,9,0,0,0,0.0,0.27176476
0,0.038530515,27,0,734.0,1.0,9,0,1,0,0.0,0.036256846
0,0.016145911,36,0,0.005999455,7333.0,11,0,0,0,0.0,0.094263054
0,0.642487501,29,1,0.399837794,1232.0,6,0,0,0,1.0,0.70545286
0,0.001343847,73,0,0.058920887,6041.0,9,0,1,0,0.0,0.081446216
0,0.082618191,44,0,0.555240793,6000.0,6,0,1,0,1.0,0.14181963
0,0.9999999,53,2,0.004736344,9500.0,8,3,0,0,1.0,0.868634
0,0.196589413,39,0,0.322298944,4923.0,6,0,1,0,1.0,0.16378947
0,0.058103577,41,0,0.259072014,8900.0,16,0,5,0,2.0,0.35660258
0,0.00119994,60,0,0.106861642,8000.0,8,0,0,0,0.0,0.061856832
0,0.40961458,58,0,0.559209065,4500.0,17,0,2,0,0.0,0.3496008
0,0.954681773,38,2,0.330977418,5800.0,4,0,1,0,0.0,0.76447
0,0.582585926,48,0,0.19362081,25833.0,8,0,2,0,2.0,0.27797663
0,0.079961482,77,0,0.375524895,5000.0,14,0,2,0,0.0,0.16373956
0,0.186110994,34,0,0.346561859,28750.0,15,0,4,0,2.0,0.5617626
0,0.01807303,38,0,0.207997778,3600.0,14,0,0,0,0.0,0.112118185
0,0.031773553,57,0,0.721073631,2756.0,11,0,1,0,1.0,0.17178537
0,0.135083219,58,0,0.065139307,10300.0,7,0,0,0,2.0,0.06747243
0,0.0,78,0,0.0,2150.0,4,0,0,0,1.0,0.026765171
0,0.110696941,74,0,0.313345091,1700.0,6,0,0,0,0.0,0.11417305
0,0.186340747,36,2,0.305166098,7916.0,9,0,1,0,2.0,0.645241
0,0.001308514,49,0,1.454646788,7176.0,17,0,3,0,2.0,0.31451672
0,0.0,22,0,0.0,1000.0,2,0,0,0,0.0,0.095389694
0,0.100984821,45,0,0.586490495,7416.0,11,0,3,0,2.0,0.283219
0,0.970140845,44,0,0.643106457,3437.0,5,0,1,0,3.0,0.49705392
0,0.001298942,36,0,0.044191162,5000.0,3,0,0,0,0.0,0.061889064
0,0.678210819,38,0,2470.0,0.0,8,0,2,0,2.0,0.34772748
0,0.860613939,59,0,0.170003926,7640.0,2,1,1,0,0.0,0.8184697
0,0.006332538,40,0,0.432820686,5916.0,10,0,2,0,0.0,0.11764569
0,0.72835597,36,0,0.457253886,6175.0,6,0,0,0,3.0,0.5333268
0,0.194717635,41,0,0.377863941,2836.0,8,0,1,0,0.0,0.24439439
0,0.037154437,67,0,0.309020677,4400.0,8,0,2,0,0.0,0.050575648
0,0.740599714,26,0,0.228855721,200.0,1,0,0,0,0.0,0.2685516
0,0.029992107,24,0,0.098244429,2961.0,4,0,0,0,0.0,0.09755683
0,0.828997315,24,0,0.114877025,3333.0,6,0,0,0,0.0,0.45797285
0,0.139675167,56,0,0.893643032,1635.0,12,0,0,0,0.0,0.2464579
0,0.0,76,0,0.0,4000.0,4,0,0,0,0.0,0.023273284
0,0.00319936,48,0,0.286428393,4000.0,9,0,0,0,0.0,0.085292704
0,0.9999999,50,0,0.270573758,6500.0,2,0,1,0,0.0,0.44394785
0,0.384608477,58,0,0.235127479,6000.0,9,0,0,0,5.0,0.28648332
0,0.250811037,77,0,0.512635379,3323.0,10,0,1,0,0.0,0.23014104
0,0.026527773,48,0,0.128925198,3916.0,5,0,0,0,0.0,0.07943077
0,0.011325615,87,0,0.017349063,1440.0,7,0,0,0,0.0,0.051155373
0,0.068381985,79,0,0.028325465,3600.0,2,0,1,0,0.0,0.043986596
0,0.005499929,61,0,0.119906674,12000.0,12,0,1,0,2.0,0.05675803
0,0.29434625,42,0,0.122461731,3200.0,7,0,0,0,0.0,0.18922286
0,0.05164025,54,0,0.031692466,13630.0,8,0,0,0,1.0,0.079653524
0,0.006633112,71,0,0.153423288,2000.0,4,0,1,0,0.0,0.025085518
1,1.054908486,41,2,0.340797086,9333.0,6,1,1,1,3.0,0.96267915
1,0.919483507,52,8,0.754922128,10208.0,19,4,4,2,1.0,0.97864383
0,0.028995167,89,0,0.002399232,2083.0,2,0,0,0,0.0,0.031871095
0,0.038187875,78,0,0.204212781,2800.0,11,0,0,0,0.0,0.13535163
0,0.9999999,32,0,0.014368789,32500.0,1,0,0,0,2.0,0.84935594
0,0.575289158,54,0,0.171134021,7274.0,18,0,2,0,0.0,0.41128758
0,0.9999999,43,1,0.094381124,5000.0,2,0,1,0,2.0,0.67159164
0,0.9999999,50,0,0.0,3500.0,0,2,0,0,0.0,0.9109221
0,0.058533474,53,0,0.571972758,8662.0,10,0,3,0,2.0,0.2655262
0,0.014794082,65,0,3.69e-05,27083.0,1,0,0,0,2.0,0.03598299
0,0.562887423,30,0,0.203159368,5000.0,7,0,0,0,0.0,0.36270058
0,0.9999999,39,0,0.27264891,11600.0,6,0,2,0,2.0,0.3313439
0,0.142623607,37,0,0.901290812,2633.0,10,0,3,0,2.0,0.45084926
0,0.53765599,68,0,0.326126595,11516.0,13,0,2,0,0.0,0.17704132
0,0.823041218,63,0,0.495000769,6500.0,14,0,2,0,0.0,0.46472487
0,0.074687689,50,0,0.511998657,5958.0,13,0,1,0,3.0,0.14363107
0,0.319254982,58,0,0.283449453,14065.0,31,0,3,0,0.0,0.30409154
0,0.076054265,37,0,0.208547595,8750.0,7,0,1,0,0.0,0.089022465
1,0.863787375,32,0,0.160384924,2493.0,2,0,0,0,0.0,0.5021303
0,0.113525765,55,0,0.446164926,2776.0,7,0,1,0,1.0,0.12110613
0,0.168289564,59,0,0.175164967,3333.0,6,0,0,0,0.0,0.16797373
0,0.000407072,57,0,0.0,4236.0,6,0,0,0,0.0,0.036495257
1,0.320639979,48,0,0.20305399,5500.0,5,1,0,0,2.0,0.73674595
0,0.021147946,67,0,0.005426357,3869.0,5,0,0,0,0.0,0.03231888
1,0.049761737,27,0,0.217188062,2780.0,7,0,0,0,0.0,0.26695478
0,0.000754701,33,0,0.000416493,2400.0,6,0,0,0,0.0,0.045011126
0,0.951816867,50,0,0.565838332,3500.0,5,0,2,0,2.0,0.5586639
0,0.001124859,28,1,0.057990335,6000.0,8,1,0,0,0.0,0.72094345
0,0.449677516,57,0,0.266144488,12000.0,8,0,1,0,2.0,0.12318976
0,0.745583824,67,0,0.943649374,1117.0,6,0,0,0,0.0,0.3888708
1,0.934637712,40,0,0.075194621,5651.0,5,1,0,0,3.0,0.86423546
0,0.028851958,40,0,0.006024096,3485.0,4,0,0,0,2.0,0.094243415
0,0.187876467,63,0,0.901399067,1500.0,15,0,0,0,0.0,0.28097978
0,0.874612866,59,2,0.183854842,5400.0,12,0,0,0,0.0,0.79409164
0,0.9999999,60,2,0.563143124,3206.0,4,0,0,0,0.0,0.80313766
0,0.433818702,58,1,2.093912487,12500.0,26,0,8,0,0.0,0.67631316
0,0.716347514,31,0,0.223507301,6916.0,7,0,0,0,0.0,0.2901278
0,0.726996918,64,0,0.16912675,10500.0,7,0,1,0,0.0,0.1503178
0,0.661556407,31,1,0.442323425,3666.0,8,0,0,0,0.0,0.60223395
1,1.462151394,30,0,0.08095952,2000.0,3,1,0,0,0.0,0.8938658
0,0.04279424,44,0,0.216458806,10583.0,14,0,1,0,2.0,0.08159868
1,0.735470578,46,1,0.425290462,3700.0,6,0,1,0,2.0,0.6852016
0,0.102718174,39,0,0.283943211,5000.0,7,0,1,0,1.0,0.10568117
0,0.051662361,81,0,0.105517909,2065.0,4,0,0,0,0.0,0.031419303
0,0.002914119,39,0,0.113656828,9994.0,12,0,0,0,1.0,0.21092562
0,0.131747744,85,0,0.093495935,5411.0,7,0,0,0,0.0,0.07169289
0,0.532178713,49,0,0.403242956,15047.0,6,0,2,0,2.0,0.3441432
0,0.458393512,52,0,0.480465503,8420.0,7,1,1,0,1.0,0.72414696
0,0.04351913,60,0,0.240656986,4200.0,6,0,1,0,0.0,0.077996634
0,0.010312724,65,0,0.00429957,10000.0,15,0,0,0,0.0,0.1763649
0,0.061673591,43,0,0.487267614,6400.0,11,0,2,0,2.0,0.20077655
0,0.871192746,51,0,0.306923269,4000.0,4,0,0,0,0.0,0.5349789
0,0.014296747,44,0,0.21710161,1800.0,8,0,0,0,1.0,0.14021483
0,0.384446412,62,0,0.573550414,3500.0,5,0,2,0,0.0,0.19860852
0,0.540496319,29,0,0.690261948,5000.0,10,0,2,0,0.0,0.63033664
0,0.13682137,50,0,0.233377037,10677.0,7,0,1,0,3.0,0.061837412
0,0.156458122,32,0,0.574065934,2274.0,6,0,1,0,0.0,0.19554053
0,0.029728007,45,0,0.066993301,10000.0,7,0,0,0,2.0,0.11489546
0,0.744417039,51,2,0.443218515,3715.0,7,0,1,0,0.0,0.77703506
0,0.205143984,62,0,0.255521871,6926.0,16,0,1,0,0.0,0.08310231
0,0.044306935,53,0,0.222323214,5500.0,8,0,1,0,1.0,0.093935475
0,0.34957523,55,0,0.670257199,9097.0,22,0,3,0,2.0,0.3332881
0,0.097163428,72,0,0.101113383,4400.0,5,0,1,0,0.0,0.031739242
0,0.096436672,47,0,0.499959681,12400.0,5,1,1,0,3.0,0.44602713
0,0.9999999,42,0,0.48421654,7000.0,7,0,2,0,2.0,0.4987914
1,0.893106893,27,1,0.062812277,1400.0,1,0,0,1,0.0,0.86831445
0,0.070616947,58,0,0.176212613,11400.0,9,0,2,0,1.0,0.08873967
0,0.004418101,41,1,0.144144144,5660.0,4,0,1,0,1.0,0.13054928
0,0.029639329,67,0,0.098450775,2000.0,3,0,1,0,0.0,0.047885995
0,0.918332624,56,0,0.042019904,2712.0,4,0,0,0,0.0,0.5347736
0,0.004652123,73,0,0.003790489,2901.0,10,0,0,0,0.0,0.049263872
0,0.0,38,0,0.131685458,6917.0,3,0,1,0,2.0,0.14846133
0,0.819548872,56,0,0.122071986,5250.0,5,0,0,0,0.0,0.48514223
0,0.122538028,27,2,0.724396336,1200.0,10,0,0,0,0.0,0.76989865
0,0.03779811,62,0,1985.0,0.0,8,0,2,0,0.0,0.08929235
0,0.102189781,33,0,0.051990547,5500.0,3,0,0,0,0.0,0.104194455
0,0.016772029,61,1,0.280860349,3207.0,7,0,1,0,0.0,0.34677854
0,0.825728349,61,0,0.831006399,3437.0,12,0,1,0,0.0,0.49288136
0,0.0,56,0,0.080059858,5345.0,13,0,0,0,2.0,0.09138812
0,0.063680859,25,0,0.028204213,2800.0,7,0,0,0,0.0,0.28797832
0,0.007249819,44,0,0.220163723,9283.0,6,0,1,0,1.0,0.06094633
0,0.586013142,57,0,0.178441497,17041.0,6,0,1,0,1.0,0.19302121
0,0.9999999,60,0,0.011996001,3000.0,0,0,0,0,0.0,0.51845485
0,0.003066564,51,0,0.100610565,3766.0,6,0,0,0,1.0,0.103482455
0,0.631551085,40,1,0.438829304,5500.0,9,0,1,1,2.0,0.77569747
0,0.001620693,30,0,0.117576485,5000.0,9,0,0,0,0.0,0.07307244
0,0.697364601,62,0,0.514766256,7550.0,18,0,2,0,0.0,0.41862047
0,0.042247888,59,0,0.294095454,5300.0,5,0,2,0,0.0,0.062214155
0,0.135720168,31,0,0.178410795,2000.0,6,0,0,0,2.0,0.2258854
0,0.595889939,50,1,0.711229947,4300.0,12,0,1,0,0.0,0.70010245
0,0.195848771,47,1,0.455308938,5000.0,13,0,2,0,1.0,0.5084378
0,0.127627266,50,0,0.02059794,10000.0,5,0,0,0,1.0,0.18863213
0,0.03158287,72,0,0.043677426,9386.0,11,0,1,0,0.0,0.095590144
0,0.330920495,45,0,3.013732834,800.0,11,0,2,0,0.0,0.36467254
0,0.085869194,45,1,0.483839752,5166.0,6,0,1,0,1.0,0.40177196
0,0.075686053,66,0,0.108600721,15800.0,28,0,1,0,1.0,0.08294767
0,0.509380878,34,0,0.365244137,2600.0,7,0,0,0,0.0,0.43502644
0,0.466953305,37,0,0.243321069,6250.0,5,0,1,0,1.0,0.24514095
0,0.046910205,63,0,0.06127451,5303.0,4,0,0,0,0.0,0.08013496
0,0.0,25,0,0.000291036,3435.0,2,0,0,0,2.0,0.2245628
0,0.005922381,74,0,0.174004561,5700.0,12,0,1,0,1.0,0.055395115
0,0.046038897,43,0,0.002092415,5734.0,2,0,0,0,1.0,0.06364106
0,0.0,60,0,0.641101569,10130.0,23,0,2,0,2.0,0.106910154
0,0.099562591,23,0,0.004998078,2600.0,3,0,0,0,0.0,0.19034037
0,0.025424869,55,2,0.521949078,6833.0,11,0,4,0,0.0,0.5638074
0,0.017291017,46,0,0.464250187,16083.0,5,0,2,1,2.0,0.41453713
0,0.016191453,39,0,0.45068323,4024.0,10,0,1,0,0.0,0.1359523
0,0.829455806,50,0,0.348772239,6800.0,29,0,0,1,1.0,0.63460606
0,0.0,62,3,0.149346475,14000.0,15,0,1,1,0.0,0.5449702
0,0.9999999,42,0,0.611705924,1400.0,2,1,0,0,1.0,0.8727834
0,0.051627763,64,0,0.113485814,8000.0,7,0,1,0,0.0,0.055238232
0,0.095954335,64,0,0.251315513,4750.0,8,0,0,0,0.0,0.07124364
0,0.020659988,66,0,0.474613687,7700.0,12,0,2,0,1.0,0.104447745
0,0.0,62,0,0.0,4166.0,2,0,0,0,0.0,0.07811395
0,0.011701879,54,0,0.216166737,7100.0,7,0,1,0,0.0,0.08414826
0,0.948805119,30,0,0.470705859,5000.0,8,0,1,0,0.0,0.4914633
0,0.0,66,0,0.096225944,4000.0,4,0,1,0,1.0,0.060332518
0,0.256071575,41,0,0.288945524,9416.0,11,0,1,0,4.0,0.20059155
0,0.9999999,29,0,0.0,1685.0,0,0,0,0,0.0,0.7282564
0,0.603321249,45,0,0.218032225,5833.0,9,0,1,0,1.0,0.38170952
0,0.02988486,37,0,0.271649559,6916.0,12,0,2,0,2.0,0.092285015
0,0.806544463,74,0,0.41026806,2200.0,6,0,0,0,0.0,0.42715785
0,0.042676376,47,0,0.114548181,5333.0,22,0,0,0,1.0,0.13469367
0,0.380247901,27,0,0.187867451,3741.0,5,0,1,0,1.0,0.19861554
0,0.205598982,55,0,0.743954481,1405.0,5,0,0,0,0.0,0.21184179
0,0.607859804,43,0,0.217580677,5050.0,4,0,0,0,1.0,0.38824803
1,0.964497041,55,0,0.202069385,6571.0,14,0,1,0,3.0,0.62317175
0,18300.0,45,0,0.221582273,12500.0,5,0,1,0,2.0,0.18037143
0,0.043049388,42,0,0.215852277,15000.0,11,0,2,0,2.0,0.10077188
0,0.146944171,41,0,0.128389729,8333.0,5,0,0,0,2.0,0.19542253
0,0.019914917,65,0,0.22674123,5900.0,9,0,2,0,0.0,0.071398884
0,0.9999999,56,0,0.0,1744.0,1,0,0,0,0.0,0.58752465
1,0.860840581,43,4,0.37139368,6550.0,10,1,0,4,0.0,0.9595736
0,0.130134298,62,1,0.216294382,16250.0,7,0,2,0,0.0,0.13559753
0,0.012359753,74,0,0.182658059,8983.0,6,0,2,0,0.0,0.04536594
1,0.07739613,37,0,0.225837169,6300.0,5,0,1,0,0.0,0.09408892
0,0.035220194,61,0,0.365609349,9583.0,9,0,2,0,0.0,0.11446874
0,0.0,48,0,0.20302242,16145.0,8,0,2,0,1.0,0.084609404
0,0.03207149,65,0,0.481698763,7840.0,17,0,3,0,0.0,0.22178175
0,0.455418282,55,0,0.402417505,11333.0,7,1,1,0,4.0,0.71788305
0,0.137648552,57,0,1.087233076,2200.0,9,0,1,0,0.0,0.2223262
0,0.9999999,66,0,0.24375125,5000.0,1,0,1,0,0.0,0.27708563
0,0.977287337,50,0,0.207460104,5200.0,8,0,1,0,0.0,0.47999766
0,0.9999999,62,0,0.211778822,10000.0,3,0,1,0,0.0,0.35900337
0,0.9999999,69,1,0.0,7020.0,0,0,0,0,0.0,0.6124867
0,0.047800863,63,0,0.285074388,6250.0,8,0,1,0,1.0,0.07630476
0,0.06041171,36,0,0.992003199,2500.0,13,0,2,0,1.0,0.3029787
0,0.572129354,49,0,0.393146121,2100.0,7,0,0,0,1.0,0.50075024
0,0.463085963,39,0,0.254135612,5500.0,11,0,0,0,0.0,0.28874356
0,0.009289666,47,0,0.500357092,7000.0,15,0,1,0,0.0,0.09738775
0,0.285942811,41,0,0.095048789,2766.0,5,0,1,0,0.0,0.11631387
0,0.12403414,33,0,0.448759854,5200.0,15,1,1,0,2.0,0.75513273
0,0.0,75,0,0.447672854,3716.0,8,0,1,0,1.0,0.10472049
0,0.725315288,52,1,0.016424661,4200.0,7,0,0,0,0.0,0.7998653
0,0.371810255,51,0,0.878635908,2990.0,7,0,2,0,0.0,0.33944288
0,0.291271043,34,0,0.309314587,1706.0,7,0,0,0,0.0,0.23229456
0,0.193951246,42,0,0.509326228,5253.0,14,0,4,0,3.0,0.46821347
0,0.060175734,62,0,0.014996251,4000.0,2,0,0,0,1.0,0.07327017
0,0.144532993,74,0,0.35896724,3601.0,12,0,2,0,0.0,0.15949327
0,0.025955393,72,0,0.003743669,4540.0,1,0,0,0,1.0,0.025477257
0,0.090440201,64,0,0.466723793,3500.0,9,0,1,0,1.0,0.1160043
0,0.021558755,34,0,0.148790081,15000.0,7,0,1,0,1.0,0.057021406
0,1.034987504,36,4,0.715642179,2000.0,9,0,2,1,2.0,0.96420616
0,0.003041405,43,0,0.033193361,5000.0,10,0,0,1,3.0,0.561364
0,0.162467692,79,0,0.320886336,7310.0,24,0,2,0,1.0,0.12409856
0,0.053132812,32,0,0.171063593,3600.0,8,0,0,0,2.0,0.1877706
0,0.627771498,35,2,0.532627866,1700.0,6,0,1,0,0.0,0.77038497
0,0.138638357,59,0,0.567961165,8857.0,18,0,1,0,0.0,0.179431
0,0.205574913,90,1,0.130956348,3000.0,8,0,0,0,0.0,0.3809981
0,0.29814085,40,0,0.232157734,3600.0,7,0,0,0,2.0,0.23546283
0,0.0,43,0,0.417074255,2248.0,8,0,1,0,1.0,0.10951251
0,0.142107845,66,0,0.163274052,14000.0,7,0,1,0,0.0,0.05535584
0,0.005947619,70,0,0.769160998,2204.0,12,0,1,0,0.0,0.079603605
0,0.0349965,31,2,0.420351033,4500.0,6,0,1,0,3.0,0.65513414
0,0.9999999,49,1,0.186587908,8633.0,5,0,1,0,0.0,0.6548622
0,0.029035719,34,1,0.121687831,10000.0,14,0,0,0,0.0,0.38075557
1,0.958639497,42,2,0.198770976,4230.0,11,0,0,1,2.0,0.9026297
0,0.9999999,54,0,0.036287336,4050.0,0,0,0,0,0.0,0.66626143
1,0.28009477,27,0,0.162104261,4200.0,11,0,0,1,0.0,0.5731485
0,0.237107511,77,0,0.338394444,6190.0,4,0,2,0,1.0,0.1411623
0,2120.0,56,2,0.723538231,3334.0,3,0,1,0,1.0,0.8230803
1,0.992006395,40,2,0.049568372,39964.0,7,0,1,0,1.0,0.8138201
0,0.0,69,0,0.466266867,2000.0,12,0,1,0,0.0,0.09168124
0,0.033980809,73,0,0.029077692,2200.0,13,0,0,0,0.0,0.08031982
0,0.424660959,47,0,0.172503921,3825.0,4,0,0,1,0.0,0.61246073
0,0.039356206,47,0,0.256293308,11400.0,6,0,1,0,1.0,0.047314573
0,0.035605591,81,0,0.017260735,7125.0,7,0,0,0,0.0,0.040618367
0,0.102465487,45,0,0.533719487,4833.0,10,0,1,0,2.0,0.17006008
0,0.111499491,50,1,0.357892763,5333.0,7,0,2,0,0.0,0.31684563
0,0.146917426,44,0,0.42802965,5800.0,4,0,2,0,1.0,0.16904381
0,0.190660606,69,0,0.216174184,4500.0,9,0,0,0,0.0,0.12511773
0,0.944001965,57,0,0.578416791,6050.0,7,0,2,0,0.0,0.47215244
0,0.9999999,39,0,0.0,2916.0,0,0,0,0,0.0,0.6775524
0,0.002535669,69,0,0.197612732,8293.0,10,0,2,0,0.0,0.050919697
0,0.061534346,30,0,0.243939015,4000.0,8,0,0,0,0.0,0.11340801
1,1.017540782,54,4,0.588346837,5800.0,13,0,3,2,1.0,0.9704983
0,0.061320699,56,0,0.032148325,11757.0,12,0,1,0,2.0,0.05123184
0,0.093943061,55,0,0.337946943,1733.0,7,0,0,0,0.0,0.16282204
0,0.494850515,66,0,0.215037995,7500.0,10,0,1,0,0.0,0.21817362
0,0.026583936,38,0,0.437380218,12000.0,14,0,2,0,0.0,0.23730682
0,0.034304817,72,0,0.068641618,6919.0,12,0,0,0,0.0,0.11767547
0,0.010873313,67,0,0.003499125,4000.0,3,0,0,0,0.0,0.03248779
0,0.074814728,53,0,0.941313944,3850.0,14,0,4,0,0.0,0.3459238
0,0.9999999,22,98,0.0,201.0,0,98,0,98,0.0,0.87877077
0,0.59170526,59,0,0.413179705,4946.0,9,0,1,0,2.0,0.27198476
0,0.004874508,44,0,0.116916125,24786.0,9,0,1,0,0.0,0.040500667
0,1.214392804,62,2,0.170168465,5282.0,9,2,0,3,0.0,0.9743344
0,0.577460425,47,0,0.474059572,7150.0,6,0,2,0,3.0,0.2912907
1,1.032423939,40,0,0.558905281,4676.0,5,1,1,0,2.0,0.9259924
0,0.9999999,57,0,0.223136039,7416.0,3,0,1,0,4.0,0.3586365
0,0.936127745,30,0,0.023117776,3200.0,4,2,0,0,1.0,0.9153923
0,0.003814532,74,0,3737.0,0.0,12,0,2,0,0.0,0.1774499
0,0.381874516,42,0,0.362355239,7166.0,5,0,1,0,3.0,0.16862407
0,0.092392056,71,2,0.190062303,13000.0,7,0,1,0,0.0,0.21902357
0,0.28966949,43,0,0.712514994,2500.0,7,0,1,0,2.0,0.23033978
0,0.9999999,25,1,0.084398977,4300.0,2,0,0,0,1.0,0.6982399
0,0.532699066,48,1,0.514689207,9700.0,15,0,2,0,2.0,0.6186814
0,0.530731912,59,2,0.39344567,16141.0,9,0,1,0,4.0,0.44290984
0,0.064033003,63,0,45.0,0.0,6,0,0,0,0.0,0.16594072
0,0.381259037,42,0,0.400992935,5236.0,12,0,1,0,1.0,0.29747936
0,0.9999999,29,0,0.332179931,2600.0,7,0,0,0,0.0,0.5619775
0,0.0,85,0,0.001362583,7338.0,5,0,0,0,0.0,0.05180752
0,0.141341194,46,0,0.706715547,6000.0,15,0,3,0,1.0,0.42782012
0,0.058076903,53,0,0.005009696,6187.0,3,0,0,0,8.0,0.12640822
0,0.017317133,66,0,0.013463167,11809.0,11,0,1,0,0.0,0.04863879
0,0.029519213,64,0,0.073818698,4930.0,6,0,0,0,0.0,0.059262943
0,0.038228751,73,0,0.285028791,2083.0,13,0,1,0,0.0,0.054250892
0,0.253707376,62,0,0.516678666,4166.0,15,0,2,0,1.0,0.25890726
0,0.001622463,44,0,0.605863975,4160.0,11,0,1,0,2.0,0.07961929
0,0.036842807,78,0,380.0,0.0,3,0,0,0,0.0,0.022197763
0,0.992394116,35,1,0.54335095,7000.0,13,0,1,0,1.0,0.7714756
0,0.0,62,0,0.533948393,6936.0,14,0,2,0,1.0,0.11973304
0,0.087409956,32,0,0.225993884,3269.0,8,0,0,0,0.0,0.16139391
0,0.020928584,44,0,0.418129305,4500.0,12,0,1,0,0.0,0.094829634
0,0.644427719,44,1,0.278876582,7583.0,7,0,1,0,3.0,0.47142595
0,0.46709109,33,0,0.280619897,6000.0,8,0,1,0,2.0,0.28387854
0,0.015136523,68,0,0.010118044,2371.0,4,0,0,0,0.0,0.035062026
0,0.031275265,52,0,0.385416667,2975.0,9,0,1,0,0.0,0.1814126
0,0.114292959,40,0,0.426147553,6600.0,10,0,3,0,2.0,0.2495966
0,0.109875938,59,0,0.641262082,9000.0,17,0,2,0,0.0,0.12858146
0,0.003633656,42,0,0.000580159,5170.0,10,0,0,0,0.0,0.037698224
0,0.0239988,39,0,0.138111431,3822.0,7,0,0,0,0.0,0.09978822
0,0.0,53,0,0.29451868,11000.0,9,0,1,0,2.0,0.15147835
0,0.884954826,53,1,0.851584146,8300.0,14,1,2,0,3.0,0.90942645
0,0.863045478,60,1,0.775660872,4198.0,9,0,2,0,1.0,0.7023315
0,0.016815545,48,3,0.228858664,6763.0,13,0,1,1,2.0,0.67075443
0,0.023812351,69,1,0.353939825,22500.0,18,0,4,0,0.0,0.29227236
0,0.486586515,53,0,0.394657906,7000.0,10,0,2,0,1.0,0.26771465
0,0.582834331,33,2,0.034188034,2924.0,2,2,0,0,2.0,0.9116468
0,0.08493347,46,1,0.596714579,4869.0,18,0,1,0,3.0,0.472992
0,0.224035877,37,0,0.133182242,7500.0,8,0,0,0,0.0,0.13453326
0,0.415109695,76,0,0.399838937,9933.0,13,0,2,0,0.0,0.24890538
0,0.223856682,84,0,0.101633656,6916.0,10,0,0,0,0.0,0.14198688
0,0.467896629,36,1,0.894258446,6600.0,9,0,2,0,2.0,0.62452745
0,0.757781003,51,0,0.381186007,4687.0,9,0,2,0,1.0,0.45617056
0,0.220901999,40,0,0.163870046,2800.0,11,1,0,0,0.0,0.6783125
0,0.649223385,32,2,0.283633248,3500.0,8,0,0,0,0.0,0.7211174
0,0.984920603,42,0,0.295081967,2500.0,1,0,0,0,7.0,0.55524325
0,0.783536077,32,0,0.391440175,3200.0,6,0,1,0,1.0,0.49177763
0,0.025824929,42,0,0.023813852,5500.0,10,0,0,0,1.0,0.1287129
0,0.64796556,51,0,0.45227859,3488.0,7,0,1,0,0.0,0.3767418
0,0.882419116,54,0,0.30988092,11000.0,25,3,0,0,2.0,0.87449145
0,0.830452792,36,1,0.248677249,1700.0,7,0,0,0,0.0,0.69949627
0,0.679499319,53,0,0.833685396,7100.0,12,0,2,0,1.0,0.56608623
0,0.017479301,49,0,0.191465196,6162.0,3,0,1,0,2.0,0.08086332
0,0.226994721,41,0,0.566492385,4398.0,7,0,2,0,2.0,0.3132638
0,0.495948636,60,0,0.509457545,12000.0,22,0,2,0,0.0,0.3106018
0,0.045134828,55,0,0.426283175,8552.0,14,0,3,0,2.0,0.24988574
0,0.111521037,58,0,0.089233347,7160.0,13,0,2,0,0.0,0.08768719
0,0.149629605,32,0,0.301726749,3300.0,7,0,0,0,0.0,0.19725396
0,0.030942812,47,0,0.573749308,5416.0,8,0,3,1,2.0,0.5583167
0,0.005060524,41,0,0.015958723,8333.0,5,0,0,0,0.0,0.056172073
0,0.133389541,49,0,0.577944958,10500.0,6,0,2,0,2.0,0.12982471
0,0.61045762,37,0,0.461934009,7000.0,11,0,1,0,0.0,0.42659914
0,0.040935044,67,0,0.010453595,11000.0,9,0,0,0,0.0,0.04899749
0,0.003413663,56,0,0.467608638,3750.0,17,0,2,0,0.0,0.16161643
0,0.16435766,37,0,0.283716284,1000.0,8,0,0,0,0.0,0.18723638
0,0.133194898,70,1,0.695706285,3213.0,20,0,1,0,0.0,0.3609642
0,0.599852635,31,0,0.226933007,7358.0,6,0,0,0,5.0,0.37570798
0,0.001580414,39,1,0.138588913,8333.0,8,0,1,0,0.0,0.14451943
0,0.222915861,48,0,0.413553673,7200.0,7,0,2,0,4.0,0.15222396
0,0.9999999,51,0,0.577507599,4605.0,3,2,1,0,0.0,0.92026204
0,0.670041169,72,0,0.60555136,5295.0,13,0,1,0,0.0,0.3620657
0,0.007532831,85,0,0.000479923,6250.0,3,0,0,0,0.0,0.031437207
0,0.145972801,47,0,0.348217261,3000.0,8,0,0,0,2.0,0.26717854
0,0.002118465,59,0,0.158153487,12000.0,3,0,1,0,4.0,0.03431705
0,0.175913636,47,1,0.016325401,3613.0,4,0,0,0,3.0,0.3607108
0,0.242866925,59,0,0.378121649,13053.0,11,0,2,0,0.0,0.17304881
0,0.673921478,43,0,0.638815248,10938.0,26,0,2,0,3.0,0.6216781
0,0.038927703,31,0,0.273481058,6994.0,4,0,2,0,0.0,0.064219214
0,0.786790593,33,1,0.122313317,4512.0,3,0,0,0,1.0,0.6881382
0,0.15879481,60,0,0.349410841,6364.0,8,0,2,0,2.0,0.13047838
0,0.011335052,29,0,0.176005924,4050.0,13,0,0,0,1.0,0.19576171
0,0.688136897,29,0,0.305515759,5583.0,8,0,2,0,1.0,0.33378658
0,0.9999999,59,2,0.02490801,3532.0,1,0,0,0,1.0,0.8248394
0,0.804257217,36,0,0.407528125,9510.0,21,0,2,0,4.0,0.6855428
0,0.1337493,50,0,0.021358291,4166.0,5,0,0,0,0.0,0.17867728
0,0.112465167,37,0,0.454363651,12500.0,11,0,3,0,0.0,0.2784116
0,0.665942876,25,0,0.176964607,3333.0,10,0,0,0,0.0,0.49873173
0,0.004548532,44,0,0.302436635,8166.0,6,0,1,0,3.0,0.037906308
0,0.689456909,64,0,0.227943014,4000.0,3,0,1,0,3.0,0.23642163
0,0.010245189,61,1,0.202414019,19800.0,8,0,2,0,0.0,0.12715659
0,0.228107801,65,0,0.052789442,5000.0,13,0,0,0,0.0,0.15698276
0,0.373047955,27,0,0.203952011,2833.0,5,0,0,0,0.0,0.31162092
0,0.441158574,33,0,0.147408899,5460.0,8,0,0,0,0.0,0.2995368
0,0.042151143,59,0,0.578722837,7500.0,9,0,2,0,1.0,0.116137266
1,0.9999999,80,0,0.581395349,1160.0,1,2,0,0,0.0,0.8610605
0,0.046581152,58,0,0.299566811,3000.0,12,0,1,0,0.0,0.13860123
0,0.129572536,77,0,0.012429073,3700.0,6,0,0,0,0.0,0.09631087
0,0.017629571,67,0,0.205287206,3063.0,9,0,1,0,0.0,0.13619506
0,0.031742776,48,0,0.216819282,9500.0,5,0,1,0,2.0,0.066281736
0,0.048664605,54,0,0.549017548,9516.0,15,0,3,0,0.0,0.2546504
0,0.005814087,79,0,0.008796481,2500.0,12,0,0,0,0.0,0.10952478
0,0.516929396,50,0,1.221259285,5653.0,24,0,2,0,0.0,0.64581823
0,0.012079436,66,0,0.008776803,9000.0,12,0,0,0,1.0,0.12075622
0,0.210975333,41,0,0.255652394,7916.0,7,0,2,0,2.0,0.12339573
0,0.0,59,0,0.281738533,5820.0,7,0,1,0,1.0,0.10788362
0,0.950687975,42,0,0.083783243,5000.0,7,0,0,0,1.0,0.5971828
0,0.0,49,0,0.0,4000.0,2,0,0,0,0.0,0.091536805
0,0.960815674,26,0,0.19108826,3500.0,5,1,0,0,0.0,0.8230405
0,0.63399393,33,0,0.525182622,2600.0,9,0,1,0,0.0,0.5199349
0,0.052522441,63,0,0.322721115,10333.0,11,0,1,0,0.0,0.08140105
0,0.089428431,43,0,0.480151985,10000.0,10,0,2,0,2.0,0.20890059
0,0.004052418,69,0,0.253356684,5138.0,5,0,2,0,1.0,0.029799124
0,0.933030722,46,0,0.293286835,5734.0,4,0,1,0,1.0,0.3817355
0,0.015132395,69,0,1.030895048,2200.0,13,0,3,0,0.0,0.2778109
0,0.031858531,78,0,0.028417819,1301.0,13,1,0,0,0.0,0.44963664
0,0.015914372,57,0,0.321973828,3667.0,6,0,1,0,0.0,0.10884209
1,0.698161883,53,0,0.295252474,5960.0,3,1,1,2,3.0,0.9487183
0,0.235844622,58,0,0.882966585,6134.0,17,0,4,0,0.0,0.56073064
0,0.0,61,0,0.233823739,7000.0,9,0,1,0,1.0,0.121266246
1,0.978007331,37,1,0.373320837,3200.0,8,1,0,0,0.0,0.90531737
0,0.262223824,36,0,0.150706113,9700.0,9,0,0,0,5.0,0.32944322
0,0.159996347,28,0,0.812286689,2343.0,20,0,1,0,0.0,0.40314803
0,0.121675999,54,0,0.457297915,3500.0,15,0,2,0,0.0,0.20756976
0,0.087125018,54,0,0.688111888,2144.0,13,0,0,0,0.0,0.16709884
0,0.045070206,41,0,0.334494774,6600.0,15,0,2,0,0.0,0.21774684
0,0.006852234,88,0,0.000818465,6108.0,4,0,0,0,0.0,0.03752221
0,0.304219952,68,0,0.326176251,5355.0,7,0,2,0,0.0,0.10210125
0,0.984993393,58,0,0.299252075,12166.0,13,0,1,0,0.0,0.2867623
0,0.0,53,0,0.416188183,5398.0,13,0,2,0,1.0,0.12398006
0,0.0,55,0,0.322343077,8825.0,4,0,3,0,3.0,0.1155653
1,0.583708146,64,1,0.113644335,2850.0,6,0,0,0,0.0,0.60698605
0,0.171421369,54,0,0.123118877,9900.0,6,0,1,0,1.0,0.1350468
0,0.016344221,41,0,0.006493506,2771.0,5,0,0,0,4.0,0.17624788
1,0.9999999,37,0,0.0,4151.0,0,0,0,0,2.0,0.7231377
0,0.032974176,77,0,0.601279744,5000.0,11,0,2,0,1.0,0.12325704
0,0.449535604,48,0,0.423036867,4800.0,7,0,1,0,1.0,0.31483936
0,0.407932011,45,0,0.066165286,11833.0,3,0,0,0,2.0,0.19951357
0,0.062299871,68,0,0.054557022,6286.0,10,0,0,0,2.0,0.10932917
0,0.488969179,46,0,0.259880055,13005.0,14,0,1,0,1.0,0.32353377
0,0.36242505,22,0,0.011420414,1400.0,1,0,0,0,0.0,0.45869946
0,0.181442693,51,1,0.302158273,8200.0,12,0,1,0,0.0,0.36724326
0,0.000758568,40,0,0.444315276,4300.0,12,0,2,0,2.0,0.1642378
1,0.9999999,54,1,0.072090466,6366.0,2,1,0,1,0.0,0.9162022
0,0.342063616,52,0,0.697292293,4320.0,18,0,1,0,0.0,0.4885038
0,0.08019445,53,1,0.01876436,7833.0,8,0,0,0,0.0,0.3187801
0,0.097241702,61,0,0.280124117,5800.0,6,0,1,0,0.0,0.07315258
0,0.9999999,39,0,0.0,3000.0,0,0,0,0,0.0,0.6775524
0,0.098434179,57,0,0.025601582,9100.0,9,0,0,0,0.0,0.13447042
0,0.027065636,67,0,0.147974414,2344.0,6,0,0,0,0.0,0.100738406
0,0.020117748,47,0,0.303132938,1180.0,9,0,0,0,2.0,0.16760863
0,0.619938728,57,0,0.230961028,18448.0,10,0,2,0,1.0,0.25816628
0,0.420422558,55,0,0.480223497,6800.0,17,0,1,0,0.0,0.18390374
0,0.9999999,53,0,0.503475165,5898.0,4,0,2,0,0.0,0.44133383
0,0.915204845,40,0,0.236101853,7500.0,10,0,0,0,3.0,0.54209065
1,0.9999999,32,0,0.083029862,1372.0,2,2,0,1,0.0,0.9292982
0,0.055521633,66,0,0.344262295,2500.0,19,0,1,0,0.0,0.21298306
0,0.343953788,64,0,0.276180955,4000.0,9,0,1,0,0.0,0.18573861
1,0.902262217,46,2,0.186440678,8200.0,6,0,0,0,1.0,0.7815823
0,0.68028326,80,0,0.42985336,4568.0,6,0,1,0,0.0,0.2061378
0,0.370449444,66,0,0.573046694,4325.0,5,0,1,0,0.0,0.13729651
0,0.021199058,62,0,0.002651515,5279.0,4,0,0,0,0.0,0.047465138
0,0.770012568,52,0,0.513340544,11093.0,19,0,2,0,2.0,0.56752527
0,0.091912837,63,0,0.199036323,10791.0,8,0,2,0,0.0,0.04824368
0,0.9999999,84,1,0.005919053,6250.0,6,0,0,0,0.0,0.72444415
0,0.062618408,62,0,0.206289477,7440.0,7,0,1,0,0.0,0.07688156
0,0.139681005,44,0,0.33457763,7232.0,7,0,1,0,2.0,0.15724142
0,0.020559036,70,3,0.23516767,4651.0,9,0,1,0,0.0,0.36527705
0,0.99580042,50,0,0.216371151,7500.0,4,0,1,0,3.0,0.40777472
0,2.638722555,25,1,0.521025641,974.0,4,1,0,1,0.0,0.80334175
0,0.056842052,53,1,0.245716952,15000.0,14,0,1,0,0.0,0.22775096
0,0.232883596,58,1,0.032220114,68000.0,8,0,1,0,3.0,0.3437541
0,0.209333025,51,0,0.085833254,10566.0,8,0,0,0,2.0,0.085021466
0,0.036522515,54,0,0.006256058,11348.0,2,1,0,0,1.0,0.48718134
0,0.249500998,25,0,0.205065541,4500.0,3,0,1,0,0.0,0.15539579
0,0.004716075,58,0,0.958847737,1700.0,25,0,2,0,0.0,0.177387
0,0.9999999,21,0,0.0,820.0,1,0,0,0,0.0,0.11573679
1,0.9999999,36,4,0.913675602,2200.0,10,1,1,7,1.0,0.9682717
0,0.667083229,55,0,0.153112222,2200.0,3,0,0,0,0.0,0.4620204
0,0.0,46,0,0.930298991,5250.0,12,0,4,0,3.0,0.42117825
0,0.393734746,47,0,0.333425913,7200.0,13,0,1,0,2.0,0.22788888
1,0.613145876,38,0,0.279872785,2200.0,2,1,0,0,0.0,0.7871167
0,0.0,66,2,0.279759036,4149.0,8,0,1,0,3.0,0.51358217
0,0.317043831,36,1,0.169066076,2708.0,6,0,0,0,0.0,0.5201035
0,0.154042298,50,0,0.165139143,6000.0,6,0,0,0,4.0,0.23912488
0,0.250191173,40,0,0.630304377,4500.0,13,0,1,0,1.0,0.32331258
0,0.191876794,46,0,0.254334645,9400.0,12,0,3,0,0.0,0.18148258
0,0.703167083,55,0,0.174802291,11000.0,12,0,0,0,0.0,0.3875225
0,0.019273092,48,0,0.203053283,10021.0,9,0,2,0,3.0,0.07560359
0,0.02866824,73,0,0.242326754,11500.0,14,0,1,0,0.0,0.07538551
0,0.350831696,64,0,0.275482094,9800.0,7,0,2,0,0.0,0.15755847
0,0.522501741,56,0,0.390601566,6000.0,13,0,1,0,2.0,0.32283598
0,0.019343784,63,0,0.305192572,11631.0,12,0,2,0,1.0,0.08809577
0,0.0,29,0,0.595292505,4375.0,9,0,2,0,0.0,0.42929026
0,0.362211345,35,1,0.033474708,131800.0,11,0,1,0,2.0,0.334262
0,1.029504999,30,1,0.160186625,4500.0,6,1,0,3,3.0,0.9727312
0,0.008805851,62,0,1667.0,0.0,20,0,1,0,0.0,0.04061532
0,0.256970362,55,0,0.520677552,6552.0,27,0,1,0,0.0,0.19961424
0,0.085366418,32,0,0.0869619,8083.0,6,0,0,0,0.0,0.11245545
0,0.344904961,57,0,0.455856212,5062.0,10,0,1,0,1.0,0.26807308
1,0.9999999,27,0,0.662674651,500.0,1,0,0,1,0.0,0.6748288
0,0.393811455,30,0,0.36372679,6031.0,15,0,2,0,1.0,0.40756154
0,0.858283433,62,0,0.007652174,2874.0,3,0,0,0,0.0,0.5418199
0,0.62835249,33,1,0.169387232,11700.0,10,0,0,0,0.0,0.4737543
0,0.063825191,36,0,0.270810766,12000.0,8,0,2,0,1.0,0.08650916
0,0.488725016,62,1,0.694078947,4863.0,10,0,1,0,1.0,0.5175725
0,0.452920735,48,0,0.516775646,9328.0,12,0,3,0,0.0,0.36099318
0,0.404314742,63,0,0.266458463,8004.0,9,0,1,0,0.0,0.18764432
0,0.024746119,56,0,0.458837907,9000.0,12,0,3,0,0.0,0.14503124
0,0.975650214,47,1,1.147386461,3500.0,7,0,2,0,0.0,0.8025374
0,0.029331937,36,0,0.676342525,6200.0,4,0,1,0,0.0,0.1030816
0,0.054029391,60,0,84.0,0.0,6,0,0,0,0.0,0.15895532
0,0.0,69,0,0.0,5683.0,1,0,0,0,0.0,0.042942822
0,0.054860177,68,0,0.107435508,6589.0,5,0,1,0,0.0,0.040606868
0,0.098349955,44,0,0.058249041,8600.0,7,0,0,0,1.0,0.13998458
0,0.568481831,56,0,0.330990744,5833.0,9,0,1,0,0.0,0.34245235
0,0.017934285,79,0,0.474236641,4191.0,15,0,1,0,0.0,0.08775386
0,0.212755831,37,0,0.200359928,3333.0,2,0,0,0,0.0,0.118951574
0,0.66816656,46,0,0.960553997,5703.0,10,0,2,0,0.0,0.64275527
0,0.049579046,54,1,0.342282886,6666.0,9,0,1,0,4.0,0.42544922
0,0.061403974,71,0,0.204786428,3300.0,9,0,1,0,0.0,0.09815998
0,0.014187457,48,0,0.316725979,34000.0,9,0,4,0,2.0,0.2180226
1,0.48757002,37,2,0.095425629,3300.0,8,1,0,0,0.0,0.84494406
0,0.0,45,0,0.219948247,4250.0,8,0,1,0,0.0,0.10075422
0,0.972149322,39,1,0.374754817,8666.0,14,2,2,0,1.0,0.94040203
0,0.316565296,50,0,0.282567707,11667.0,10,0,1,0,4.0,0.20429803
0,0.0,24,1,0.164667067,3333.0,4,0,0,0,0.0,0.3582047
0,0.047716428,27,0,0.124627818,2350.0,3,0,0,0,0.0,0.13433765
0,0.74423736,74,0,0.382083643,4040.0,9,0,0,0,0.0,0.3864229
0,0.328844597,63,0,0.548954254,12000.0,22,0,2,0,0.0,0.24105184
0,0.55503211,49,0,0.434025947,9480.0,14,0,2,0,0.0,0.4723986
0,0.169395899,35,0,0.196779964,558.0,2,0,0,0,0.0,0.13701692
0,1.011046918,38,0,0.25881104,4709.0,6,0,0,0,1.0,0.6352486
0,0.878640511,38,1,0.239683224,18561.0,11,0,1,0,3.0,0.703408
0,0.883748833,83,0,0.338548457,2300.0,4,0,0,1,0.0,0.7180899
0,0.044781131,50,2,0.88740776,4200.0,15,0,2,0,3.0,0.74601835
0,0.029200716,58,0,0.418572578,8700.0,19,0,3,0,0.0,0.1767419
0,0.11103422,73,0,0.249436822,4882.0,5,0,1,0,0.0,0.04144222
0,0.320965238,53,0,0.440823582,6750.0,8,0,1,0,2.0,0.15474336
0,0.151912549,36,0,0.266394467,12000.0,22,0,2,0,0.0,0.26680985
0,0.060264658,43,0,0.128374325,5000.0,6,0,0,0,0.0,0.108879566
0,0.104088543,49,0,0.228342878,11000.0,10,0,2,0,2.0,0.08876278
0,0.27864322,71,0,0.194626775,6550.0,18,0,1,0,1.0,0.1431201
0,0.283131301,48,0,0.459108178,5000.0,5,0,1,1,3.0,0.53136945
0,0.255610417,54,0,0.528550512,3414.0,9,0,1,0,1.0,0.22182746
0,0.527905071,52,0,0.50499918,6100.0,12,0,1,0,0.0,0.42457634
0,0.0,65,0,0.288086679,19750.0,12,0,2,0,0.0,0.071513414
0,0.068867704,61,0,0.438532941,8833.0,17,0,1,0,0.0,0.1667951
0,0.055464818,65,0,0.004652488,10531.0,3,0,0,0,0.0,0.023871535
1,0.381199688,71,0,1.09947839,2683.0,7,0,1,1,0.0,0.56881434
0,0.034061436,60,0,0.005332445,6000.0,7,0,0,0,0.0,0.0933757
0,0.161823948,39,0,0.316400581,6200.0,7,0,1,0,0.0,0.15343638
0,0.138971838,58,0,0.641936917,2250.0,17,0,1,0,0.0,0.20272423
1,0.018940492,89,1,0.593009119,3289.0,13,1,1,2,0.0,0.93797725
0,0.058037903,63,0,0.330584306,24250.0,20,0,4,0,1.0,0.17797484
0,0.029612948,62,0,0.61993298,9250.0,5,0,2,0,0.0,0.10405343
0,0.933992024,61,0,0.782475234,7166.0,10,0,2,0,0.0,0.47214752
0,0.0,56,0,0.220524429,5300.0,8,0,1,0,2.0,0.09880218
0,0.973700942,28,0,0.427078601,2200.0,7,0,0,0,0.0,0.5894726
0,0.703544416,43,0,0.441200046,8732.0,6,0,2,0,4.0,0.40961704
0,0.001079117,49,0,0.356094448,4700.0,11,0,1,0,2.0,0.09098267
0,0.116460948,54,1,0.244344457,8000.0,8,0,2,0,2.0,0.34542167
0,0.047176658,73,0,0.331293837,6700.0,12,0,2,0,0.0,0.08877027
0,0.02465853,41,0,0.722162308,7417.0,16,0,1,0,2.0,0.21766238
0,0.0,35,1,0.070185963,3333.0,10,0,0,0,1.0,0.30038908
0,0.0,53,0,0.31227509,2500.0,7,0,0,0,0.0,0.2574695
0,0.002405578,57,0,0.243954104,5664.0,18,0,1,0,1.0,0.13055333
0,0.00959904,62,0,0.222524396,6250.0,6,0,1,0,2.0,0.04872915
0,0.018288499,60,0,0.625570333,10300.0,18,0,4,0,2.0,0.25981534
0,0.182880761,43,0,1.711786756,2400.0,9,0,3,0,3.0,0.4577993
0,0.026206075,65,0,0.00470496,5100.0,3,0,0,0,1.0,0.027430337
0,0.110973325,30,0,0.041986005,3000.0,11,0,0,0,0.0,0.18789062
0,0.058783615,55,0,0.076338247,6444.0,5,0,1,0,0.0,0.0685966
0,0.089953019,29,0,0.185827698,3400.0,9,0,0,0,0.0,0.20414174
0,0.9999999,25,0,0.193213296,1443.0,6,0,0,0,0.0,0.64606595
0,0.017334044,44,0,0.843961691,4280.0,12,0,2,0,1.0,0.25211394
1,0.786220687,35,1,0.374363188,6084.0,11,1,1,1,3.0,0.91239727
0,0.229442639,49,0,0.005666289,15000.0,2,0,0,0,2.0,0.20616665
0,0.007992611,68,0,0.154584542,10000.0,8,0,1,0,0.0,0.040094074
0,0.248067675,64,0,0.162365489,10500.0,26,0,1,0,0.0,0.120789185
0,0.043965978,57,0,0.118450683,6660.0,6,0,1,0,2.0,0.079240695
0,0.670411537,61,0,1.089165091,3700.0,15,1,1,0,1.0,0.8392675
0,0.027292011,62,0,0.039382005,3300.0,9,0,0,0,1.0,0.27207783
0,0.0,71,0,0.564550573,5150.0,5,0,0,0,0.0,0.050650686
0,0.643851149,39,1,0.456254375,10000.0,14,0,2,0,3.0,0.63201326
0,0.204209027,64,0,0.413079319,5458.0,5,0,1,0,0.0,0.07370001
0,0.971525242,49,0,0.356918239,3815.0,5,0,0,0,1.0,0.5599272
0,0.004191367,48,0,0.081064452,6500.0,17,0,0,0,3.0,0.08964502
0,0.064372318,41,0,1.083273338,4166.0,7,0,1,0,1.0,0.22532889
0,0.079985717,53,0,0.401882961,5416.0,7,0,1,0,0.0,0.12204655
0,0.249994867,57,0,0.474297224,11418.0,13,0,4,0,0.0,0.31886363
0,0.422116464,66,0,0.060250191,3916.0,6,0,0,0,0.0,0.2843348
0,0.199469726,57,0,0.267689179,11800.0,15,0,2,0,2.0,0.111560866
0,0.072854541,49,0,0.36207974,8000.0,7,0,2,0,0.0,0.17322206
0,0.089238998,29,1,0.983189459,2200.0,6,0,1,0,0.0,0.37561518
1,0.957921507,33,1,0.208359788,9449.0,13,0,0,0,0.0,0.72476107
0,0.0,64,0,0.458308338,5000.0,7,0,2,0,0.0,0.10355738
0,0.496760421,32,3,0.213011011,7900.0,12,0,0,0,0.0,0.73032045
0,0.390855343,57,0,0.629898403,6200.0,22,0,1,1,1.0,0.5497295
0,0.192061219,54,0,0.370902512,9395.0,9,0,2,0,1.0,0.17684224
0,0.784898585,56,0,0.566814323,5417.0,12,0,1,0,0.0,0.56663954
0,0.9999999,43,0,0.689744539,2700.0,1,0,1,0,0.0,0.60843533
0,0.25243618,50,0,0.406036154,25280.0,24,0,4,0,0.0,0.4040271
0,0.0,73,0,0.19804401,3680.0,8,0,1,0,0.0,0.10879754
0,0.025772051,26,0,898.0,0.0,4,0,0,0,0.0,0.028868549
0,0.131995286,49,0,0.453646898,5867.0,9,0,1,0,0.0,0.16181687
0,0.429565386,42,0,1.990006662,1500.0,9,0,2,0,2.0,0.49239397
0,0.0,80,0,0.037345284,9371.0,12,0,1,0,0.0,0.11920177
0,0.057929247,45,0,0.271375465,7800.0,8,0,3,0,1.0,0.119044624
0,0.860210257,56,0,0.891948414,5737.0,14,0,2,0,1.0,0.6769208
0,0.609439056,80,0,3.96925859,2764.0,13,0,6,0,0.0,0.41762367
1,0.025192896,39,0,0.617676465,5000.0,8,0,2,0,2.0,0.20060362
0,0.337049075,67,0,0.368223099,10900.0,12,0,2,0,0.0,0.17759284
1,0.9999999,27,0,0.0,2000.0,0,1,0,1,0.0,0.89257866
0,0.442837144,66,0,0.796167247,3443.0,9,0,2,0,0.0,0.29857123
0,0.058011916,35,0,0.348095002,4041.0,8,0,2,0,3.0,0.19230422
0,0.079183348,55,0,0.611802041,11658.0,9,0,3,0,0.0,0.28327048
0,0.077895251,54,0,0.458204334,2583.0,10,0,1,0,1.0,0.16778192
0,0.138396925,42,0,0.348404657,6612.0,4,0,1,0,0.0,0.16364734
0,0.034843657,66,0,0.311952415,12440.0,9,0,1,0,0.0,0.077806465
0,0.002395927,79,0,0.322535493,5000.0,6,0,1,0,0.0,0.033982366
0,0.119776045,26,0,17.0,0.0,2,0,0,0,0.0,0.075639546
0,0.021131925,30,2,0.002347418,3833.0,4,0,0,0,0.0,0.34965634
0,0.9999999,76,0,0.062484379,4000.0,2,0,0,0,0.0,0.27550173
0,0.040532658,39,0,0.172287483,7916.0,11,0,0,0,0.0,0.103623524
0,0.518792671,51,0,0.339703137,11250.0,8,0,1,0,0.0,0.22512887
0,0.51429977,58,0,0.962129734,8000.0,16,0,4,0,0.0,0.52420634
0,0.314871396,30,4,0.894785418,4333.0,13,0,1,0,1.0,0.8387962
0,0.020485129,56,0,0.032983508,2000.0,12,0,0,0,0.0,0.16288978
0,0.025411266,78,0,0.112377524,5000.0,7,0,1,0,0.0,0.03383478
0,0.9999999,39,0,0.544476624,2416.0,4,0,2,0,1.0,0.49117547
1,0.9999999,36,0,0.031488395,6160.0,0,1,0,0,0.0,0.860855
0,0.368754382,79,0,0.633436259,6800.0,13,0,2,0,0.0,0.23630026
0,1.062146893,67,3,0.917355372,6533.0,9,0,0,0,0.0,0.9172457
0,0.310314403,67,0,0.139004149,5783.0,9,0,0,1,1.0,0.48395696
0,0.590598093,50,0,0.178331592,6700.0,6,0,1,0,0.0,0.25225058
0,0.603044106,58,0,0.485877792,5416.0,5,0,2,0,1.0,0.24248081
0,0.048324332,50,0,0.230688036,36000.0,12,0,2,0,3.0,0.13150486
1,1.125291569,51,4,0.432072456,5630.0,7,0,2,1,0.0,0.9510035
0,0.147818937,77,0,0.094581084,5000.0,6,0,1,0,0.0,0.06370165
0,0.453791813,51,0,0.599668325,6029.0,4,0,2,0,3.0,0.39885482
0,0.392686927,53,0,0.367235633,9900.0,16,0,1,0,3.0,0.32022977
0,0.0,64,0,0.255497801,2500.0,4,0,1,0,0.0,0.12943685
0,0.85341786,47,0,5435.0,0.0,10,0,1,0,3.0,0.25788963
0,0.434400757,35,0,721.0,0.0,5,0,0,0,1.0,0.105242684
0,0.0,53,0,0.69516935,1800.0,13,0,1,0,0.0,0.17854385
0,0.01884252,67,0,0.177477815,8000.0,24,0,2,0,0.0,0.12498644
0,0.103712187,47,0,0.34396906,4136.0,11,0,1,0,2.0,0.15093435
0,0.180163967,33,0,0.701570681,3628.0,7,0,1,0,1.0,0.17137471
0,0.222353631,52,0,0.38072042,7800.0,6,0,1,0,0.0,0.16460925
1,0.944043998,37,4,0.14515457,12000.0,7,1,0,1,1.0,0.91201824
0,0.9999999,74,0,0.0,3000.0,0,0,0,0,0.0,0.21963009
0,0.710857429,30,0,0.292853573,2000.0,4,0,0,0,0.0,0.46765018
1,0.78332436,44,1,0.653897402,3001.0,8,0,0,0,2.0,0.70147896
0,0.0,40,0,0.756444306,6400.0,11,0,2,0,2.0,0.28885028
0,0.0,27,0,0.06397441,2500.0,3,0,0,0,0.0,0.2253432
0,0.480502785,26,0,0.138578131,5541.0,3,0,0,0,0.0,0.271184
0,0.054765018,39,0,0.315265487,3615.0,7,0,1,0,2.0,0.10629087
0,0.012726887,83,0,4896.0,0.0,11,0,1,0,0.0,0.09575591
0,0.959685593,50,1,0.244180597,6400.0,8,0,0,0,1.0,0.724846
0,0.433227168,48,0,0.188077859,8219.0,8,0,1,0,1.0,0.2145939
0,0.0,48,0,0.428326581,6417.0,12,0,1,0,0.0,0.124704555
0,0.848984137,51,1,0.283720098,16762.0,19,0,1,0,1.0,0.67529786
0,0.035298618,61,0,0.071976008,6001.0,8,0,2,0,1.0,0.0834782
0,0.826293427,27,0,0.670428894,3100.0,6,0,1,0,0.0,0.58827543
1,0.320457562,45,0,0.294380375,15000.0,27,0,3,0,3.0,0.2675107
0,0.30248837,55,0,0.694259171,8395.0,18,0,3,0,0.0,0.40669936
0,0.008972814,54,0,0.001894537,3166.0,3,0,0,0,0.0,0.0627489
0,0.038499038,88,0,0.010799136,4166.0,2,0,0,0,0.0,0.032692626
0,0.019232539,75,0,0.009239298,3246.0,4,0,0,0,0.0,0.02881308
0,0.0,34,0,0.279783907,7033.0,7,0,2,0,0.0,0.22913256
0,0.235976518,61,0,0.202084691,7674.0,17,1,1,0,0.0,0.74456006
0,0.0,39,0,0.572221037,9373.0,11,0,2,0,2.0,0.25674352
0,0.15781854,57,0,0.484865012,11000.0,9,0,1,0,2.0,0.14547516
0,0.264069628,39,0,0.353753372,6300.0,16,0,1,0,1.0,0.27398014
0,0.04793314,40,0,0.458165158,9166.0,5,0,2,0,1.0,0.1187238
0,0.066899337,26,0,0.381190368,2200.0,13,0,0,0,0.0,0.44261077
1,0.528610354,33,1,0.20941487,4545.0,3,1,0,3,4.0,0.9712417
0,0.306517504,45,0,0.141821515,12000.0,11,0,0,0,0.0,0.25729653
0,0.842334945,67,0,1.284761236,2847.0,15,0,0,0,1.0,0.59090084
0,0.178492785,43,0,0.72942045,5417.0,13,0,1,0,0.0,0.2624112
0,0.149308449,26,0,0.209919262,2600.0,5,0,0,0,0.0,0.23021653
0,0.9999999,29,0,0.194730664,7666.0,7,0,1,0,0.0,0.35093528
0,0.737994477,61,0,1.895034988,3000.0,14,0,2,0,1.0,0.63921773
0,0.009090744,35,0,0.165857605,13595.0,12,0,4,0,1.0,0.123009525
0,0.008003582,45,0,0.079723792,4778.0,4,0,1,0,2.0,0.05397636
0,0.014786983,39,0,0.202838063,9583.0,3,0,1,0,0.0,0.090605356
0,0.041110249,29,0,0.432195976,8000.0,7,0,2,0,1.0,0.18057118
0,0.006013618,68,0,0.505208333,1343.0,6,0,1,0,1.0,0.044912055
0,0.46601594,44,1,0.179665298,9500.0,7,0,1,0,0.0,0.48194203
0,0.013364956,46,0,0.306745562,4224.0,6,0,1,0,4.0,0.1029071
0,0.0,60,0,0.861982783,3600.0,7,0,1,0,1.0,0.14672986
0,0.190468771,62,1,0.693531283,6600.0,15,0,3,0,2.0,0.51735294
0,1.201383551,46,3,0.046359422,7333.0,5,2,0,0,2.0,0.9674644
0,0.096207448,60,0,0.165257494,1300.0,7,0,0,0,0.0,0.13397358
0,0.0,22,0,0.217782218,1000.0,2,0,0,0,0.0,0.15503056
0,0.052627486,48,0,1376.0,1.0,17,0,3,0,2.0,0.10573019
0,0.27302203,60,0,0.522076171,2966.0,4,0,2,0,1.0,0.1595284
0,0.621211174,28,0,0.365163148,2083.0,7,0,0,0,0.0,0.52170706
0,0.087659455,71,0,0.264358108,4735.0,7,0,1,0,0.0,0.05428695
0,0.11265426,51,2,0.572492288,9400.0,10,0,1,0,2.0,0.49105397
0,0.474201036,33,0,0.474762619,2000.0,6,0,0,0,0.0,0.34219316
0,0.01669833,58,0,0.0019992,2500.0,2,0,0,0,0.0,0.055756617
1,0.780626781,59,0,0.017641093,42400.0,6,0,1,0,3.0,0.6475201
0,0.081423653,57,0,0.047765556,13000.0,5,0,0,0,2.0,0.07247871
0,0.026765855,61,1,0.249000114,8750.0,9,0,1,0,0.0,0.21346223
0,0.362685577,36,0,0.247596667,4680.0,8,0,0,0,0.0,0.23606557
0,0.037424369,60,0,0.2889976,10833.0,6,0,2,0,3.0,0.024956208
0,0.0,48,0,0.425334324,2691.0,13,0,0,0,1.0,0.17750792
0,0.439973172,74,2,11.66666667,179.0,12,2,1,0,1.0,0.67460513
0,0.089103656,47,0,0.357630273,6447.0,12,0,1,0,0.0,0.16628957
0,0.134034545,61,0,0.253057851,6049.0,22,0,0,0,0.0,0.2016848
0,0.015459292,80,0,0.004666148,9000.0,8,0,0,0,1.0,0.038842805
0,0.045846941,65,0,0.613374327,1300.0,10,0,0,0,0.0,0.199942
0,0.046300101,67,0,0.135041769,15920.0,6,0,1,0,0.0,0.0391571
1,0.152292821,60,6,0.682263547,5000.0,23,0,2,0,0.0,0.7364793
0,0.0,61,0,0.099237611,7869.0,9,0,2,0,1.0,0.09818542
0,0.111914468,59,0,0.022907122,2400.0,3,0,0,0,0.0,0.11719093
0,0.371749558,39,0,0.277538355,5800.0,18,0,1,0,0.0,0.38733825
0,0.0,62,0,0.149066735,3910.0,6,0,0,1,0.0,0.54153574
0,0.010924727,65,0,0.011761247,3400.0,2,0,0,0,1.0,0.06719319
0,0.9999999,56,0,0.343131374,1666.0,1,0,0,0,0.0,0.6062809
1,0.257595316,67,0,0.446258957,6000.0,18,0,1,0,1.0,0.22036296
0,0.026438942,39,0,0.098312851,4800.0,2,0,0,0,2.0,0.06547443
0,0.894148039,49,1,0.60173913,5174.0,13,0,2,0,0.0,0.770535
0,0.010216435,51,0,0.383434396,7750.0,10,0,1,0,2.0,0.095832676
0,0.0,53,0,0.015796841,5000.0,3,1,0,0,0.0,0.827521
0,0.12941136,35,0,0.615129699,8750.0,10,0,2,0,0.0,0.3059199
0,0.317975796,34,0,0.297933792,4500.0,11,0,2,0,0.0,0.31145033
0,0.058235299,64,0,0.206494588,1200.0,20,0,0,0,0.0,0.18827903
0,0.441122221,24,0,0.131464031,4350.0,4,0,0,0,1.0,0.30377138
0,0.391278623,42,0,0.53397519,5400.0,10,0,1,0,1.0,0.32953814
0,0.137009532,35,0,0.125273352,3200.0,8,0,0,0,1.0,0.22694078
0,0.301826369,58,0,0.576535854,14600.0,11,1,4,0,0.0,0.7347756
0,0.365751682,28,0,0.009837678,6098.0,3,0,0,0,0.0,0.26938927
0,0.078459124,47,0,0.364336434,9998.0,15,0,2,0,3.0,0.17671442
0,0.007637424,70,0,0.012302285,2275.0,8,0,0,0,0.0,0.04990828
0,0.975209916,43,0,0.079205366,3875.0,3,0,0,0,4.0,0.6767591
0,0.366877589,50,0,1.102184376,2700.0,14,0,2,0,0.0,0.4444193
1,0.999725576,53,1,0.036740815,4000.0,3,0,0,0,0.0,0.8159669
0,0.212644497,49,0,0.361556064,6991.0,15,0,2,0,0.0,0.13007596
0,0.018136899,73,0,0.288541957,3586.0,3,0,1,0,0.0,0.03781761
0,0.049789559,65,0,0.629456848,3000.0,9,0,1,0,1.0,0.19115518
0,1.210940919,23,0,0.053964024,1500.0,4,1,0,0,0.0,0.91364086
0,0.9999999,55,0,0.105057944,9232.0,5,0,0,0,0.0,0.4408141
0,0.9999999,50,0,0.007553877,4500.0,0,0,0,0,0.0,0.67574215
1,0.860241984,52,0,1.13398086,7000.0,18,0,4,0,1.0,0.7664011
0,0.28771783,61,0,0.417910448,2679.0,10,0,0,0,0.0,0.27233845
0,0.14551688,63,0,0.070992901,10000.0,10,0,1,0,0.0,0.12076326
0,0.9999999,57,0,0.325489282,8583.0,3,0,1,1,3.0,0.72303635
0,0.510112672,54,0,0.578570238,6000.0,17,0,1,0,1.0,0.49966952
0,0.547145285,34,0,0.107329843,4583.0,9,0,0,0,0.0,0.41329
0,0.585068686,38,0,0.866506795,1250.0,6,0,0,0,0.0,0.46724385
0,0.9999999,40,0,0.0,3191.0,1,0,0,0,1.0,0.6038454
0,0.107422314,79,0,0.027228249,4700.0,3,0,0,0,0.0,0.050687708
0,0.064450318,58,0,0.392151962,4000.0,11,0,1,0,1.0,0.12396639
0,0.879487797,44,0,0.838100528,3600.0,8,0,1,0,3.0,0.49441025
0,0.0,44,0,0.632669757,3666.0,4,0,2,0,0.0,0.15699561
0,0.42168819,76,0,0.248827922,5758.0,9,0,1,0,1.0,0.25066245
0,0.114243412,77,0,0.725568608,4000.0,17,0,3,0,0.0,0.22941703
0,0.098674621,36,0,0.58145434,3547.0,8,0,1,0,2.0,0.12796311
0,0.820133511,47,3,0.594063728,16036.0,12,1,8,6,0.0,0.8789771
0,0.060688793,52,0,0.146262771,5578.0,4,0,0,0,1.0,0.10083346
1,0.9999999,45,0,0.00509704,5100.0,0,0,0,0,2.0,0.7384349
0,0.248526153,70,0,0.550414167,3500.0,11,0,1,0,0.0,0.1700222
0,0.285698661,54,0,0.592173913,5749.0,13,0,3,0,1.0,0.28856412
0,0.036224976,36,0,0.212817834,5741.0,7,0,1,0,0.0,0.07402529
0,0.031621566,63,0,0.177293935,4500.0,14,0,0,0,1.0,0.09266338
1,0.462417982,43,0,1.416861046,3000.0,12,0,1,0,0.0,0.48940864
0,0.387705586,49,0,0.053595712,12500.0,3,0,0,0,0.0,0.2242607
0,0.481877517,27,0,0.207330618,2700.0,6,0,0,0,0.0,0.36429247
0,0.63139605,62,0,0.665833854,1600.0,9,0,1,0,1.0,0.40113226
0,0.0,53,0,0.273846154,8449.0,7,0,2,0,2.0,0.14703438
0,0.119745723,31,0,0.595744681,6250.0,6,0,2,0,0.0,0.24623862
0,0.051579885,49,0,0.365090793,12500.0,19,0,3,0,3.0,0.24788149
0,0.134127256,40,0,0.29468896,8133.0,10,0,1,0,3.0,0.168885
0,0.217539123,53,0,0.067330572,11346.0,9,0,1,0,0.0,0.11543958
0,0.170482952,35,1,0.430395324,6500.0,7,0,2,0,0.0,0.43303052
0,0.0,36,0,0.340265558,6250.0,5,0,1,0,0.0,0.13192847
0,0.675578846,28,0,0.524822695,3947.0,10,0,2,0,0.0,0.67256624
0,0.02783056,44,0,0.267994709,12850.0,15,0,4,0,2.0,0.11907001
0,0.2976096,72,0,0.156136688,9100.0,9,0,1,0,0.0,0.124789834
1,0.813108598,30,0,0.300155521,4500.0,11,0,0,0,0.0,0.5943017
0,0.025182808,67,0,0.237502049,6100.0,14,0,1,0,0.0,0.10409564
0,0.054147293,64,0,0.008062484,3968.0,3,0,0,0,0.0,0.038836032
0,0.113551937,64,0,0.170857316,3300.0,8,0,0,0,0.0,0.11429194
0,0.763425935,58,1,0.411579185,4438.0,12,0,0,0,1.0,0.6468378
0,1.067382451,28,0,0.292951175,6000.0,8,0,1,0,0.0,0.5941713
0,0.9999999,39,2,0.453234358,4714.0,5,0,1,0,3.0,0.8184314
0,0.085314045,47,0,0.509956541,15416.0,18,0,2,0,3.0,0.20403133
0,0.30616633,60,1,0.469699405,6220.0,12,0,2,0,1.0,0.39870507
1,0.567795124,38,2,0.140647262,4912.0,5,0,0,0,3.0,0.73081297
0,0.254972286,29,2,0.013997201,5000.0,4,0,0,0,0.0,0.44862092
0,0.078493459,66,0,0.013993003,2000.0,2,0,0,0,0.0,0.0891661
0,0.025724357,52,0,0.09360481,7317.0,4,0,1,0,0.0,0.04775066
0,0.625243566,40,0,0.474557522,7231.0,9,0,1,0,2.0,0.41480228
0,0.692441999,48,0,0.485827291,4550.0,8,0,1,0,2.0,0.4308399
0,0.705663122,43,0,0.060090376,10400.0,4,0,0,0,0.0,0.2112287
0,0.352226371,65,1,0.672474321,7690.0,28,0,2,0,2.0,0.36151844
0,0.245156452,28,0,2.688715953,256.0,5,0,0,0,0.0,0.0900773
0,0.014797822,45,0,0.281537048,6531.0,6,0,2,0,1.0,0.085933484
0,0.931391408,51,0,0.292856571,12500.0,9,0,3,0,2.0,0.3768486
0,0.025899353,43,0,0.336095847,11100.0,8,0,2,0,0.0,0.1179413
0,0.0,43,0,0.14732856,16900.0,5,0,2,0,2.0,0.056711912
0,0.06101868,65,0,0.560675343,2842.0,8,0,2,0,1.0,0.1971985
0,0.9999999,23,0,0.002436054,820.0,1,0,0,0,0.0,0.47403827
0,0.045887189,42,0,0.199311235,4645.0,4,0,1,0,0.0,0.05717685
0,0.183902642,51,0,0.548389032,16666.0,11,0,4,0,4.0,0.3178598
0,0.677479363,49,0,0.239002095,5250.0,7,0,1,0,0.0,0.36504745
0,0.018377539,43,0,0.007374078,8000.0,12,0,0,1,3.0,0.5551517
0,0.492486293,51,2,0.548461137,9584.0,20,0,6,0,2.0,0.8260535
0,0.011228206,77,0,0.264805224,8881.0,6,0,2,0,0.0,0.050257318
0,1.001996008,51,0,0.00535523,2800.0,1,0,0,2,0.0,0.91108704
0,0.22501915,37,0,0.453578797,6300.0,19,0,1,0,1.0,0.28078008
0,0.0,58,0,0.280474502,7333.0,8,0,2,0,2.0,0.10030543
0,0.9999999,55,0,0.64583854,4000.0,7,0,1,0,2.0,0.45123273
0,0.381926952,50,2,0.385516355,7000.0,8,0,2,0,2.0,0.4897583
0,0.301441572,41,1,0.5745206,5266.0,10,0,2,0,2.0,0.58303314
1,1.160557407,43,3,0.38626087,11499.0,9,1,1,1,2.0,0.9659471
0,0.067030096,74,0,0.126679463,520.0,6,0,0,0,0.0,0.1753858
0,1.025987006,63,6,0.521441726,3800.0,8,2,2,1,1.0,0.94862944
1,0.126516464,27,0,0.770089286,3583.0,8,0,2,0,1.0,0.48371652
0,0.999134978,55,0,0.56898467,4500.0,7,0,1,1,0.0,0.8617269
0,0.022907425,59,0,0.489014166,6917.0,7,0,1,0,0.0,0.066226296
0,0.335332933,30,0,0.237561317,4280.0,3,0,1,0,0.0,0.16210878
0,0.82888529,60,2,0.379244958,5800.0,10,0,2,1,0.0,0.78773123
0,1.329529399,38,0,0.413760267,8400.0,7,0,1,0,2.0,0.57420784
0,0.220318645,45,0,0.303898927,7360.0,4,0,2,0,3.0,0.117647484
0,0.0,74,0,0.001333111,6000.0,4,0,0,0,0.0,0.06790189
0,0.0,65,1,0.505936263,4800.0,12,0,1,0,0.0,0.2670246
0,0.754596323,53,1,0.036585366,11233.0,3,0,0,0,0.0,0.5388859
0,0.020978277,32,0,0.020884248,4500.0,6,0,0,0,0.0,0.119908296
0,0.506132217,38,0,0.163109414,4450.0,10,0,0,0,2.0,0.47625202
0,0.9999999,28,1,0.587968218,880.0,2,1,0,0,2.0,0.8534346
0,0.07066646,43,0,0.244660427,8333.0,7,0,2,0,4.0,0.12436042
0,0.020150669,66,0,0.19896961,15333.0,9,0,1,0,0.0,0.06877488
0,0.403504999,57,0,0.481780616,5323.0,13,0,2,0,0.0,0.22212371
0,0.9999999,45,0,0.269949066,2355.0,4,0,0,0,3.0,0.6156023
0,0.0,47,0,0.16619169,20000.0,23,0,1,0,3.0,0.059347205
0,0.184994714,48,0,0.942383918,14127.0,14,0,9,0,0.0,0.5820742
0,0.469056842,31,0,0.048211004,9250.0,4,0,0,0,1.0,0.42701095
0,0.9999999,68,0,0.367046895,3944.0,9,0,1,0,1.0,0.22710401
1,0.9999999,53,0,0.495528669,1900.0,3,2,1,0,0.0,0.8856638
0,0.005391893,68,0,0.006806028,2056.0,1,0,0,0,0.0,0.026340568
0,0.217556489,48,0,0.065724382,4244.0,3,0,0,0,1.0,0.20227152
1,0.775381378,28,0,0.07283987,3390.0,2,0,0,0,4.0,0.54552317
1,0.06715899,48,0,0.782013239,4380.0,18,0,1,0,0.0,0.29941335
0,0.004641154,41,4,0.258999918,12138.0,11,0,2,1,2.0,0.5378381
0,0.007713551,59,1,0.376677316,3129.0,5,0,2,0,0.0,0.303663
0,0.9999999,56,0,0.280429893,4000.0,2,0,0,0,0.0,0.5050878
0,0.15610594,53,0,0.417805545,5121.0,14,0,1,0,0.0,0.2402526
0,0.231181505,29,0,0.644394777,8500.0,9,0,2,0,1.0,0.44984427
0,0.9999999,41,0,0.173423014,5500.0,4,0,0,0,2.0,0.5295319
0,0.0,54,0,0.32758215,12750.0,11,0,1,0,2.0,0.12599385
0,0.585619863,39,3,0.469180245,15833.0,11,0,2,0,2.0,0.80388397
0,0.093697951,65,0,0.229330709,5079.0,10,0,2,0,1.0,0.10167672
0,0.006722576,59,1,0.262787973,2560.0,10,0,1,0,0.0,0.31933826
0,0.129262632,27,0,0.00314911,6350.0,4,0,0,0,2.0,0.32956594
0,0.090996416,60,0,0.236541999,8154.0,9,0,1,0,1.0,0.0782007
0,0.147588793,36,1,0.796530432,3400.0,10,0,2,0,0.0,0.48921365
1,0.9999999,48,0,0.166358025,3239.0,2,5,0,1,0.0,0.95522183
0,0.92606614,48,2,0.20350372,4166.0,5,0,1,0,1.0,0.7577273
0,0.104019911,38,0,0.305969403,10000.0,19,0,1,0,0.0,0.21991558
0,0.105126325,27,0,0.170699804,1528.0,4,0,0,0,0.0,0.18621822
0,0.004546804,55,0,0.00079992,10000.0,7,0,0,0,0.0,0.07162452
0,0.001677392,82,0,0.015789474,189.0,8,0,0,0,0.0,0.0668568
0,0.181458989,56,0,0.096807463,21330.0,10,0,1,0,0.0,0.18372737
0,0.9999999,24,0,0.032845412,2800.0,1,0,0,0,0.0,0.5536423
0,0.9999999,43,1,0.545292621,3929.0,3,0,1,0,2.0,0.7400592
0,0.04728867,39,0,0.00694036,8500.0,8,0,0,0,2.0,0.08069869
1,0.998644986,45,4,0.051207023,5467.0,8,1,0,2,1.0,0.95762825
0,0.044697188,50,0,0.26651315,8250.0,20,0,3,0,1.0,0.18830319
0,0.211266163,45,0,0.455776483,5833.0,10,0,2,0,0.0,0.22878188
0,0.198614571,76,0,0.396825397,8000.0,7,0,3,0,0.0,0.12286736
0,0.026344509,37,0,0.806334589,7166.0,9,0,3,0,0.0,0.4760928
0,0.035683709,35,0,0.365793201,5647.0,8,0,0,0,2.0,0.11390686
0,0.326345281,46,1,0.034281796,2916.0,2,0,0,0,2.0,0.577113
0,0.0,38,1,0.397320536,5000.0,5,0,1,0,0.0,0.27708766
0,2.731671352,53,0,0.829306889,9478.0,17,0,3,0,1.0,0.7510312
0,0.707849143,47,0,0.443738887,3936.0,15,0,0,0,0.0,0.60447544
0,0.0,40,0,0.227346582,8000.0,2,0,1,0,3.0,0.08716723
0,0.336799606,43,0,0.407918416,3333.0,7,0,1,0,0.0,0.20873576
0,0.030701549,44,0,0.363464209,7920.0,8,0,2,0,3.0,0.07046385
0,0.476195626,62,0,0.266834171,13929.0,18,0,1,0,1.0,0.3019437
0,0.063055341,64,0,0.046492251,6000.0,5,0,0,0,0.0,0.06996812
0,0.461333434,38,0,1.205208801,2226.0,10,0,1,0,0.0,0.46750247
0,0.727520878,44,0,0.406779661,6666.0,7,0,1,0,0.0,0.38108087
0,0.154554943,57,0,0.359908483,5681.0,10,0,1,0,0.0,0.1574758
0,0.168307945,33,0,0.368352789,6167.0,7,0,2,0,0.0,0.20139168
0,0.546708791,54,0,0.310278393,10380.0,17,0,2,0,2.0,0.24773736
0,0.101159536,23,0,0.008526188,820.0,2,0,0,0,0.0,0.13275559
1,0.509157111,55,1,0.423597679,2584.0,11,1,0,0,0.0,0.88517314
0,0.021300568,61,0,0.850198242,5800.0,11,0,3,0,1.0,0.23925248
0,0.006731879,81,0,0.003715937,2421.0,9,0,0,0,0.0,0.08088262
0,0.489629024,51,2,0.459450779,6226.0,8,0,2,0,3.0,0.5754189
0,0.033497566,49,0,0.387889825,4392.0,10,0,1,0,1.0,0.113689944
0,0.046085204,37,0,0.474134183,6900.0,10,0,1,0,1.0,0.10336483
0,0.3994694,61,1,0.434937866,7000.0,12,0,2,0,0.0,0.33152735
0,0.009891207,54,0,0.078165561,10400.0,12,0,0,0,2.0,0.08584541
0,0.022570842,57,0,0.240832303,4853.0,10,0,0,0,0.0,0.1259069
0,0.613117558,41,2,0.535737283,3105.0,6,0,1,1,2.0,0.8554943
0,0.073552287,54,0,0.014842301,3233.0,4,0,0,0,0.0,0.14729987
0,0.000749813,24,0,0.0,3724.0,2,0,0,0,0.0,0.079815336
0,0.045552802,69,0,0.221546208,9532.0,14,0,2,0,1.0,0.088210106
0,0.04271276,78,0,0.110697444,4028.0,4,0,0,0,0.0,0.036728136
0,0.229519262,38,0,0.283185841,20000.0,12,0,4,0,1.0,0.43564048
0,0.445413865,59,0,0.551288795,1900.0,5,0,0,0,0.0,0.28610426
0,0.211109087,64,0,0.062322946,6000.0,5,0,0,0,0.0,0.12766345
0,0.105289942,56,0,0.431433469,9333.0,15,0,2,0,1.0,0.15947734
0,0.136984779,78,0,0.010854042,3500.0,3,0,0,0,0.0,0.07662627
0,0.098904489,42,1,0.263208306,26100.0,18,1,2,0,3.0,0.72426444
0,0.9999999,39,1,0.061492313,5333.0,6,1,0,0,0.0,0.857195
0,0.036285072,45,3,0.275668973,25000.0,14,0,2,0,4.0,0.47234175
0,0.879343388,27,0,0.183204199,4000.0,5,0,0,0,0.0,0.48810208
0,0.4527656,42,0,0.418805217,4753.0,8,0,1,0,3.0,0.32127985
0,0.752779809,45,0,0.27857266,5800.0,6,0,0,0,0.0,0.47480077
0,0.0,44,0,0.15177219,3300.0,6,0,0,0,1.0,0.118253015
0,0.023946108,88,0,0.006496752,2000.0,4,0,0,0,0.0,0.020750858
0,1.00439912,27,0,0.467092474,3600.0,4,0,1,0,2.0,0.58815163
0,0.009948986,61,0,0.006594724,1667.0,4,0,0,0,0.0,0.09588404
0,0.222494126,52,0,0.402131874,10600.0,11,0,5,0,0.0,0.28726548
0,0.00339983,63,0,0.262694922,2500.0,5,0,0,0,0.0,0.09929299
0,0.225548902,28,0,0.031210986,800.0,2,0,0,0,0.0,0.13334161
0,0.058056214,45,0,0.639072186,5000.0,7,0,1,0,3.0,0.15358065
0,0.589341066,48,1,0.230874007,4404.0,3,0,1,0,2.0,0.5739768
0,0.40137668,59,0,0.950209958,3333.0,7,0,2,0,1.0,0.24239446
0,0.9999999,30,0,0.042789757,5935.0,6,4,0,0,0.0,0.88966906
0,0.488401757,59,0,0.32528578,10934.0,10,0,2,0,1.0,0.19045414
0,0.162551985,51,1,0.379334973,12600.0,21,0,2,0,1.0,0.51812184
0,0.9999999,45,0,0.278144371,5000.0,6,0,1,0,2.0,0.50753564
0,0.216861571,76,0,0.425714857,5000.0,16,0,2,0,1.0,0.18021484
0,0.438528339,41,0,0.416145964,4000.0,11,0,1,0,0.0,0.3346605
0,0.089219235,57,0,0.183284203,5766.0,23,0,1,0,1.0,0.10531333
0,0.462224495,57,0,0.376815516,11084.0,19,0,1,0,6.0,0.3013407
0,0.11298798,45,0,1.091163535,2500.0,16,0,3,0,2.0,0.32432085
0,0.351660605,55,0,0.590786986,10050.0,10,0,2,0,3.0,0.28899005
0,0.028903,43,0,0.004072566,2700.0,5,0,0,0,0.0,0.12798384
0,0.77508269,33,1,0.553889222,5000.0,9,0,1,1,0.0,0.8598391
0,0.587950391,45,0,0.177411614,6250.0,11,0,0,0,0.0,0.3685874
0,0.195484014,41,0,0.351588339,13000.0,15,0,5,0,3.0,0.38242522
0,0.066694444,49,0,0.159035891,9500.0,8,0,2,0,3.0,0.07077052
0,0.030855967,65,0,0.004476777,5360.0,6,0,0,0,0.0,0.055274848
0,0.14159849,70,0,0.016662038,3600.0,4,0,0,0,0.0,0.05548766
0,0.054443364,49,0,0.138377641,4400.0,11,0,1,0,3.0,0.11803344
0,0.263224811,54,0,0.297507077,10950.0,7,0,1,0,0.0,0.06495241
0,0.990033223,23,0,0.109963346,3000.0,2,0,0,0,0.0,0.5034931
0,0.011359546,44,0,0.137641412,5833.0,4,0,0,0,1.0,0.07927911
0,0.115992267,50,0,0.095474803,5833.0,7,0,1,0,0.0,0.15842849
0,0.133748732,25,0,5.278606965,200.0,5,0,1,0,0.0,0.068557404
0,0.1985874,32,0,0.718725819,7753.0,22,0,5,0,1.0,0.69461876
0,0.495371117,36,0,0.449110178,5000.0,7,0,2,0,0.0,0.33737913
0,0.358803987,37,0,0.06332278,6000.0,3,0,1,0,4.0,0.24490644
0,0.047254721,57,0,0.265837479,6029.0,17,0,1,0,0.0,0.100735664
1,0.927041946,58,1,0.444324454,8333.0,12,0,3,0,2.0,0.5908336
0,0.072740907,28,0,0.098967011,3000.0,2,0,0,0,0.0,0.17171785
1,0.915246167,50,2,0.460296097,5200.0,8,4,1,2,1.0,0.9760978
0,0.488792755,62,0,0.152013791,6380.0,12,0,0,0,0.0,0.3112279
0,0.279840571,44,0,0.453295278,3853.0,10,0,1,0,0.0,0.18248726
0,0.553617451,31,0,0.534711965,3384.0,8,0,2,0,0.0,0.39898065
1,0.984000696,43,2,0.782817997,5400.0,8,1,2,0,2.0,0.9427734
0,0.094965992,79,0,0.298528782,7000.0,7,0,2,0,1.0,0.062465068
0,0.941889764,30,1,0.417451661,4033.0,6,0,0,0,0.0,0.7226207
0,0.23254142,56,1,0.183645614,8058.0,8,0,2,1,0.0,0.6144263
0,0.062648434,61,0,0.341549296,2555.0,6,0,0,0,0.0,0.14068513
0,0.187983837,30,0,0.417555938,2904.0,7,0,1,0,0.0,0.18659179
0,0.008722083,43,0,0.500967534,4650.0,6,0,2,0,1.0,0.10426907
0,0.231799466,39,0,0.135232301,3615.0,4,0,0,0,0.0,0.166134
1,0.429628236,50,0,1.036135871,4150.0,9,0,3,0,0.0,0.5080384
0,0.178619815,50,0,0.437213566,3272.0,15,0,1,0,1.0,0.27978063
0,0.056659921,25,0,0.012256669,2773.0,3,0,0,0,0.0,0.13432148
0,0.0,70,0,0.082075472,4239.0,8,0,0,0,0.0,0.03540443
0,0.9999999,22,1,0.025948104,500.0,0,0,0,0,0.0,0.47892594
0,0.324630469,60,1,0.7992969,3128.0,6,0,2,0,1.0,0.46989176
1,1.093249559,60,2,0.258289703,1718.0,8,0,0,1,1.0,0.9363977
0,0.490879081,32,0,0.728804043,3561.0,15,0,1,0,0.0,0.51331323
0,0.0,54,0,0.31053005,9866.0,7,0,2,0,0.0,0.13577601
0,0.262486876,52,0,0.270618351,12500.0,6,0,1,0,2.0,0.081701286
0,0.9999999,32,0,0.051918085,3466.0,3,0,0,0,0.0,0.5356163
1,0.787200264,50,0,0.521072606,20025.0,14,0,7,0,6.0,0.76097023
0,0.025401538,54,0,0.382436261,6000.0,5,0,1,0,0.0,0.074565746
0,0.108330556,39,0,1.752623688,2000.0,8,0,1,0,0.0,0.15121765
0,0.33008743,29,0,0.249211356,950.0,6,0,0,0,0.0,0.24325456
0,0.699878467,46,0,0.164090369,9250.0,5,0,1,0,0.0,0.39419377
0,0.012911613,70,0,0.207798498,8257.0,10,0,1,0,0.0,0.043630216
0,0.007293689,27,1,0.136312089,4408.0,6,0,0,0,0.0,0.23948172
0,0.049647518,37,0,0.511641194,7000.0,7,0,2,0,0.0,0.2088925
0,0.0,55,0,0.0,4142.0,6,0,0,0,0.0,0.042862378
0,0.014317691,71,0,0.152200406,7384.0,7,0,1,0,0.0,0.04115309
0,0.9999999,48,2,0.341725287,2700.0,8,0,2,1,1.0,0.86806905
1,0.785581845,42,0,1.457850489,4400.0,9,0,3,0,1.0,0.7524245
0,0.109744513,67,0,0.015112764,4300.0,3,0,0,0,0.0,0.051033527
0,0.027327194,48,0,0.60389084,3700.0,14,0,1,0,2.0,0.14484647
0,0.390790915,49,0,0.338034926,10421.0,7,0,3,0,2.0,0.1432224
0,0.073471559,64,0,1.017712177,4064.0,34,0,2,0,0.0,0.12235059
0,0.004885644,39,0,0.860530476,5692.0,16,0,2,0,0.0,0.24272436
0,0.055117795,45,0,0.510324258,13075.0,10,0,3,0,4.0,0.2066011
0,0.568248278,42,1,0.566621438,3684.0,9,0,1,1,3.0,0.7875194
0,0.135973407,66,0,0.455597948,7600.0,8,0,1,0,0.0,0.072219945
1,0.848932579,49,0,0.855093995,17500.0,18,0,12,0,3.0,0.5541209
0,0.016110664,63,0,0.003776938,4500.0,8,0,0,0,0.0,0.07525755
0,0.660975235,60,1,0.264315028,10233.0,11,0,1,0,0.0,0.4361337
0,0.769773734,53,0,0.278075992,9500.0,12,0,2,0,1.0,0.44240114
0,0.26929576,62,0,0.519328179,3750.0,16,0,1,0,3.0,0.18846956
0,0.063443762,51,0,0.209962507,5600.0,8,0,1,0,2.0,0.083655104
0,0.012652365,51,0,0.381510772,7333.0,10,0,2,0,1.0,0.1304453
0,0.404516853,42,0,0.843771747,5747.0,15,0,2,0,0.0,0.5139116
0,0.90181912,68,3,0.364725906,14100.0,17,0,3,0,0.0,0.82061654
0,0.01628786,68,0,0.302668583,16000.0,15,0,3,0,0.0,0.14283797
0,0.717909301,31,0,0.421431427,2500.0,3,0,0,0,0.0,0.44413015
0,0.319803014,42,0,0.334935416,3328.0,9,0,0,0,2.0,0.3503542
0,0.070858221,49,0,0.325599282,7800.0,15,0,2,0,2.0,0.25694886
0,0.939312438,39,0,0.5044995,9000.0,10,0,2,0,2.0,0.59018916
0,0.238211127,67,0,0.152379683,7500.0,11,0,0,0,1.0,0.18918228
0,0.017964722,43,0,0.488146244,3500.0,13,0,1,0,0.0,0.11888719
0,1.092953523,28,0,0.447537473,1400.0,4,0,0,0,1.0,0.7794245
1,0.9999999,67,0,0.12143928,2000.0,1,3,0,1,0.0,0.9477836
0,0.529463329,45,2,0.396712119,7846.0,10,0,1,0,0.0,0.7222901
0,0.515975688,28,0,0.679853795,4650.0,14,0,1,0,0.0,0.7075857
0,0.019651252,51,0,0.003593189,6400.0,7,0,0,0,0.0,0.096904665
0,0.438829304,32,0,0.566084788,400.0,3,0,0,0,0.0,0.20620123
0,0.051392104,68,0,0.377324535,5000.0,9,0,3,0,1.0,0.11476446
0,0.290381636,46,0,1.357642358,1000.0,3,0,0,0,0.0,0.28674483
0,0.201297644,50,0,0.273801935,17256.0,4,0,1,0,3.0,0.102144234
0,0.177437922,61,0,0.214050706,15500.0,13,0,2,0,0.0,0.072089046
0,0.370263645,45,0,0.437112577,5000.0,6,0,1,0,3.0,0.25827006
0,0.029589648,72,0,0.047190562,5000.0,7,0,1,0,0.0,0.034853585
0,0.452551854,29,0,0.274261227,11200.0,9,0,2,0,0.0,0.27618632
0,0.0,22,0,0.0,2500.0,1,0,0,0,0.0,0.20264097
0,0.24207429,62,0,0.187903618,14400.0,10,0,3,1,2.0,0.41300738
0,0.030802321,51,0,0.751294548,6565.0,11,0,2,0,0.0,0.22134621
0,0.050235703,46,0,0.30414604,9695.0,3,0,1,0,3.0,0.09976967
0,0.640607618,54,0,0.468939518,6100.0,7,0,2,0,1.0,0.30178556
0,0.162734906,58,0,0.005997001,2000.0,3,1,0,0,0.0,0.7362271
0,1.932040605,46,1,0.777536518,5065.0,13,0,2,0,2.0,0.9047563
0,0.617511868,54,0,0.444969406,12910.0,22,0,4,0,1.0,0.4209085
0,0.117699058,51,0,1.517284465,2400.0,13,0,2,0,2.0,0.34928674
0,0.01914149,45,0,8.0,0.0,2,0,0,0,0.0,0.029402738
0,0.178570721,64,0,0.307184333,8782.0,9,0,2,0,1.0,0.095102355
0,0.216950148,41,0,1.728311317,2800.0,9,0,2,0,2.0,0.4651309
0,0.023203461,53,0,0.016490765,3031.0,7,0,0,0,2.0,0.23388036
0,0.13164182,49,0,0.468069961,9833.0,27,0,3,0,2.0,0.26647973
0,0.517509893,62,0,0.829957356,1875.0,10,0,1,0,0.0,0.40966466
0,0.284935753,48,0,0.320035461,6767.0,8,0,2,0,3.0,0.09784151
0,0.742532963,39,0,0.384209263,12500.0,10,0,1,0,0.0,0.42634678
0,0.919123235,52,0,2.211490425,1200.0,9,0,1,0,1.0,0.6388877
0,0.016608844,37,0,0.323961318,5583.0,10,0,2,0,0.0,0.13886979
0,0.020840435,50,0,0.762376238,100.0,8,0,0,0,0.0,0.08742907
0,0.327611959,41,0,0.440107672,5200.0,8,0,1,0,0.0,0.26460752
0,0.156682604,57,0,0.299419981,16895.0,11,0,3,0,1.0,0.15704827
1,0.941346501,31,0,0.324421389,2505.0,5,0,0,0,0.0,0.52088094
0,0.9999999,34,0,0.196640721,2440.0,2,0,0,0,5.0,0.43572423
0,0.498233451,31,0,0.471023884,5400.0,9,0,1,0,0.0,0.4189234
0,0.05369821,64,0,0.072101519,5200.0,3,0,0,0,1.0,0.05582523
0,0.102331327,59,0,0.131292931,11500.0,7,0,1,0,3.0,0.030742666
0,0.093244452,80,0,0.35818409,2400.0,9,0,1,0,1.0,0.13044165
0,0.007474813,74,0,0.0019995,4000.0,2,0,0,0,0.0,0.013517707
0,0.402828369,45,0,0.39993601,6250.0,4,0,2,0,1.0,0.21002974
0,0.064426044,70,0,0.522309711,8000.0,15,0,2,0,0.0,0.16917093
0,0.9999999,61,0,0.055967633,1482.0,0,1,0,0,0.0,0.81742436
0,0.269671379,59,0,0.272375423,6200.0,9,0,0,0,1.0,0.1929961
0,0.090696175,89,0,0.037674482,7378.0,10,0,0,1,0.0,0.46407044
0,0.101184269,40,0,0.344525211,8666.0,5,0,1,0,2.0,0.122675724
0,0.001018608,64,0,0.446006171,2916.0,7,0,1,0,0.0,0.15718909
0,0.624053332,58,0,0.389662975,8396.0,14,0,2,0,0.0,0.3085454
0,0.368344274,52,0,0.378907243,3934.0,4,0,0,0,0.0,0.255794
0,0.039838623,82,0,0.294772922,3500.0,11,0,1,0,0.0,0.1037568
0,0.000435387,79,0,0.394949141,5701.0,15,0,3,0,0.0,0.17601426
0,0.012258799,74,1,0.27344569,12400.0,13,0,2,0,1.0,0.17641172
0,0.183733721,38,0,0.0229977,10000.0,5,0,0,0,0.0,0.1382071
0,0.063757959,31,0,0.388255916,1140.0,7,0,0,0,0.0,0.19598337
0,0.089290193,47,0,2.051532652,2250.0,18,0,2,0,3.0,0.32774687
0,0.430188911,58,0,0.077378749,2700.0,6,0,0,0,0.0,0.38262835
0,0.793248509,36,0,0.813917366,3218.0,9,0,0,0,0.0,0.6567885
0,0.291008183,33,0,0.458767014,4995.0,10,0,1,0,0.0,0.2972944
0,0.018307582,44,0,0.007498125,4000.0,6,0,0,0,0.0,0.13814455
0,0.180214092,50,0,0.656214497,4400.0,13,0,3,0,2.0,0.3460339
0,0.607808372,58,0,0.285640183,11566.0,11,0,1,0,1.0,0.22274384
1,0.766126609,45,2,0.802982129,9120.0,13,0,6,0,2.0,0.8690565
0,0.147670459,73,0,0.033537569,3100.0,4,0,0,0,0.0,0.0708258
0,0.160645738,42,0,0.316336317,6255.0,15,0,2,0,2.0,0.23643485
0,0.035975786,52,0,0.835013199,16667.0,12,0,2,0,2.0,0.21826129
0,0.309448301,84,1,0.433313337,5000.0,10,0,0,0,0.0,0.6152887
0,0.621369181,51,0,0.445867833,6400.0,10,0,1,0,3.0,0.43040627
0,0.50875903,47,0,0.355948749,8194.0,12,0,1,0,1.0,0.3838773
0,0.036618821,43,0,0.238180946,8333.0,12,0,2,0,0.0,0.10929507
0,0.091444238,31,0,0.236610331,4200.0,6,0,1,0,0.0,0.087738976
0,0.007843952,46,0,0.004186047,2149.0,9,0,0,0,3.0,0.15613101
0,0.029467041,68,0,0.1766018,13000.0,9,0,1,0,0.0,0.0520384
0,0.377560062,44,0,0.193902615,6920.0,6,0,2,0,1.0,0.15661277
0,0.333727883,52,0,0.334738041,8779.0,8,0,1,0,1.0,0.2107034
0,0.031416272,60,0,0.315994021,3344.0,9,0,1,0,0.0,0.10531594
1,0.797756717,42,0,0.500874781,4000.0,5,0,1,0,1.0,0.45479655
0,0.335668346,76,0,0.372858916,12084.0,19,0,2,1,0.0,0.6966764
0,0.062603724,66,0,0.296493746,4876.0,20,0,2,0,0.0,0.12656385
0,0.500357115,32,0,1.580521145,2340.0,7,0,1,0,1.0,0.4647405
0,0.002269143,44,0,0.435015415,6162.0,6,0,2,0,1.0,0.09239822
0,0.277499513,76,0,0.388303591,4650.0,7,0,2,0,2.0,0.097171895
0,0.231692268,40,0,0.119660709,3300.0,7,0,0,0,0.0,0.24279365
0,0.566831399,68,0,0.353824659,5725.0,12,0,2,0,0.0,0.2865134
0,0.038821246,74,0,0.019567456,970.0,3,0,0,0,0.0,0.029654447
0,0.008582206,53,0,1.544761905,1049.0,25,0,1,0,0.0,0.11140953
0,0.042239324,71,0,0.196829024,7000.0,9,0,1,0,1.0,0.11474933
0,0.25494901,32,0,0.233890215,4189.0,5,0,2,0,0.0,0.14063808
0,0.569553881,39,3,0.322425659,7700.0,8,0,1,0,5.0,0.7443508
0,0.015789301,68,0,0.135811257,19666.0,10,0,2,0,1.0,0.04326369
0,0.0,70,0,2.776353276,701.0,15,0,1,0,0.0,0.06316062
0,0.142792266,48,0,0.410172011,9417.0,12,0,1,0,0.0,0.20911328
0,0.238639328,51,1,0.446601942,9166.0,13,0,2,0,1.0,0.30214062
0,0.084231929,57,0,0.12478401,21412.0,8,0,2,0,3.0,0.056893613
0,0.295296876,31,3,0.507164279,3000.0,10,0,1,0,0.0,0.7056527
0,0.012471111,77,0,0.030498798,6655.0,5,0,0,0,0.0,0.038506653
0,0.054991913,31,0,0.497032177,3200.0,5,0,2,0,0.0,0.18825498
0,0.049387974,70,0,0.234137291,5389.0,5,0,1,0,1.0,0.036262408
0,0.96590341,52,0,0.559622019,6666.0,8,0,2,0,3.0,0.5697387
0,0.007527808,64,0,0.236229579,6916.0,8,0,2,0,0.0,0.049062703
0,0.01816098,67,0,0.237521515,12200.0,12,0,2,0,1.0,0.07790535
0,0.010024749,42,0,0.1298027,6740.0,3,0,0,0,3.0,0.21200292
0,0.0,40,0,0.136351014,3600.0,4,0,0,0,0.0,0.12370018
0,0.514624269,37,0,0.339693553,6917.0,8,0,1,0,2.0,0.2117967
0,0.163177301,56,0,0.01194487,6529.0,1,0,0,0,3.0,0.26157185
0,0.463762647,51,0,0.588335221,5297.0,9,0,3,0,0.0,0.3973217
0,0.105749356,59,0,0.251958117,12128.0,10,0,2,0,0.0,0.06410486
0,0.011760843,77,0,0.014364641,5429.0,7,0,0,0,0.0,0.045911316
0,0.9999999,57,0,0.158223684,3039.0,1,0,0,0,2.0,0.62372726
0,0.872127872,22,0,0.032459426,800.0,1,0,0,0,0.0,0.21529385
0,0.08828067,72,0,0.018976898,2423.0,4,0,0,0,0.0,0.055169117
0,0.823627288,32,0,0.08041958,857.0,4,0,0,0,0.0,0.48315275
0,0.029739777,47,1,0.423184658,4640.0,10,0,2,0,0.0,0.40252924
0,0.03078371,83,0,0.059418458,790.0,3,0,0,0,0.0,0.028346233
0,0.214947849,45,0,0.34085213,5585.0,10,0,1,0,2.0,0.18651994
0,0.336719356,39,0,0.103375527,6161.0,6,0,0,0,2.0,0.27516088
0,0.094245534,63,0,0.22355546,14000.0,10,0,1,0,0.0,0.08076917
0,0.003468267,46,0,0.185191173,12370.0,5,0,1,0,3.0,0.01767315
1,0.776184268,36,1,0.594430561,2800.0,10,1,0,1,1.0,0.9315915
0,0.011194084,66,0,0.30463097,8291.0,7,0,2,0,0.0,0.07978438
0,0.021619706,92,0,0.343154762,3359.0,8,0,1,0,1.0,0.018671663
0,0.166763939,60,0,0.013024305,9750.0,3,0,0,0,0.0,0.28577837
1,0.9999999,59,0,0.199088723,7900.0,2,2,1,0,3.0,0.8986622
0,0.379120663,45,0,0.615264285,12145.0,18,0,11,0,0.0,0.67105705
1,1.71257485,35,0,0.058776489,2500.0,1,1,0,0,0.0,0.8094397
0,0.0,47,0,0.145975972,7740.0,6,0,3,0,0.0,0.10357318
0,0.9999999,33,0,0.736151603,1371.0,3,0,1,0,3.0,0.5585637
0,0.033897267,50,0,0.230451367,6291.0,12,0,2,0,3.0,0.119174294
0,0.003634711,44,1,0.226248776,4083.0,6,0,1,0,0.0,0.1838583
1,0.9999999,39,3,0.20783848,1683.0,2,2,0,0,3.0,0.9366808
0,0.146295123,50,0,0.749750083,3000.0,6,0,1,0,2.0,0.1933291
0,0.004160523,53,0,0.3203125,8575.0,9,0,2,0,0.0,0.11071655
0,0.348910073,67,0,0.247722728,4500.0,5,0,1,0,0.0,0.11382687
0,0.153676872,43,0,0.063358733,50000.0,7,0,1,0,2.0,0.1404571
0,0.141415099,32,0,0.765637498,6250.0,10,0,2,0,0.0,0.38110718
0,0.108065064,64,0,0.495967742,4711.0,10,0,2,0,0.0,0.11309736
0,0.419677405,67,1,0.241349646,10461.0,11,0,1,0,1.0,0.32591388
1,0.129144301,52,0,0.35316171,4000.0,7,0,1,0,0.0,0.18531196
0,0.623841563,61,0,0.753035281,7000.0,12,0,2,0,1.0,0.4047666
0,0.0,41,1,0.127274909,25000.0,2,0,1,0,3.0,0.35965738
1,0.9999999,48,2,0.40628347,2800.0,5,1,1,1,0.0,0.9432062
1,0.00263144,39,0,1.439221086,5083.0,5,0,2,0,0.0,0.24678938
0,0.169072728,49,1,2627.0,0.0,9,0,1,0,2.0,0.29051083
0,0.0,32,2,0.0,3700.0,5,1,0,0,1.0,0.64829654
0,0.9999999,35,1,0.117576485,5000.0,5,2,0,1,0.0,0.92593956
0,0.792504074,48,0,0.234691502,8589.0,8,0,2,0,1.0,0.37065783
0,0.21163461,49,0,0.439675762,13816.0,14,0,1,0,0.0,0.17802086
0,1.007132668,27,0,0.404624277,864.0,5,0,0,0,0.0,0.6155538
0,0.135537845,28,0,0.117507418,1684.0,4,0,0,0,0.0,0.21076357
0,0.9999999,49,0,0.297996272,8583.0,4,0,3,0,0.0,0.3175446
0,0.003744721,80,0,0.002090704,6217.0,13,0,0,0,0.0,0.04631834
0,0.089642598,51,0,0.089471199,12707.0,9,0,0,0,1.0,0.12555294
0,0.124948283,86,0,36.20485368,1400.0,12,0,0,0,1.0,0.060965523
0,0.073041181,53,1,0.858650692,7010.0,20,0,1,0,0.0,0.50844264
0,0.9999999,43,1,0.324417224,16000.0,8,0,1,1,4.0,0.6149168
0,0.692401708,43,0,0.639748226,7466.0,11,0,2,0,2.0,0.5415586
0,1.006159507,43,2,0.389948007,7500.0,6,0,1,0,0.0,0.863929
0,0.698577142,25,0,0.355214928,3000.0,4,0,0,1,1.0,0.8316396
0,0.010079832,36,0,0.060580634,5958.0,5,0,0,0,0.0,0.07735345
0,0.141931107,40,0,0.726378937,6000.0,15,0,3,0,1.0,0.50941336
0,0.024171003,63,0,0.102653112,8065.0,10,0,1,1,0.0,0.4158031
0,0.9999999,49,0,0.680430002,8185.0,6,0,2,0,0.0,0.5406637
0,0.171525253,67,0,0.505956027,14690.0,23,0,5,0,1.0,0.47054288
0,0.577940836,57,0,0.440472411,15748.0,20,0,2,0,0.0,0.35925543
0,0.022767479,63,0,0.0119976,1666.0,5,0,0,0,0.0,0.083457224
0,0.544497658,32,1,0.166766647,6667.0,5,1,0,0,0.0,0.773083
0,0.024308945,61,0,0.131221211,8900.0,12,0,1,0,0.0,0.07711827
0,0.025540565,75,0,0.129049057,9600.0,9,0,1,0,0.0,0.062859215
0,0.016922311,90,0,0.003197674,3439.0,5,0,0,0,0.0,0.027356569
0,0.052639918,32,0,0.466888796,2400.0,8,0,1,0,2.0,0.20033102
0,0.080567592,78,0,0.168212381,8625.0,5,0,1,0,0.0,0.05802437
0,0.028847611,50,0,0.003110765,9000.0,4,0,0,0,2.0,0.06704136
0,0.32438257,54,0,0.0630793,3883.0,4,0,0,0,1.0,0.30171064
0,0.337371975,38,0,0.197548782,6200.0,8,0,1,1,3.0,0.4694538
0,0.0,64,1,0.449610078,3333.0,4,0,1,0,0.0,0.3310657
0,0.115187624,65,1,0.480803839,3333.0,8,0,1,0,0.0,0.37487683
0,0.498350055,32,0,0.29422105,4550.0,7,0,0,0,0.0,0.34793308
0,0.406079696,49,0,0.295293628,2400.0,4,0,1,0,2.0,0.17458464
0,0.112724284,29,0,0.135280553,1300.0,5,0,0,0,1.0,0.207615
0,0.165604833,37,0,0.405755979,7400.0,8,0,2,0,3.0,0.18454333
0,0.939604026,44,0,0.440719047,4950.0,9,0,0,0,3.0,0.62716097
0,0.138488317,78,0,0.392847164,7157.0,16,0,2,0,1.0,0.13400877
0,0.0,62,0,0.163652404,6800.0,9,0,1,0,1.0,0.106398635
0,0.335570117,39,0,0.400693148,3750.0,10,0,1,0,2.0,0.30494374
0,0.011419438,42,0,1.968976684,15439.0,15,0,2,0,2.0,0.21171652
0,0.003645477,85,0,0.00089982,3333.0,3,0,0,0,0.0,0.019029591
1,0.495252374,33,3,0.132759823,4300.0,3,1,0,0,0.0,0.8739965
0,0.340793296,40,0,0.556943777,2080.0,11,0,0,0,0.0,0.44660318
0,0.9999999,28,0,0.118822876,1800.0,3,0,0,0,0.0,0.505811
0,0.22475646,64,0,0.437731196,3243.0,14,0,1,0,0.0,0.23328182
0,0.013192345,39,1,1901.0,0.0,5,0,3,0,0.0,0.09383532
0,0.056413574,31,0,0.639753941,2600.0,5,0,1,0,0.0,0.13840625
0,0.093116599,62,0,0.292701279,11960.0,29,0,2,0,0.0,0.11460313
0,0.062764575,58,1,0.083594427,15000.0,7,0,1,0,0.0,0.19263065
1,0.0,48,2,0.49770046,5000.0,4,3,2,1,0.0,0.94560325
0,0.058720891,28,0,0.074308564,3000.0,3,0,0,0,0.0,0.14845283
0,0.104889154,26,0,0.072158226,4600.0,9,0,0,0,0.0,0.20224558
0,0.913087227,32,1,0.284252832,2736.0,11,0,0,2,0.0,0.90749425
0,0.799885731,26,0,0.160984363,3900.0,3,0,0,0,0.0,0.45228305
0,0.041927522,65,0,0.153930832,10900.0,11,0,1,0,3.0,0.054596778
0,0.038931858,43,0,1.448850383,3000.0,20,0,3,0,4.0,0.401949
1,0.9999999,41,3,0.185532289,6828.0,6,0,1,2,2.0,0.90959775
0,0.0,58,0,0.0,3692.0,2,0,0,0,0.0,0.10766176
0,0.52182335,69,0,0.331520786,5700.0,9,0,1,0,1.0,0.24538101
0,0.4139885,33,0,0.663770514,7250.0,9,0,4,0,1.0,0.61687547
0,0.9999999,23,1,0.248089359,1700.0,2,0,0,0,0.0,0.7539799
0,0.015276075,68,0,0.41252302,3800.0,9,0,1,0,1.0,0.06091588
0,0.00938083,69,0,0.177455636,4000.0,8,0,0,1,1.0,0.32975093
0,0.266077617,59,0,0.239728243,3090.0,5,0,1,0,0.0,0.121660426
0,0.90964784,62,0,0.406823302,6213.0,7,0,1,0,1.0,0.38690275
0,0.061523462,59,0,0.017874633,4083.0,5,0,0,0,0.0,0.074625276
0,0.830381547,77,0,0.650712614,4700.0,10,0,0,0,0.0,0.48462296
0,0.082841513,51,1,0.376110332,12833.0,15,0,5,0,3.0,0.53183484
0,0.042623888,55,0,0.344092346,13600.0,16,0,4,0,3.0,0.19831811
0,0.18169042,43,0,0.700574856,4000.0,16,0,1,0,2.0,0.2759655
0,0.004323727,47,0,0.277198212,4025.0,12,0,0,0,0.0,0.09516964
0,0.067873651,58,0,0.124405213,14500.0,6,0,1,0,2.0,0.060952622
0,0.280956859,40,0,0.662303665,5347.0,12,0,2,0,1.0,0.28292832
0,0.060205825,27,0,0.213865676,3230.0,7,0,0,0,0.0,0.2542546
0,0.200099988,24,0,0.052280311,898.0,2,0,0,0,0.0,0.20965205
0,0.348533786,57,0,0.405408597,8467.0,10,0,1,0,0.0,0.18844424
0,0.515186262,48,0,1.030925087,3750.0,8,0,2,0,0.0,0.46897593
0,0.034684597,72,0,0.268743914,4107.0,9,0,1,0,0.0,0.05908328
0,0.784187048,73,0,0.489528242,4726.0,7,0,0,0,0.0,0.33534944
0,0.131208997,72,0,0.279488205,2500.0,3,0,1,0,0.0,0.062960945
0,0.882235529,24,0,0.12095968,3000.0,2,0,0,0,0.0,0.4898932
0,0.008989823,45,0,0.289210551,10500.0,21,0,1,0,0.0,0.087676294
0,0.193795425,40,1,0.546981208,2500.0,10,0,1,0,0.0,0.52315396
0,0.658796001,46,0,0.438931298,1833.0,6,0,0,0,1.0,0.508764
0,0.242307098,61,0,0.24051539,18160.0,8,0,2,0,0.0,0.044170022
0,0.9999999,49,0,0.212105535,1932.0,3,0,0,0,0.0,0.539264
0,0.979755061,23,0,0.142509135,820.0,1,0,0,0,0.0,0.26144415
0,0.054340748,53,0,1.665439243,1900.0,17,0,2,0,2.0,0.3489652
0,0.027461516,34,0,0.007859235,88430.0,8,0,0,0,0.0,0.13433945
0,0.442968912,50,0,0.167196141,8498.0,11,0,0,0,1.0,0.29810193
0,0.018755083,23,0,0.078651685,800.0,2,0,0,0,0.0,0.039963815
0,0.021080132,61,0,1.209916034,2500.0,11,0,2,0,1.0,0.21694282
0,0.629922385,39,0,0.252082837,4200.0,5,0,1,0,0.0,0.33968732
0,0.0,47,0,0.459846332,9500.0,12,0,2,0,2.0,0.14187758
0,0.045577748,71,0,0.186425102,7616.0,5,0,1,0,0.0,0.039436683
0,0.14403479,57,0,0.213446638,4000.0,6,0,1,0,0.0,0.12168078
0,0.896777171,54,1,0.235254915,3000.0,5,0,0,1,0.0,0.8638045
0,0.073902005,55,0,0.494846947,6500.0,13,0,2,0,2.0,0.18508793
0,0.014153906,30,0,0.570195366,2200.0,11,0,1,0,0.0,0.21797039
0,0.000299985,39,0,0.575872028,4500.0,4,0,1,0,0.0,0.15889165
0,0.023393703,46,0,0.238273142,7226.0,16,0,1,0,2.0,0.12907368
0,0.294749006,44,0,0.482535431,8960.0,11,0,4,0,1.0,0.36726072
1,0.331968384,56,2,0.244338498,7550.0,9,1,1,0,2.0,0.8312406
0,0.9999999,68,0,0.1454322,2440.0,0,0,0,0,1.0,0.32197556
0,0.201949513,54,0,0.005428054,10500.0,2,0,0,0,1.0,0.061147988
0,0.481518482,42,0,0.005089059,2750.0,2,0,0,0,0.0,0.36260286
0,0.243237193,39,0,0.571154373,3646.0,14,0,1,0,0.0,0.3271693
0,0.023044317,61,0,0.419916017,5000.0,18,0,2,0,1.0,0.16406845
0,0.9999999,53,0,0.472260341,5100.0,5,0,1,1,2.0,0.8033011
0,0.416628964,33,0,1.6075981,4000.0,13,0,4,0,1.0,0.75712806
1,0.129965798,25,2,0.18293902,3000.0,4,0,0,2,0.0,0.85786915
0,0.053710079,47,0,0.273436467,7562.0,11,0,1,0,3.0,0.10541452
0,0.0,66,1,0.355607399,6000.0,7,0,1,0,0.0,0.360758
0,0.730787544,35,0,0.238041913,6250.0,5,0,1,0,0.0,0.35458905
0,0.108161794,63,0,0.546478873,3549.0,9,0,2,0,0.0,0.18306488
0,0.029643294,50,0,0.399106478,9400.0,15,3,4,0,0.0,0.83213925
0,0.291509928,44,0,0.651388514,11126.0,10,0,3,0,2.0,0.3826701
0,0.408757386,41,1,0.295626148,14700.0,4,0,2,0,2.0,0.34798464
0,0.261934516,58,0,0.505432746,2668.0,4,0,2,0,1.0,0.13666482
0,0.273379602,40,0,1.17005473,2557.0,7,0,2,0,2.0,0.28464484
0,0.241363985,58,0,0.117594389,6700.0,10,2,0,0,0.0,0.8355706
0,0.0184288,66,0,0.086192975,4953.0,8,0,1,0,0.0,0.040736478
0,0.098473413,67,0,0.562926596,8350.0,26,0,4,0,0.0,0.1649702
0,0.0,28,0,0.131305352,2596.0,5,0,0,0,0.0,0.25296107
0,0.000799973,42,3,4656.0,0.0,9,0,2,0,2.0,0.78630435
0,0.07511252,68,0,0.554709075,10500.0,20,0,3,0,0.0,0.25406596
0,0.058996067,70,0,0.009430997,3180.0,5,0,0,0,0.0,0.0292958
0,0.0,32,0,0.160613129,3000.0,7,0,0,0,0.0,0.22811498
0,0.00470005,77,0,0.09107946,2667.0,12,0,0,0,0.0,0.16660298
0,0.392114532,39,0,0.05294635,5684.0,4,0,0,0,1.0,0.22972803
0,0.038775666,53,0,0.369623144,2626.0,11,0,1,1,0.0,0.5294234
0,0.064874917,65,0,0.281316706,8900.0,11,0,2,0,0.0,0.09882795
0,0.630793072,51,0,0.633341665,4000.0,8,0,1,0,1.0,0.40592736
0,0.03790024,42,0,0.268098295,4516.0,6,0,0,0,0.0,0.094429515
0,0.063204023,33,0,0.267211569,6361.0,6,0,1,0,1.0,0.1347754
0,0.245838889,39,0,622.0,1.0,5,0,2,0,2.0,0.06872299
0,0.9999999,58,2,0.176008116,3942.0,1,5,1,1,0.0,0.96068037
0,0.00019996,33,0,0.104944118,5278.0,2,0,0,0,1.0,0.22434203
0,0.007028371,62,0,0.141429285,2000.0,3,0,0,0,0.0,0.057946987
0,0.322918033,56,0,0.246072472,12666.0,10,0,2,0,2.0,0.13489744
1,0.317241059,56,0,0.135793492,5500.0,11,0,0,0,1.0,0.31918007
0,0.136459187,43,1,0.19262459,12500.0,9,0,2,0,5.0,0.2152885
0,0.999383344,41,2,0.940301468,10083.0,15,0,2,0,3.0,0.9001601
1,0.9999999,53,0,0.898728753,7000.0,3,1,1,0,5.0,0.9068286
1,0.867122248,47,0,0.243517776,3740.0,7,3,0,0,1.0,0.93049675
0,0.475416223,53,0,2.365192582,700.0,8,0,1,0,0.0,0.24379557
0,0.061746141,61,0,0.300440827,2948.0,8,0,0,0,2.0,0.18598217
0,0.065286911,52,0,0.259470005,6150.0,22,0,0,0,2.0,0.18265536
0,0.9999999,51,1,0.181613649,16000.0,5,0,1,0,2.0,0.5860651
0,0.066026309,59,1,0.703510601,5753.0,9,0,2,0,0.0,0.36020553
0,0.9999999,67,1,0.0,2264.0,4,0,0,1,0.0,0.7591501
0,0.281682473,65,0,0.504363002,4583.0,11,0,1,0,1.0,0.13357764
0,0.020224494,35,0,0.009596162,2500.0,3,0,0,0,0.0,0.07089865
0,0.0,34,0,0.731453709,5000.0,8,0,3,0,0.0,0.5689868
0,0.080259166,68,0,0.203198495,4251.0,7,0,1,0,0.0,0.04650926
0,0.012681602,51,0,0.269430743,7500.0,15,0,2,0,2.0,0.14719743
0,0.077454761,51,1,0.418263623,6000.0,10,0,1,0,0.0,0.36430064
0,0.380992278,61,0,0.409832693,14583.0,20,0,1,0,2.0,0.15671332
0,0.578131225,57,0,0.735751295,5210.0,15,0,1,0,3.0,0.55889267
0,0.369180133,49,0,0.203923411,8512.0,5,0,1,0,3.0,0.16423172
0,0.298267543,65,0,0.212111111,8999.0,6,0,1,0,0.0,0.09566999
1,0.9999999,37,0,0.0,1738.0,3,0,0,0,0.0,0.54996
0,0.097415798,67,0,0.244045869,3400.0,17,0,0,0,0.0,0.15322067
0,0.976723366,50,0,0.246541904,3686.0,4,3,0,0,1.0,0.9306737
0,0.0,72,0,0.0,1525.0,4,0,0,0,0.0,0.027665153
0,0.556103135,29,0,0.099430308,13164.0,14,0,0,0,0.0,0.2391728
0,0.329247548,41,0,0.387843258,3240.0,13,0,0,0,4.0,0.39293075
0,0.497309647,42,0,0.273247887,11000.0,7,0,1,0,2.0,0.21776685
0,0.106507585,42,0,3.128871129,1000.0,9,0,2,0,2.0,0.23801923
0,0.001523145,63,0,0.020371059,24200.0,8,0,0,0,0.0,0.05053027
1,0.9999999,21,0,0.0,2600.0,1,0,0,0,0.0,0.4582354
0,0.192877999,77,0,0.14538846,2200.0,12,0,0,0,0.0,0.16008484
0,0.9999999,22,0,0.214881334,1558.0,1,0,0,0,0.0,0.604692
0,0.542338211,53,0,0.346949976,12753.0,7,1,2,0,3.0,0.7386983
0,0.125705734,78,0,0.34955015,6001.0,10,0,1,0,1.0,0.16016692
0,0.418707346,31,0,0.153381186,5293.0,15,0,0,0,2.0,0.47911555
0,0.000315756,29,0,0.130573885,5000.0,3,0,1,0,2.0,0.19872731
0,0.209228321,66,1,0.128912302,3226.0,12,0,0,0,0.0,0.5077293
0,0.014964992,68,0,0.427041181,4200.0,9,0,1,0,0.0,0.039726004
0,0.411216417,66,0,0.357312424,13900.0,16,0,1,0,1.0,0.27077594
0,0.053059688,58,0,0.399192111,8416.0,9,0,2,0,0.0,0.099659935
0,0.753784833,68,0,0.568780282,4746.0,7,0,1,0,0.0,0.25424087
0,0.090301796,49,0,0.457393699,5808.0,18,0,3,0,0.0,0.25803217
0,0.021354686,55,0,0.145228216,2650.0,17,0,0,0,0.0,0.10976043
0,0.584883023,25,0,0.024159956,3600.0,1,0,0,0,0.0,0.4472485
0,0.006161068,41,0,0.000967742,3099.0,3,0,0,0,0.0,0.035390206
0,0.053325036,64,0,0.171945701,1325.0,12,1,0,0,0.0,0.64267945
0,0.070239884,71,0,0.223802104,5133.0,12,0,1,0,1.0,0.06411809
0,0.0,24,1,0.069260135,5500.0,7,0,0,1,1.0,0.75181377
0,0.025366541,60,0,0.122405856,13250.0,14,0,1,0,1.0,0.07264268
0,0.017436374,67,0,0.291370863,10000.0,11,0,1,0,1.0,0.083345026
0,0.008247756,66,0,0.943611278,5000.0,7,0,2,0,0.0,0.10089136
0,0.026394568,37,0,0.526121469,5416.0,13,0,2,0,0.0,0.18332279
0,0.504738286,60,0,0.860704912,5333.0,14,0,2,0,0.0,0.39535826
0,0.9999999,42,3,0.091769847,9610.0,5,0,0,0,2.0,0.8318423
0,0.667771474,27,0,0.274493002,3500.0,8,0,0,0,2.0,0.5422588
0,0.9999999,40,0,0.104543234,4093.0,1,0,0,0,3.0,0.67215645
0,0.096198251,49,0,0.143152138,17917.0,5,0,1,0,3.0,0.039154932
0,0.03088474,71,0,0.166116248,9083.0,13,0,1,0,0.0,0.040318057
0,0.968433081,33,0,0.196056651,3600.0,7,0,0,0,0.0,0.53742564
0,0.000888876,61,0,0.127987201,10000.0,9,0,1,0,0.0,0.09867458
0,0.9999999,40,0,0.516329705,4500.0,8,0,2,0,1.0,0.56618947
0,0.525285871,63,0,0.503779566,4100.0,8,0,2,0,0.0,0.24210782
0,0.091118178,33,0,0.265594628,5658.0,6,0,1,0,0.0,0.09823793
1,0.532149567,52,0,0.292379942,6600.0,8,0,1,0,0.0,0.3156777
0,0.178903425,52,0,0.069824669,3250.0,8,0,0,0,1.0,0.32818994
1,0.997392438,51,0,0.517897285,5782.0,7,1,1,0,0.0,0.86258227
0,0.066694949,43,0,0.233345272,5583.0,7,1,2,1,1.0,0.89238876
0,0.491979451,56,1,0.05473246,8166.0,7,0,0,0,0.0,0.56238073
1,0.879388428,31,0,1.16073645,4833.0,15,0,2,0,2.0,0.86142063
0,0.056383269,60,0,0.324173517,16666.0,9,0,2,0,0.0,0.06780144
0,0.0,45,0,0.006069261,2800.0,15,0,0,0,0.0,0.2361906
0,0.41315915,40,0,0.361408567,4855.0,7,0,1,0,0.0,0.26509538
0,0.003535781,68,0,0.001419446,1408.0,6,0,0,0,0.0,0.03201609
0,0.318442358,48,0,0.261485826,8183.0,11,0,1,0,2.0,0.22733983
0,0.9999999,64,0,0.354007186,6400.0,3,0,1,0,0.0,0.26382673
0,0.099281994,44,0,0.320308985,13333.0,21,0,1,0,3.0,0.09746607
0,0.422658511,51,0,0.208388375,9083.0,9,0,2,0,0.0,0.2423782
0,0.153213451,77,0,0.292223095,2545.0,9,0,1,0,0.0,0.12422962
1,0.948217769,57,0,0.827442192,9816.0,14,0,2,0,1.0,0.69021803
0,0.13217581,43,0,0.442963544,2550.0,3,0,1,0,0.0,0.14548582
0,0.822464171,46,0,0.368277233,8050.0,8,1,3,0,3.0,0.7664248
0,0.054994501,67,0,0.452432046,8387.0,4,0,2,0,0.0,0.08631579
0,0.0,44,0,0.276071996,3777.0,6,0,1,0,1.0,0.094495654
0,0.167309979,42,0,0.524721134,6633.0,8,0,2,0,1.0,0.20055036
0,0.420552369,82,0,0.622379877,3100.0,16,0,1,0,0.0,0.4884734
0,0.900129622,59,0,0.534554538,1200.0,7,0,0,0,0.0,0.5297106
0,0.573472789,55,0,0.328457447,5263.0,7,0,2,0,0.0,0.30586377
0,0.375410988,41,0,0.938769135,3200.0,11,0,2,0,1.0,0.44519415
0,0.831755766,32,0,0.273121146,6000.0,4,0,1,0,1.0,0.46278563
0,0.026790942,67,0,0.113922133,6600.0,8,0,1,0,0.0,0.05398211
1,0.9999999,36,0,0.014963298,3541.0,0,1,0,0,3.0,0.9073641
0,0.52238806,51,0,0.387182637,4883.0,6,0,1,0,2.0,0.32382682
0,0.850310727,34,1,0.037211422,6583.0,11,0,0,0,0.0,0.6552634
1,0.9750025,57,1,0.309327196,7386.0,3,0,1,0,0.0,0.6412795
0,0.152772902,60,2,1.342070191,4501.0,22,0,6,0,1.0,0.8249607
0,0.0,23,1,0.0,1500.0,5,0,0,0,0.0,0.51141137
0,0.033665919,54,0,0.070896201,5500.0,8,0,0,0,3.0,0.11854335
0,0.096456401,72,0,0.17633873,12044.0,7,0,2,0,0.0,0.045052618
0,0.827151013,56,1,0.219974716,8700.0,8,0,0,1,1.0,0.76684064
0,0.420360162,59,0,0.334477562,11943.0,9,0,4,0,0.0,0.2733952
0,0.02937194,68,0,0.003331945,2400.0,3,0,0,0,0.0,0.036348343
0,0.148960065,34,0,0.183128671,3745.0,8,0,0,0,0.0,0.14125688
1,0.914454277,65,2,0.345923098,7333.0,8,1,1,0,1.0,0.88877106
1,0.420808482,42,0,0.275494335,4500.0,23,1,0,0,1.0,0.78910077
0,0.703495579,31,0,0.322696629,2224.0,7,0,0,0,0.0,0.5077982
0,0.055944056,22,0,1.0,0.0,1,0,0,0,0.0,0.07395735
0,0.420925663,37,0,0.646253602,2775.0,12,0,0,0,2.0,0.52231795
0,0.859851212,39,0,0.265340275,5377.0,11,0,1,0,1.0,0.58479357
1,0.627355687,54,3,0.684909839,3160.0,11,0,1,1,0.0,0.9021322
0,0.464088398,70,0,0.214398043,11445.0,16,0,2,0,1.0,0.22522748
0,0.700331051,45,1,0.546448087,8966.0,11,0,2,0,1.0,0.6350104
0,0.133241672,33,0,1.089486859,1597.0,5,0,2,0,0.0,0.2709118
0,0.971005799,35,0,0.568989386,6500.0,8,0,2,0,2.0,0.59196484
0,0.113833527,54,0,0.290424945,7247.0,11,0,1,0,1.0,0.0825224
0,0.725572371,53,0,0.946462436,6854.0,14,0,3,1,0.0,0.79653066
0,1.103958417,28,0,0.082484991,3830.0,4,0,0,0,3.0,0.76308286
0,0.0,63,0,1.678321678,1000.0,9,0,1,0,0.0,0.17114267
0,0.852490239,36,2,0.421324423,6583.0,8,0,1,0,2.0,0.78122264
0,0.024385786,56,0,0.231574053,4300.0,12,0,1,0,1.0,0.10991514
0,0.940755959,43,0,0.95925704,1668.0,7,0,0,0,0.0,0.6461657
0,0.002705853,66,0,0.620951967,4600.0,14,0,2,0,0.0,0.11129473
0,0.91674241,26,0,1.599500416,1200.0,8,0,1,0,2.0,0.6854497
0,0.0,58,0,0.451198223,6300.0,15,0,2,0,0.0,0.12857552
0,0.571989505,35,0,0.224962506,6000.0,5,0,0,0,1.0,0.3867797
0,0.114552129,64,0,0.225978648,3933.0,3,0,1,0,0.0,0.059633065
0,0.9999999,52,0,0.350839776,3750.0,2,0,2,0,0.0,0.46993455
0,0.011495749,38,0,552.0,0.0,14,0,0,0,1.0,0.118691884
0,0.716215837,40,0,0.582461253,7548.0,7,0,2,0,2.0,0.52132434
0,0.000466459,40,0,0.327534493,5000.0,8,0,1,0,5.0,0.11388018
0,0.241095556,59,1,0.337134803,7803.0,5,0,2,0,0.0,0.3181292
0,0.042177134,36,0,0.086673224,8133.0,5,0,0,0,1.0,0.07014343
0,0.867618152,60,1,0.080409966,12000.0,6,0,0,2,0.0,0.71505517
0,0.233766234,23,0,0.008526188,820.0,2,0,0,0,0.0,0.14220266
0,0.430518127,38,0,0.658169432,9100.0,7,0,5,0,2.0,0.5763804
0,0.169460839,50,0,0.161451308,7413.0,12,0,1,0,3.0,0.14667699
0,0.16661467,64,0,0.427070135,13416.0,13,0,3,0,0.0,0.15456541
0,0.896103896,68,0,0.031093837,1800.0,2,0,0,0,0.0,0.3285523
0,0.9999999,64,0,0.248390376,2950.0,5,0,2,0,0.0,0.26590645
0,0.002797453,39,0,0.230863237,9000.0,3,0,2,0,2.0,0.07687807
0,1.035329969,45,0,0.368877041,3000.0,3,0,1,0,1.0,0.6650265
0,0.443113772,31,0,0.084748858,5474.0,3,0,0,0,2.0,0.33947417
0,0.272163156,29,0,0.054918688,3750.0,7,0,0,0,0.0,0.20062335
0,0.862600821,34,0,0.174386074,3216.0,4,0,0,0,1.0,0.5716893
0,0.079751588,41,0,0.006380345,10500.0,3,0,0,0,0.0,0.06718602
0,0.0,48,0,0.552952202,3200.0,4,0,1,0,1.0,0.1683275
0,0.076627112,45,0,0.074654862,13327.0,6,0,1,0,2.0,0.05296351
0,0.843361822,48,0,0.425087984,11933.0,6,0,1,0,0.0,0.37427628
0,0.787851012,36,0,0.102871683,2750.0,3,0,0,0,0.0,0.4647353
0,0.103356405,62,1,0.59655708,7725.0,17,0,2,0,1.0,0.33872125
0,0.237910556,53,0,0.368810935,20923.0,9,0,2,0,0.0,0.2554976
0,1.01242236,66,3,0.734853029,3333.0,8,0,1,0,0.0,0.89597815
0,0.004599847,83,0,0.00204499,1466.0,2,0,0,0,0.0,0.010719521
0,0.003723074,59,0,0.112115732,1658.0,3,0,0,0,0.0,0.06061667
0,0.072499778,51,0,0.162810626,3500.0,11,0,1,0,2.0,0.113989666
0,0.632645578,38,0,0.690812283,8075.0,13,0,2,0,1.0,0.57343346
0,0.299335541,33,0,0.225097198,7458.0,6,0,0,0,1.0,0.21589538
0,0.007314453,47,0,0.134966258,4000.0,26,0,0,0,0.0,0.15860288
0,0.024871254,39,0,0.007665815,9000.0,10,0,0,0,0.0,0.100058034
0,0.243517099,43,0,0.259806227,10630.0,6,0,3,0,2.0,0.12931156
0,0.5694119,42,0,0.420688933,9550.0,17,0,3,0,1.0,0.5340765
0,0.665922185,54,0,0.5910352,11533.0,14,0,2,0,1.0,0.4507327
0,0.0,43,0,0.559592379,2256.0,5,1,0,0,2.0,0.6294267
1,0.9999999,21,98,0.0,1400.0,0,98,0,98,0.0,0.7679843
0,0.095645218,53,0,0.003930763,14500.0,1,0,0,0,1.0,0.1132237
0,0.118100321,50,0,0.019779987,9453.0,6,0,0,0,0.0,0.2563933
0,0.848742419,49,1,2577.0,0.0,8,0,0,0,0.0,0.59608865
1,0.716916601,35,0,0.021450645,5500.0,4,0,0,1,3.0,0.8429827
0,0.074705418,62,0,0.09925829,4583.0,6,0,1,0,0.0,0.06786447
1,0.886940471,39,3,0.053733208,3200.0,5,0,0,0,3.0,0.8851242
0,0.090502593,35,0,0.318173021,5166.0,13,0,2,0,0.0,0.20097022
0,0.01645807,61,0,0.455693038,8000.0,15,0,2,0,0.0,0.10665981
0,0.699159282,26,0,0.204926812,2800.0,5,0,0,0,1.0,0.60250616
0,0.273772612,42,0,0.624641834,5583.0,12,0,2,0,1.0,0.24689828
0,0.103166538,60,0,0.254390541,5750.0,9,0,2,0,1.0,0.08098471
0,1.006199587,43,0,0.433891527,4000.0,5,0,2,0,0.0,0.60997456
0,0.007135384,50,0,0.080311722,9238.0,9,0,1,0,3.0,0.060514968
0,0.91558682,49,1,0.034437663,2293.0,3,0,0,0,0.0,0.7445309
0,0.077958915,57,0,0.053530226,6500.0,19,0,0,0,0.0,0.14452487
0,0.733729851,46,0,0.255578697,3360.0,5,0,0,0,1.0,0.44158387
0,0.263557058,41,0,0.141582312,7507.0,13,0,0,0,3.0,0.17871453
0,0.024449523,69,0,0.120751185,17092.0,10,0,2,0,0.0,0.038805306
0,0.9999999,53,1,0.431198347,4839.0,5,3,1,0,1.0,0.95079225
0,0.07179119,55,0,0.342489519,6916.0,7,0,1,0,0.0,0.13101003
0,0.663880275,51,0,0.255509784,9709.0,7,0,1,0,1.0,0.2688199
0,0.366166861,41,0,0.286271373,10000.0,18,0,2,0,0.0,0.30262437
0,0.0,62,0,1.382261087,1600.0,3,0,1,0,0.0,0.17596221
0,0.314984003,53,0,0.137945993,9220.0,12,0,0,0,0.0,0.27075022
0,0.061862112,34,0,0.389098389,8750.0,7,0,1,0,1.0,0.18342528
0,0.268034045,35,0,0.433237058,4500.0,9,0,2,0,3.0,0.33666787
0,0.064323165,35,0,0.58669945,8540.0,9,0,1,0,0.0,0.2744304
0,0.254078002,34,1,0.109202769,3900.0,6,0,0,0,0.0,0.419327
1,0.389867939,74,0,0.219347582,8000.0,12,0,0,0,0.0,0.31481254
0,0.380744515,66,0,0.704019996,4800.0,12,0,2,0,0.0,0.2792565
0,0.44557052,58,0,0.344126984,15749.0,14,0,1,0,0.0,0.21150845
0,0.300223612,59,2,1.254419677,1300.0,11,0,1,0,0.0,0.64463717
0,0.252015977,46,0,0.309625821,3500.0,14,0,0,1,0.0,0.52370876
0,0.0,56,0,0.105836105,9920.0,9,0,1,0,0.0,0.2111975
0,0.04167932,63,0,0.293504902,19583.0,8,0,2,0,1.0,0.038605478
0,0.006321113,48,1,0.465133717,4000.0,10,0,1,0,0.0,0.25760552
0,0.14359532,65,0,0.464629552,7166.0,16,0,2,0,0.0,0.1707632
0,0.006228968,45,0,0.245124245,10100.0,16,0,2,0,0.0,0.14691135
0,0.024251989,46,0,0.350467889,7800.0,12,0,1,0,0.0,0.11009365
0,0.008287575,41,0,0.369375803,7000.0,7,0,2,0,2.0,0.08706201
0,0.072091805,69,0,0.101649725,6000.0,6,0,1,0,0.0,0.063228644
0,0.071534733,65,0,0.597582038,11000.0,8,0,3,0,0.0,0.2579092
0,0.9999999,25,0,0.127603181,2640.0,1,1,0,1,0.0,0.8525438
0,0.314602099,37,0,0.196546239,4400.0,5,0,0,0,1.0,0.24423268
0,0.0,39,0,0.0,4422.0,5,0,0,0,0.0,0.038553603
0,0.60931311,42,3,0.515836149,4735.0,10,0,2,0,3.0,0.8171985
0,0.049884289,64,0,0.236174636,9619.0,6,0,2,0,0.0,0.06997479
0,0.026471409,29,0,0.376913529,4833.0,8,0,1,0,1.0,0.117476396
1,0.000416931,53,0,0.482013474,7866.0,15,0,3,0,1.0,0.43523356
0,0.037589655,42,0,0.2816405,3120.0,6,0,1,0,0.0,0.08810781
0,0.016117572,67,0,0.011931635,3100.0,6,0,0,0,0.0,0.09958677
0,0.00161675,69,0,0.20364206,5106.0,9,0,2,0,0.0,0.031341452
0,0.362955593,49,1,0.707406815,6250.0,12,0,2,0,1.0,0.51755095
0,0.100995409,61,0,0.141810014,16916.0,4,0,1,0,2.0,0.020962387
0,0.331686578,56,0,0.427075067,6300.0,15,0,1,0,0.0,0.24673097
0,0.216495264,50,0,2291.5,1.0,9,0,2,0,2.0,0.16351536
0,0.004652282,67,0,0.06931023,3000.0,7,0,0,0,0.0,0.12207364
0,0.038462851,61,0,0.26904873,15000.0,14,0,2,0,1.0,0.061018128
0,0.073487327,63,0,0.216436495,8833.0,13,0,1,0,1.0,0.08475782
0,0.327111168,62,0,0.551778317,7000.0,22,0,1,0,0.0,0.21358909
0,0.025055876,67,0,0.167083185,2800.0,7,0,1,0,0.0,0.08837777
0,0.0,48,0,0.0,3962.0,1,0,0,0,2.0,0.11685544
0,0.024952908,53,0,0.200240491,15800.0,9,0,2,0,1.0,0.08733925
0,0.282830207,26,0,0.098048702,6200.0,5,1,0,0,1.0,0.64900434
0,0.002418492,43,0,0.056323946,6000.0,3,0,0,0,0.0,0.057432316
0,0.11543633,54,0,0.263571991,8896.0,13,0,1,0,0.0,0.12850866
0,0.052541649,48,1,0.096511628,6879.0,9,0,0,0,4.0,0.3932122
0,0.365142641,76,0,0.715101749,2800.0,12,0,2,0,0.0,0.35311303
0,0.459378906,26,0,0.24871959,3123.0,3,0,0,0,0.0,0.29709896
0,0.009184958,68,0,0.201122853,9083.0,6,0,1,0,0.0,0.029086333
0,0.268061092,41,0,0.255624063,6000.0,11,0,0,0,2.0,0.22363687
0,0.205459733,45,0,0.462059771,9000.0,21,0,1,0,0.0,0.16475593
0,0.9999999,57,2,0.055990668,6000.0,1,0,0,0,0.0,0.81283313
0,0.331843313,44,0,0.885978428,3893.0,5,0,1,0,1.0,0.27934572
1,0.703338392,64,2,1.250323057,5416.0,6,0,2,1,0.0,0.85401016
0,0.673045953,64,0,0.821063395,4889.0,21,0,2,0,0.0,0.5565879
0,0.0,29,0,0.0,0.0,1,0,0,0,0.0,0.18437952
0,0.013962989,73,0,0.005829596,2229.0,8,0,0,0,0.0,0.04832061
0,0.0,46,0,0.002997003,1000.0,8,0,0,0,0.0,0.13016273
0,0.037938935,54,0,0.376060872,6833.0,10,0,2,0,0.0,0.07386099
0,0.50356802,38,0,0.347721297,9127.0,5,0,1,0,4.0,0.30425906
0,0.37159904,55,0,0.382799634,5464.0,17,0,0,0,1.0,0.23941863
0,0.9999999,44,0,0.376062394,10000.0,8,0,2,0,2.0,0.36479467
1,1.016496243,48,2,3.274362819,666.0,4,0,1,0,3.0,0.87845623
0,1.279069767,25,1,0.178555202,2200.0,3,0,0,0,0.0,0.87446344
1,0.0,33,0,0.591363455,2500.0,9,0,1,0,0.0,0.30620313
0,0.029447313,50,0,0.207392428,8900.0,9,0,1,0,3.0,0.069471
0,0.165583442,31,0,40.0,1.0,2,0,0,0,1.0,0.13020791
0,0.587639507,38,0,0.247597078,2600.0,5,0,0,0,2.0,0.43945676
0,0.712657469,36,0,0.217106984,3822.0,8,0,0,0,0.0,0.43043503
0,0.046919796,50,0,0.251479043,12000.0,14,0,2,0,1.0,0.09777648
0,0.9999999,36,0,0.102965678,3000.0,1,0,0,0,2.0,0.6833526
0,0.0,48,0,0.268610502,7750.0,9,0,1,0,0.0,0.119090766
0,0.0,28,0,0.357238307,2244.0,3,0,1,0,0.0,0.26977348
0,0.843352179,40,0,0.76619628,6235.0,7,0,2,0,2.0,0.6027444
0,0.025434672,48,0,0.212188191,9500.0,3,0,1,0,1.0,0.10655265
0,0.63048136,82,2,0.696868754,1500.0,6,0,1,0,0.0,0.51307833
0,0.003393379,42,0,0.027469625,13250.0,6,0,0,0,4.0,0.04380029
0,0.854145854,47,0,0.094952524,2000.0,2,0,0,0,1.0,0.54367447
0,0.135943203,75,0,0.096466094,2093.0,6,0,0,0,0.0,0.11846194
0,0.262923833,60,0,0.526592071,7238.0,10,0,2,0,0.0,0.12965524
0,0.9999999,61,0,0.291179596,940.0,2,0,0,0,0.0,0.43793106
0,0.523674747,61,0,0.597320241,9776.0,16,0,4,0,1.0,0.4209675
0,0.075530816,30,0,0.00896801,7470.0,2,0,0,0,0.0,0.07904903
0,0.329595209,61,0,0.155415811,15583.0,12,0,2,0,0.0,0.12530984
0,0.970461426,44,3,0.413594379,12666.0,8,0,2,1,4.0,0.7600547
0,0.050555835,50,1,0.062963879,8083.0,10,0,1,0,0.0,0.29923153
0,0.793567857,43,2,6784.0,0.0,14,0,3,0,1.0,0.61028296
0,0.0,42,0,0.002104709,3800.0,3,0,0,0,2.0,0.1287517
0,0.0,63,0,0.436344611,8600.0,6,0,1,0,0.0,0.08825113
0,0.327817654,38,0,0.446947719,16200.0,17,0,3,0,2.0,0.5069742
0,0.058992071,55,0,0.280830671,12519.0,11,0,2,0,0.0,0.12050401
0,0.9999999,46,0,0.391768039,6000.0,4,0,1,0,1.0,0.50229996
0,0.037245123,57,0,0.382179758,9000.0,4,0,2,0,0.0,0.07709169
0,0.047577477,30,0,0.41962775,6500.0,10,0,2,0,0.0,0.2150793
0,0.411171434,42,0,0.550064277,7000.0,10,0,2,0,2.0,0.38683948
0,0.0,27,0,0.152602176,3400.0,4,0,0,0,1.0,0.26815864
0,0.482505831,47,1,0.253898441,2500.0,6,2,0,0,1.0,0.9083056
1,0.820907955,49,1,0.584204413,1721.0,5,0,0,0,0.0,0.74858266
0,0.042021288,53,0,0.583190395,2914.0,18,0,1,0,0.0,0.2515157
0,0.0,46,0,0.540055249,11583.0,11,0,4,0,2.0,0.32656428
0,0.464621972,42,0,0.485967602,15000.0,23,0,1,0,0.0,0.3773445
0,0.021805748,73,0,0.03988604,2456.0,6,0,0,0,0.0,0.0848693
0,0.214938474,45,0,0.311370337,7800.0,5,0,2,0,5.0,0.14215045
0,0.079022657,64,0,0.508282249,7666.0,15,0,2,0,0.0,0.15419993
0,0.9999999,60,1,0.096317971,4100.0,1,0,0,0,0.0,0.7335154
0,0.265309434,62,0,0.447967373,7600.0,14,0,2,0,1.0,0.14701836
0,0.9999999,28,0,0.160160525,2740.0,1,2,0,0,0.0,0.8830249
0,0.023072336,79,0,0.015538291,900.0,8,0,0,0,0.0,0.03642362
0,0.242253123,69,0,0.120179031,10500.0,11,0,1,0,0.0,0.08443894
0,0.9999999,64,2,0.009303539,11500.0,0,0,0,0,1.0,0.643231
0,0.644364742,40,0,0.343882303,9447.0,13,0,1,0,1.0,0.41702765
0,0.026134168,56,0,0.147430072,9902.0,8,0,1,0,0.0,0.044093303
0,0.9999999,52,0,0.0,5616.0,1,0,0,0,1.0,0.5691505
1,0.957100422,49,1,1.427800998,7416.0,17,0,9,1,3.0,0.93616533
0,0.301621112,45,0,0.506721475,9000.0,11,0,2,0,4.0,0.26889977
0,0.106906747,62,0,1518.0,0.0,5,0,2,0,0.0,0.05019188
0,0.277517114,45,0,0.177758319,2283.0,3,0,0,0,0.0,0.20768392
0,0.831974713,48,1,0.842859523,6000.0,8,0,2,0,2.0,0.72978985
0,0.257809019,36,0,0.080768803,9000.0,4,0,0,0,2.0,0.21512194
0,0.810021588,55,1,0.135413096,5833.0,4,0,0,1,0.0,0.8358553
0,0.632867632,62,0,0.605239476,10000.0,9,0,2,0,0.0,0.3564452
0,0.009087968,44,0,9.0,0.0,4,0,0,0,0.0,0.025193375
0,0.059227348,60,0,0.516026658,3150.0,15,0,1,0,0.0,0.18727042
0,0.369964019,60,0,0.608565239,6000.0,16,0,2,0,2.0,0.24787712
0,0.0,49,1,0.289119569,2600.0,8,0,0,0,1.0,0.5053936
0,0.091992641,26,0,0.039267016,4583.0,3,0,0,0,0.0,0.09858475
0,0.008796498,50,1,0.443690939,8994.0,21,0,2,0,0.0,0.25850677
0,0.182053288,61,0,0.465955208,6652.0,15,0,2,0,0.0,0.19079894
0,0.630830989,38,0,0.227710843,7469.0,6,0,0,0,0.0,0.35096598
0,0.003556492,56,0,0.287786533,5583.0,9,0,1,0,3.0,0.075151645
0,0.004194401,57,0,0.196938353,4833.0,5,0,1,0,1.0,0.060578857
0,0.044903624,43,0,0.563226878,5416.0,12,0,2,0,1.0,0.2770393
0,0.684663067,50,0,0.391875888,8443.0,5,0,2,0,3.0,0.3049993
0,0.007752258,79,0,0.218237705,3903.0,9,0,1,0,1.0,0.06819264
0,0.057262969,29,0,0.078584283,5000.0,4,0,0,0,0.0,0.07416033
0,0.023104675,66,0,0.312531404,9950.0,14,0,2,0,0.0,0.1299953
0,0.0,47,0,0.199344075,14025.0,9,0,1,0,4.0,0.08805387
0,0.046883007,83,0,0.40960727,3080.0,15,0,1,0,1.0,0.1728997
0,0.137091974,65,0,0.318680051,8666.0,8,0,1,0,1.0,0.0755514
1,1.073202332,43,3,0.399075638,11250.0,10,1,1,1,3.0,0.9588479
0,0.053322798,53,0,0.232643437,7633.0,5,0,1,0,3.0,0.072398975
0,0.237431114,53,3,0.167647481,6966.0,16,0,1,1,2.0,0.7099401
0,0.011045814,47,0,0.295058555,3500.0,5,0,1,0,2.0,0.102277696
0,0.14531314,26,1,0.068309071,6250.0,5,0,0,0,1.0,0.44401106
0,0.394379259,47,0,0.842421011,7500.0,11,0,3,0,0.0,0.4703962
0,0.094097535,57,0,3900.0,0.0,18,0,3,0,0.0,0.26505208
0,0.732204727,48,0,0.400867761,5300.0,6,0,1,0,1.0,0.46359742
0,0.119281462,71,0,0.329426591,7934.0,6,0,2,0,0.0,0.09281917
0,0.021575514,45,0,0.46299447,4701.0,5,0,1,0,3.0,0.088206574
0,0.694702925,45,0,0.269879059,10500.0,5,0,1,0,1.0,0.29005614
0,0.025024014,44,0,0.397860714,8600.0,8,0,3,0,0.0,0.14101261
0,0.0,57,0,0.0,9000.0,3,0,0,0,0.0,0.1084408
0,0.180558738,70,0,0.474065742,8000.0,8,0,1,0,0.0,0.07545064
0,0.220807155,58,2,725.0,0.0,14,0,0,1,1.0,0.27470186
0,0.011638885,63,0,0.138828063,11416.0,15,0,1,0,0.0,0.13491891
1,0.599618425,38,1,0.185762847,5000.0,10,0,0,1,1.0,0.798785
0,0.023727109,43,0,0.036507531,3916.0,3,0,0,0,0.0,0.07412587
0,0.297512465,50,0,0.522089649,3100.0,8,0,1,0,2.0,0.25987467
0,0.000529766,78,0,0.558476395,1863.0,7,0,1,0,0.0,0.085225224
0,0.0,67,0,0.220899786,4200.0,13,0,1,0,4.0,0.07600111
1,0.0,49,1,0.356085368,5200.0,5,2,0,3,3.0,0.9622441
0,0.340612367,34,0,0.364885973,3200.0,8,0,1,0,1.0,0.2774123
0,0.444104655,43,0,0.310667301,6308.0,5,0,2,0,2.0,0.22186638
0,0.083968443,49,0,0.25439178,12067.0,10,0,2,0,2.0,0.09662146
0,0.185378272,62,0,0.371488878,6158.0,12,0,2,0,0.0,0.14762412
1,1.823920266,46,1,0.193437619,2620.0,24,1,0,0,3.0,0.93611753
0,0.431111335,76,0,0.229185318,3350.0,4,0,0,0,0.0,0.25065508
0,0.850589777,30,1,0.2062581,5400.0,3,0,0,0,0.0,0.6364485
0,0.016819664,47,0,0.453957232,12672.0,8,0,2,0,0.0,0.14392543
0,0.038877101,59,0,0.03785,39999.0,6,0,2,0,0.0,0.08291534
0,0.858142065,35,1,0.747417527,3000.0,11,0,1,0,1.0,0.79444295
0,0.042443097,67,0,0.404238305,2500.0,5,0,1,0,0.0,0.07311585
0,0.820876746,54,0,0.410346389,8833.0,8,0,1,0,0.0,0.3289022
0,0.017186821,79,0,0.499464477,2800.0,8,0,1,0,0.0,0.09500026
0,0.204625119,58,0,0.182761676,7900.0,15,0,1,0,0.0,0.18909003
0,0.40791688,81,0,0.371791045,6699.0,13,0,1,0,0.0,0.1454897
0,0.100974163,59,0,0.479657978,7250.0,11,0,2,0,0.0,0.112801805
0,0.162165839,33,0,0.613936592,9083.0,12,0,6,0,1.0,0.68487185
0,0.100999954,40,0,0.492760922,7942.0,10,0,2,0,0.0,0.19102743
0,0.0,80,0,0.0,100.0,3,0,0,0,0.0,0.022836661
0,0.203879612,49,1,0.01926113,3166.0,1,0,0,0,0.0,0.40904817
0,0.277957141,61,0,0.713689007,5266.0,18,0,1,0,0.0,0.18070246
0,0.9999999,26,0,0.30487297,2400.0,5,0,0,0,1.0,0.6460174
0,0.974309124,42,0,0.125281835,10200.0,6,0,0,0,0.0,0.35264578
0,0.996005326,49,0,0.256916996,4300.0,2,2,1,1,0.0,0.9364102
0,0.900016664,31,0,0.388383046,3184.0,5,0,1,0,4.0,0.5958003
0,0.001666556,52,0,0.138718174,9111.0,2,0,1,0,1.0,0.044370845
0,0.260567717,47,0,0.106366658,11732.0,12,0,2,1,2.0,0.31902608
0,0.030442753,32,0,0.246460283,8333.0,5,0,1,0,0.0,0.06698917
1,0.0,44,0,0.590437377,23800.0,16,0,8,0,2.0,0.61744475
0,0.028528766,73,0,0.318087318,4809.0,8,0,1,0,1.0,0.0371891
0,0.244062937,48,2,0.555577338,5100.0,20,0,1,0,0.0,0.7107836
1,0.405868554,45,1,0.50858509,4600.0,13,0,1,0,2.0,0.5620008
0,0.034782004,82,0,0.033864409,15000.0,9,0,1,0,0.0,0.034981854
0,0.185800546,36,0,0.358554489,1770.0,6,0,0,0,0.0,0.21598355
0,0.007367094,74,0,0.21763471,1428.0,5,0,0,0,0.0,0.06254517
0,0.507894488,32,0,0.814786585,2623.0,3,0,1,0,0.0,0.3911062
0,0.623875225,41,0,0.037185126,2500.0,2,0,0,0,1.0,0.4828138
0,0.399074949,50,1,0.42885092,7666.0,12,0,2,0,2.0,0.42855594
0,0.729426231,46,0,0.721946375,12083.0,11,0,3,0,3.0,0.61686844
0,0.052610632,55,0,0.845507562,10116.0,15,0,7,0,3.0,0.50126725
0,0.103088471,54,0,2.368179207,1740.0,16,0,2,0,0.0,0.28430453
0,0.605333093,64,3,0.01928846,45000.0,11,1,1,0,0.0,0.39200643
1,0.9999999,27,1,0.38969118,4500.0,6,1,1,1,1.0,0.93376875
0,0.026596853,56,0,0.151324289,12383.0,8,0,1,0,0.0,0.045089304
0,0.714527085,48,0,0.330515408,11000.0,7,0,1,0,2.0,0.3081022
0,0.9999999,42,1,0.099218485,2942.0,1,1,0,0,4.0,0.89669734
0,0.014380634,63,0,0.020652898,1500.0,7,0,0,0,0.0,0.13953896
0,0.918854057,44,0,0.191400304,7883.0,5,0,0,0,0.0,0.493714
0,0.046443394,43,0,0.181948015,3500.0,14,0,0,0,0.0,0.10455176
0,0.0,58,0,0.121286121,4913.0,8,0,1,0,1.0,0.09716709
0,0.0,66,0,0.133868948,9583.0,10,0,2,0,0.0,0.17407744
0,0.317689494,53,0,0.403382857,21874.0,14,0,4,0,1.0,0.42042345
0,0.004417612,68,0,0.254006586,4554.0,13,0,1,0,1.0,0.028197676
0,0.254421806,65,0,0.465842311,8167.0,12,0,4,0,0.0,0.26799136
0,0.9999999,28,0,0.058439062,2600.0,2,2,0,0,2.0,0.91394156
0,0.583488073,44,0,0.360341596,4800.0,8,0,1,0,1.0,0.3113449
0,0.015232826,49,0,0.294947331,5600.0,4,0,1,0,0.0,0.056528997
0,0.238260411,50,0,0.3953162,11400.0,15,0,2,0,3.0,0.21358146
0,0.038791721,38,0,19.25925926,107.0,7,0,3,0,2.0,0.15763608
0,0.003518097,64,0,0.224905776,13000.0,7,0,1,0,0.0,0.02247629
0,0.164069391,32,0,0.80109945,2000.0,5,0,1,0,0.0,0.16901949
0,0.065113797,90,1,0.198600467,3000.0,10,0,1,0,1.0,0.19847377
0,0.464535941,60,0,0.149136144,7234.0,5,0,0,0,1.0,0.22211151
0,0.462443607,45,2,1.520516559,4800.0,12,0,3,0,0.0,0.8209167
0,0.016520489,41,0,0.303932495,6280.0,6,0,1,0,0.0,0.07055986
0,0.018312889,45,0,0.400288236,5550.0,3,0,2,0,0.0,0.100130044
0,0.126321841,63,0,0.496209182,16750.0,9,0,4,0,0.0,0.17622665
0,0.011466448,71,0,0.202766477,6144.0,8,0,0,0,1.0,0.05145184
0,0.342364007,53,2,0.650967199,3566.0,22,1,1,0,0.0,0.8334619
0,0.001160697,79,0,0.000612182,3266.0,6,0,0,0,0.0,0.01670815
0,0.100117136,50,1,0.208879185,12365.0,15,0,2,0,0.0,0.3424245
0,0.857406941,41,0,0.328458943,8000.0,8,0,1,0,1.0,0.42492795
0,0.0,49,0,0.10568409,3500.0,3,0,0,0,1.0,0.17481115
0,0.029514934,56,0,0.165833578,3400.0,19,0,0,0,0.0,0.15331009
0,0.0,57,0,0.412717457,5000.0,20,0,1,0,1.0,0.08945578
0,0.753634336,25,0,0.103379324,5000.0,9,0,0,0,0.0,0.5423116
0,0.278760994,63,0,0.497994896,2742.0,7,0,1,0,0.0,0.16444433
0,0.454909018,31,0,0.405322862,4583.0,5,0,2,0,0.0,0.29511473
0,0.257734384,56,2,0.261180008,2660.0,6,0,0,0,2.0,0.6617557
0,1.013496626,31,0,1.55073478,1428.0,6,0,1,0,1.0,0.7447569
0,1.00685649,54,0,0.36911904,6333.0,13,0,1,0,1.0,0.5749658
0,0.697184507,54,0,0.300055114,12700.0,14,0,1,0,0.0,0.33274826
0,0.848349297,45,0,0.368921861,12400.0,14,0,2,0,2.0,0.43806055
0,0.127997608,46,0,0.5719418,5566.0,12,0,1,0,0.0,0.20463377
0,0.004088707,48,0,0.312196515,3500.0,5,0,1,0,0.0,0.053809367
0,0.734928189,40,0,1.012483574,3043.0,11,0,0,0,0.0,0.6450872
0,0.0,24,0,0.173375428,3800.0,8,1,0,0,0.0,0.7487034
0,6875.0,55,0,0.120387592,33333.0,6,0,1,0,2.0,0.14027297
0,0.590904748,64,0,0.573877162,6300.0,8,0,1,0,0.0,0.22071762
0,0.044157328,64,0,0.865737593,2941.0,8,0,2,0,0.0,0.19777085
1,0.806607449,35,1,0.273698725,2900.0,12,0,0,0,2.0,0.8061068
0,0.0,53,3,0.232210573,4482.0,11,0,2,2,1.0,0.7768757
0,0.18825882,77,0,0.022988506,2000.0,4,0,0,0,0.0,0.09725639
0,0.900309072,74,0,0.5193229,3130.0,7,0,1,0,0.0,0.3613229
0,0.035915864,76,0,0.015246188,4000.0,10,0,0,0,0.0,0.050935414
0,0.227355695,58,0,0.449677849,4500.0,10,0,2,0,2.0,0.19270411
0,0.018663887,57,0,0.061850173,3750.0,4,0,0,0,0.0,0.06936711
0,0.380042743,40,0,0.559406766,6000.0,8,0,2,0,2.0,0.28441432
0,0.0058441,65,0,0.002380386,4200.0,6,0,0,0,0.0,0.049309924
0,0.610408703,41,1,0.064417178,2933.0,7,0,0,0,2.0,0.7151867
0,0.0,62,0,0.497583736,6000.0,6,0,2,0,0.0,0.11881757
0,0.236219127,71,0,0.015677492,5357.0,3,0,0,0,0.0,0.07245579
0,0.153776893,49,0,0.1486,4999.0,8,0,0,0,0.0,0.1793741
0,0.9999999,26,2,0.157201272,2200.0,1,0,0,1,0.0,0.864384
0,0.057049334,68,0,0.299864437,11064.0,7,0,4,0,0.0,0.058016732
0,0.802554936,81,0,0.152094212,9000.0,5,0,0,0,1.0,0.28254735
0,0.306503076,52,1,0.350419492,8700.0,5,0,2,0,5.0,0.47073072
0,0.035649046,65,0,0.095188502,4800.0,6,0,0,0,1.0,0.08822914
0,0.171504757,58,0,0.007099391,11831.0,2,0,0,0,1.0,0.05053834
0,0.225146765,41,0,0.318008912,9200.0,6,0,2,0,0.0,0.17031753
0,0.010245876,63,0,0.264631568,19392.0,11,0,2,0,0.0,0.053840883
0,0.007151082,73,0,0.000234357,12800.0,2,1,0,1,1.0,0.37341547
0,0.031917087,71,0,0.013997201,5000.0,7,0,0,0,1.0,0.03657014
0,0.191041195,42,0,0.35252731,5400.0,12,0,1,0,0.0,0.2406696
0,0.913529154,66,1,0.550632022,14239.0,16,0,2,0,0.0,0.7015922
0,0.121998844,58,0,0.30349058,6846.0,11,0,2,0,0.0,0.0788384
0,0.0,67,0,0.266278078,14067.0,10,0,3,0,2.0,0.20390418
0,0.773856341,53,0,0.36994003,2667.0,6,0,1,0,0.0,0.41012412
0,0.253566191,33,0,0.383150756,3833.0,3,0,1,0,0.0,0.13768092
0,0.127535664,50,0,0.384076287,8703.0,10,0,1,0,0.0,0.14232996
0,0.00662786,81,0,0.001124859,2666.0,2,0,0,0,0.0,0.009829587
0,0.056421021,69,0,0.307659678,16501.0,22,0,2,0,0.0,0.11989287
0,0.012610411,77,0,0.004832528,6000.0,3,0,0,0,0.0,0.029817685
0,0.831491782,45,0,0.964484175,4138.0,15,0,1,0,1.0,0.7469723
0,0.025770503,71,0,352.0,0.0,10,0,1,0,0.0,0.03394674
0,0.036615761,45,1,0.231108517,15416.0,6,0,2,0,3.0,0.14998499
0,0.016805503,74,0,0.009247688,4000.0,10,0,0,0,0.0,0.04706296
0,0.018049098,47,0,0.269957819,6400.0,4,0,1,0,4.0,0.15008014
0,0.95910409,58,0,0.24572345,5611.0,10,0,0,0,0.0,0.5417933
0,0.507664114,69,0,0.735552552,5917.0,18,0,4,0,0.0,0.47826067
0,0.103283659,35,0,0.211192538,1500.0,7,0,0,0,0.0,0.14974846
0,0.072690911,47,0,0.271189048,6500.0,11,0,2,0,0.0,0.19943392
0,0.319118916,65,0,0.329988031,10860.0,13,0,2,0,0.0,0.14645572
1,1.053682896,35,2,0.146816804,2308.0,8,0,0,0,1.0,0.92060804
1,0.9999999,39,1,0.20853565,3912.0,3,1,0,0,2.0,0.8888788
0,0.603688684,38,0,0.112531969,4300.0,7,0,0,0,0.0,0.3757984
0,0.029580846,48,0,0.008886914,4500.0,4,0,0,0,1.0,0.07789823
0,0.421239725,25,0,0.752941176,764.0,3,0,0,0,0.0,0.17426363
1,0.722951803,29,1,0.353021354,2200.0,8,0,0,0,1.0,0.7678553
0,0.622771519,30,3,0.394499549,4435.0,7,0,1,0,1.0,0.81746393
0,0.359381565,33,0,0.183799026,3900.0,2,0,0,0,0.0,0.19890755
0,0.0,53,0,0.189544351,7000.0,11,0,1,0,0.0,0.1251689
0,0.043117623,54,1,0.183320923,13429.0,18,0,1,0,0.0,0.26253098
0,0.027053058,47,0,0.184312687,11333.0,6,0,1,0,2.0,0.04647247
0,0.692158443,41,0,0.397856343,6250.0,7,0,1,0,2.0,0.3864054
0,0.25920298,39,2,0.741481145,2200.0,13,0,0,0,3.0,0.68647105
0,0.424943342,48,0,0.283429143,4000.0,12,0,0,0,0.0,0.38243654
0,0.016858324,68,0,0.032644903,3001.0,20,0,0,0,1.0,0.1257132
0,0.028142589,67,0,0.057323779,6000.0,9,0,0,0,0.0,0.10016162
0,0.535170197,46,0,0.871130031,2583.0,9,0,1,0,2.0,0.47201
0,0.266958646,33,0,0.315372865,7200.0,10,0,1,0,2.0,0.21089184
0,0.018999627,70,0,0.005499083,6000.0,5,0,0,0,0.0,0.02543686
0,0.024456079,82,0,0.010570825,3783.0,5,0,0,0,0.0,0.04148378
0,0.023074675,73,2,0.535227535,4328.0,13,0,1,0,0.0,0.33853704
0,0.606197172,46,0,0.60147684,4468.0,7,0,1,0,2.0,0.5091279
1,0.9999999,55,0,0.399280576,2501.0,4,1,0,0,0.0,0.84904253
0,0.037515203,38,0,0.289370288,9416.0,11,0,1,0,1.0,0.10988665
0,0.025838966,40,0,0.191694606,17000.0,4,0,2,0,3.0,0.032614727
0,0.00103696,54,0,0.0,5000.0,2,0,0,0,2.0,0.05717805
0,0.9999999,42,0,0.445837414,5104.0,3,0,1,0,2.0,0.5243593
0,0.218728449,43,0,0.412036502,8656.0,6,0,1,0,2.0,0.18738472
0,0.892273705,31,0,0.185230661,5700.0,4,0,0,0,0.0,0.38030085
1,1.334721066,39,1,0.091131998,2446.0,7,0,0,1,3.0,0.93733245
0,0.26210295,56,0,0.265643218,5145.0,9,0,1,0,0.0,0.17873104
0,0.078767264,70,0,0.152392702,15400.0,7,0,2,0,1.0,0.03557448
0,0.016655295,67,0,0.124189653,7866.0,8,0,1,0,0.0,0.05702716
0,0.369003824,50,0,0.502302968,7815.0,14,0,1,0,0.0,0.2539483
0,0.728734966,44,0,0.046068138,4666.0,3,0,0,0,0.0,0.4572554
0,0.529821204,36,0,0.539275651,14550.0,11,0,7,0,2.0,0.6401957
0,0.195264748,32,0,0.193473193,1286.0,6,0,0,0,2.0,0.23708184
0,0.226954609,36,0,0.095697981,3416.0,2,0,0,0,0.0,0.13909997
0,0.076073997,47,0,0.447455254,10000.0,7,0,3,0,1.0,0.21007203
0,0.024549751,52,0,0.290539123,9533.0,16,0,1,0,3.0,0.11828204
0,0.045126511,33,0,0.509103891,2800.0,4,0,1,0,1.0,0.23561627
0,0.912175649,44,1,0.009992314,1300.0,1,0,0,0,0.0,0.7885766
0,0.9999999,32,0,0.293958521,4435.0,3,0,1,0,2.0,0.42293093
0,0.041025319,55,0,0.145667198,7523.0,10,0,1,0,1.0,0.055959072
0,0.101415779,47,1,0.221463295,16250.0,10,0,2,0,3.0,0.25271618
0,0.244065375,54,0,0.04132415,4500.0,7,0,0,0,2.0,0.28545928
1,0.991002999,23,0,0.204530313,1500.0,2,0,0,0,0.0,0.64784366
0,0.00551629,27,0,0.198506866,7500.0,9,0,2,0,0.0,0.1594723
0,0.013390722,54,0,0.185296324,11996.0,6,0,2,0,2.0,0.045213573
0,0.50234487,44,0,0.373804574,2404.0,3,0,0,0,0.0,0.3759216
0,0.07080923,81,0,0.405259474,10000.0,14,0,3,0,1.0,0.27190375
0,0.016748821,52,1,0.195182131,15400.0,14,0,3,0,3.0,0.23801374
0,0.024772088,89,2,0.052836485,1797.0,11,0,0,1,0.0,0.5384413
0,0.0,45,0,0.066466047,53500.0,12,0,3,0,2.0,0.12448213
0,0.057130933,33,0,0.452909418,5000.0,8,0,2,0,0.0,0.2201559
0,0.137286271,61,0,0.019592163,2500.0,4,0,0,0,0.0,0.16373236
0,0.020767034,75,0,0.004775363,10260.0,8,0,0,0,0.0,0.018853525
0,0.108204796,50,0,0.853154085,2900.0,16,0,1,0,1.0,0.2238518
0,0.9999999,21,0,0.0,650.0,0,0,0,0,0.0,0.11251837
0,0.004217021,58,0,0.433403173,3340.0,14,0,1,0,0.0,0.115790494
1,0.874364775,40,0,0.345722483,7667.0,6,0,1,0,2.0,0.45801017
0,0.266095964,62,0,0.256189047,5331.0,16,0,1,0,0.0,0.13698263
0,0.423600124,61,0,0.770872737,3700.0,13,0,1,0,2.0,0.2968696
0,0.794548692,42,0,0.103179364,5000.0,5,0,0,0,0.0,0.47370732
0,0.132962653,61,0,0.371699564,3900.0,10,0,1,0,3.0,0.1773833
0,0.883116883,26,0,0.299750208,1200.0,2,0,0,0,0.0,0.58655334
0,0.423173292,47,0,0.356477561,5904.0,11,0,2,0,3.0,0.31053984
0,0.013959935,52,0,0.31327629,10868.0,13,0,3,0,2.0,0.12835275
1,0.948238339,54,1,0.604056563,7000.0,7,0,3,0,0.0,0.71997994
0,0.006312467,78,0,0.0,3363.0,1,0,0,0,0.0,0.02522679
0,0.981204574,33,1,0.665866827,5000.0,17,0,2,0,0.0,0.8871881
0,0.108123552,76,0,0.183386201,5043.0,9,0,0,0,0.0,0.089820445
0,0.14455287,66,0,0.188176763,6833.0,15,0,0,0,0.0,0.110315725
0,0.459445591,44,0,0.322714903,6246.0,13,0,0,0,5.0,0.4173724
0,0.0,50,0,0.412146963,4000.0,11,0,2,0,0.0,0.13264905
0,0.701511762,81,0,0.223888056,2000.0,3,0,0,0,2.0,0.33178532
0,0.284357821,45,0,0.013597281,5000.0,4,0,0,0,3.0,0.23449829
0,0.663526808,44,0,0.351641347,9412.0,13,0,1,0,3.0,0.3406161
0,0.005292009,79,0,0.345730854,5000.0,12,0,1,0,0.0,0.08251957
0,0.792733134,49,0,0.650074664,6026.0,12,0,1,0,0.0,0.58811754
0,0.120157277,68,0,0.277215348,8000.0,17,0,1,0,0.0,0.13157697
0,0.50671726,68,0,0.640503517,2700.0,17,0,0,0,0.0,0.40329793
0,0.578865384,53,0,0.334485526,16200.0,20,0,1,0,0.0,0.4269428
0,0.343399311,63,0,0.779131521,3200.0,12,0,1,0,0.0,0.32497755
0,0.072431428,46,0,0.310551865,7827.0,17,0,2,0,3.0,0.23105335
0,0.9999999,76,0,0.001249896,12000.0,1,0,0,0,1.0,0.20750484
0,0.008458853,60,0,0.084583083,5000.0,7,0,1,0,0.0,0.052793812
0,0.062603053,61,0,0.619380619,1000.0,8,0,1,0,0.0,0.09648117
0,0.853058112,64,2,0.405792514,12636.0,29,0,2,0,1.0,0.5171803
0,0.025290329,52,0,0.655868826,5000.0,14,0,3,0,1.0,0.31993428
0,0.072277109,34,0,0.025911708,2083.0,2,0,0,0,0.0,0.15220152
0,0.076442018,65,0,0.228133263,9454.0,11,0,1,0,0.0,0.13324377
0,0.147436171,52,2,0.403239784,15000.0,5,0,2,0,2.0,0.52500856
0,0.132770342,47,0,0.132425498,10133.0,7,0,1,0,2.0,0.17584585
0,0.0,29,0,0.573907009,1440.0,8,0,0,0,0.0,0.3232678
0,0.082461456,54,0,0.886868687,2474.0,10,0,2,0,0.0,0.2541135
0,0.577492093,30,1,0.285428643,4000.0,8,0,0,0,1.0,0.61706877
0,0.371422255,58,0,0.41006424,4669.0,14,0,1,0,0.0,0.22179413
0,0.70863853,64,1,0.358638743,1527.0,8,2,0,0,0.0,0.9294559
0,0.091571737,41,0,0.465251204,8100.0,5,0,1,0,2.0,0.112955056
0,0.052727945,61,0,0.14734587,4200.0,7,0,1,0,1.0,0.089789405
0,0.137590661,26,0,0.016283853,5833.0,3,0,0,0,0.0,0.14936472
0,0.005246225,62,0,0.082743105,12000.0,10,0,1,0,0.0,0.058315966
0,0.027789214,61,0,0.288543948,10500.0,9,0,1,0,0.0,0.0973861
0,0.384245665,59,0,0.844631074,3333.0,9,0,1,0,0.0,0.21262573
0,0.19205771,77,0,0.016996601,5000.0,6,0,0,0,1.0,0.09682466
0,0.016845408,64,0,0.04854831,2100.0,6,0,0,0,0.0,0.1153349
0,0.0,37,0,0.184027338,7900.0,5,0,1,0,5.0,0.09010112
0,0.034643361,47,0,0.348885649,4800.0,8,0,1,0,2.0,0.11406099
0,0.333077842,57,0,0.137245274,4072.0,2,0,0,0,1.0,0.24809177
0,0.86980671,39,0,0.304770066,3500.0,7,0,1,0,0.0,0.4042614
0,0.877462872,74,3,0.515810662,15400.0,12,0,1,0,0.0,0.82366174
0,0.029624599,39,0,0.510505724,6900.0,10,0,1,0,1.0,0.13514632
0,1.005972754,48,0,0.922578445,2931.0,7,0,1,0,3.0,0.68832284
0,0.218315634,36,0,0.353190288,7083.0,7,0,1,0,2.0,0.1865741
0,0.127826232,37,0,0.676853424,5300.0,15,0,2,0,0.0,0.29871726
0,0.232500862,30,0,0.466938984,3916.0,5,0,2,0,0.0,0.24628504
1,0.875078076,25,1,0.5933897,1300.0,10,0,0,3,0.0,0.9366306
0,0.229680529,29,0,0.686514108,4500.0,8,0,1,0,1.0,0.2771371
0,0.657191913,71,0,0.607190925,5200.0,15,0,0,0,1.0,0.4455337
0,0.9999999,62,0,0.136775218,6294.0,12,0,1,0,0.0,0.37107417
0,0.487776056,47,0,0.465495804,6433.0,15,0,2,0,0.0,0.43549782
0,0.344887348,65,0,0.30362349,2400.0,7,0,2,0,0.0,0.14994596
1,0.9999999,32,2,0.638593381,3383.0,5,0,2,0,1.0,0.77492726
1,0.280223993,29,0,0.598674965,4980.0,14,0,1,0,0.0,0.39587426
1,0.9,62,6,0.374443207,7183.0,9,0,1,0,0.0,0.82525855
0,0.022147178,57,1,0.336465486,8300.0,9,0,1,0,0.0,0.27880186
0,0.172470688,51,0,0.365393061,6830.0,8,0,1,0,0.0,0.116263494
0,0.199021051,71,0,0.213992574,5116.0,14,0,1,0,0.0,0.12690942
0,0.15095045,54,0,0.680405697,4633.0,13,0,3,0,1.0,0.34703875
1,1.824351297,48,0,0.009639414,2800.0,5,2,0,4,0.0,0.9437065
0,0.237207364,59,0,0.383446621,2500.0,6,0,0,0,0.0,0.24315397
0,0.006196706,77,0,0.000595711,5035.0,2,0,0,0,0.0,0.017802939
0,0.0,33,0,0.009583847,62500.0,5,0,1,0,4.0,0.23751971
1,0.272762624,51,0,0.042381355,13000.0,7,0,0,0,0.0,0.31670102
0,0.021203925,46,0,0.127772571,3200.0,7,0,0,0,0.0,0.15100455
0,0.0,62,0,0.0,1500.0,3,0,0,0,0.0,0.0977902
0,0.333104765,62,0,0.507337526,6200.0,17,0,1,0,0.0,0.26176518
0,0.161698043,44,0,0.028225806,3223.0,6,0,0,0,1.0,0.22994962
0,0.229886901,40,0,0.661506401,3358.0,12,0,2,0,2.0,0.29822946
0,0.064098231,80,0,0.006797281,2500.0,5,0,0,0,0.0,0.036538113
0,0.091128763,62,0,0.460883664,7400.0,10,0,1,0,0.0,0.098963216
0,0.056875255,58,0,0.251774823,10000.0,11,0,1,0,3.0,0.065462865
0,0.408659459,73,0,0.505209978,6333.0,11,0,3,0,0.0,0.30919817
0,1.28742515,40,1,0.075517334,3720.0,2,3,0,0,1.0,0.9416796
0,0.214938564,58,0,0.326171558,12333.0,13,0,2,0,1.0,0.06656968
0,0.072902395,47,0,0.014273083,7916.0,10,0,0,0,2.0,0.20916885
0,0.357081804,53,0,0.54950007,7100.0,17,0,2,0,3.0,0.3304554
0,0.04929064,67,0,0.197290972,14100.0,5,0,2,0,0.0,0.0653493
0,0.158730159,33,0,0.007883817,4819.0,3,0,0,0,1.0,0.18386255
0,0.492091444,45,0,0.508659168,5600.0,8,0,3,0,3.0,0.31299976
0,0.300662226,64,0,0.311384088,7000.0,11,0,1,0,0.0,0.15448537
0,0.9999999,53,0,0.0,3501.0,1,1,0,0,3.0,0.8756427
0,0.031163934,35,0,0.414226539,7000.0,7,0,3,0,0.0,0.3271383
0,0.043523401,81,0,0.013139103,3500.0,6,0,0,0,0.0,0.051211447
0,0.193595223,62,0,0.322337019,16550.0,7,0,1,0,2.0,0.046074387
0,0.003567903,69,0,0.001830384,4916.0,9,0,0,0,0.0,0.02814484
0,0.38521765,61,0,0.359300146,4800.0,10,0,0,0,3.0,0.2626853
0,1.297523416,59,0,0.356400706,5100.0,7,0,0,0,0.0,0.58833754
0,0.026189806,31,3,0.289536837,8333.0,5,0,2,1,0.0,0.81466836
0,0.051193022,63,0,0.015746063,4000.0,11,0,0,0,0.0,0.1628532
0,0.094064016,42,0,0.330381374,7000.0,8,0,1,0,3.0,0.10190003
0,0.441989087,48,1,0.680574555,8771.0,13,0,2,0,3.0,0.4801783
0,0.0,25,1,0.090181964,5000.0,4,0,0,0,0.0,0.4767048
0,0.99996219,66,0,0.224027947,13167.0,9,0,1,0,0.0,0.2428257
0,0.128083196,64,0,0.842870118,1100.0,4,0,1,0,0.0,0.07706737
0,0.530405318,61,1,0.469418849,13782.0,22,0,2,0,0.0,0.48036778
0,0.283916634,26,0,0.447171097,4400.0,13,0,1,0,2.0,0.407911
0,0.443977042,36,0,0.549575071,6000.0,13,0,1,0,1.0,0.42908314
0,0.74712216,54,0,0.94174059,4170.0,10,0,4,0,0.0,0.58370215
1,0.065793421,69,0,0.551149617,3000.0,12,3,1,0,0.0,0.89060825
0,0.0,46,0,0.0,4100.0,6,0,0,0,1.0,0.0378574
0,0.911289633,34,1,3.821963394,600.0,5,0,2,0,3.0,0.7541423
0,0.862081977,56,0,0.265343793,6500.0,8,0,2,0,0.0,0.38843873
0,0.0,57,0,0.149496263,40000.0,12,0,3,0,1.0,0.17793894
1,0.319413594,26,1,0.006997667,3000.0,2,0,0,0,0.0,0.59552217
0,0.043660805,59,0,0.3431911,7100.0,18,0,3,0,0.0,0.2232467
0,0.028351025,58,0,0.206003485,12625.0,9,0,1,0,0.0,0.05873762
0,0.09870491,48,0,0.291141772,5000.0,4,0,1,0,0.0,0.09426664
0,0.804688368,40,0,0.596314549,4666.0,19,0,1,0,0.0,0.7769772
0,0.023181183,70,1,0.060715143,4166.0,42,1,0,0,0.0,0.2946492
0,0.008394716,42,0,0.195584989,40769.0,10,0,2,0,3.0,0.10378228
0,0.589009486,56,0,0.217963172,2660.0,6,0,0,0,0.0,0.42472115
0,0.597328053,35,0,0.297655768,6483.0,5,0,1,0,1.0,0.32209414
0,0.172965407,75,0,0.003408781,7333.0,2,0,0,0,0.0,0.12668745
1,0.939097507,36,0,0.363159348,3620.0,10,0,0,0,2.0,0.6754414
0,0.008690143,56,0,0.328863606,7382.0,14,0,2,0,0.0,0.10447596
0,0.420811796,26,0,0.194668148,3600.0,6,0,0,0,1.0,0.3871577
0,0.064468924,53,0,0.582259287,3956.0,2,0,1,0,2.0,0.14733548
0,0.005858389,75,0,0.170975451,4602.0,9,0,2,0,0.0,0.051703326
0,0.9999999,43,0,0.327834021,8000.0,2,2,1,1,4.0,0.9397978
0,0.167808012,73,0,0.023049153,3600.0,2,0,0,0,0.0,0.066382945
0,0.012103171,62,0,0.072840203,7083.0,9,0,1,0,0.0,0.10020482
0,0.102013397,79,1,0.787684926,2500.0,12,0,0,0,0.0,0.34303674
0,0.705428893,55,1,0.640697488,6250.0,10,0,3,0,0.0,0.6742352
0,0.016919385,68,0,0.329206742,10500.0,19,0,4,1,0.0,0.5169965
0,0.062679017,44,0,0.497115385,7279.0,10,0,2,0,3.0,0.15043704
0,0.292875989,35,0,0.148077736,4733.0,3,0,0,0,2.0,0.16620883
0,0.083522116,47,0,0.331693382,6300.0,9,0,2,0,1.0,0.19602352
0,0.004156859,47,0,0.195160442,1900.0,11,0,0,0,0.0,0.09831418
0,0.144963145,33,0,1329.0,1.0,10,0,2,0,0.0,0.1131791
0,0.447265776,58,0,0.420287614,6466.0,14,0,2,0,2.0,0.26198867
0,0.176529103,50,1,0.524014203,5350.0,17,0,2,0,0.0,0.44528145
0,0.48122231,42,0,0.322304213,4200.0,11,0,1,0,1.0,0.3710048
0,0.0,71,0,0.086277497,10500.0,12,0,1,0,0.0,0.049430992
0,0.465992544,49,0,0.771803719,10433.0,12,0,1,0,0.0,0.43259495
0,0.0,63,0,0.470681505,33425.0,10,0,3,0,2.0,0.10060835
0,0.249675539,77,0,0.215778422,10000.0,6,0,2,0,0.0,0.103673495
0,0.057806771,40,0,0.367644648,6100.0,14,0,2,0,2.0,0.19523503
0,0.137628746,39,0,0.266752815,5416.0,9,0,0,0,1.0,0.21464434
0,0.459153592,67,0,0.654724213,6000.0,17,0,1,0,0.0,0.26779673
0,0.097941948,64,0,0.57019937,4764.0,10,0,1,0,0.0,0.086230025
0,0.568323861,63,0,1.307941071,2782.0,8,0,2,0,0.0,0.4266976
0,0.151178077,68,0,0.120986557,9000.0,12,0,2,0,1.0,0.06840095
0,0.14938018,54,1,0.428758481,8400.0,14,0,1,0,1.0,0.3907154
0,0.949566727,62,0,0.25678392,7959.0,9,0,0,0,0.0,0.4323947
0,0.055452254,41,0,0.683649289,3375.0,16,0,0,0,1.0,0.18971269
0,0.426779063,34,1,0.149109218,2581.0,3,0,0,0,0.0,0.5257682
0,0.030403882,77,0,0.124194623,4500.0,14,1,0,0,1.0,0.41348425
1,1.056647784,37,2,1.752579684,4360.0,10,1,4,1,0.0,0.98557925
0,0.699218214,36,0,0.486656093,14500.0,17,0,2,0,0.0,0.62511367
0,0.065699599,62,1,0.148450245,17163.0,19,0,1,0,1.0,0.22311543
0,0.098959152,53,0,0.136839182,10800.0,8,0,2,0,2.0,0.07310499
0,0.096790321,57,0,0.254628944,6750.0,3,0,2,0,0.0,0.05863732
0,0.538701591,51,2,0.283343331,5000.0,9,0,2,0,1.0,0.6762464
0,0.772339754,27,0,0.103830794,6760.0,7,0,0,0,0.0,0.3589934
0,0.600028231,72,0,0.4150169,4141.0,7,0,2,0,0.0,0.19497178
0,0.096699051,44,0,0.549014163,3600.0,3,0,1,0,2.0,0.10834613
0,0.167505415,52,1,0.331923715,12059.0,26,0,2,0,4.0,0.32910785
0,0.0,40,0,0.058955643,7123.0,2,0,0,0,2.0,0.11081994
0,0.144603517,62,0,0.420071291,3646.0,11,0,1,0,0.0,0.20772809
0,0.464100715,30,0,0.353710111,2600.0,5,0,0,0,0.0,0.3241676
0,0.100118963,66,0,0.304611331,3794.0,4,0,1,0,0.0,0.05448517
0,0.119917191,32,0,0.38075618,4125.0,9,0,1,0,3.0,0.29278517
0,0.763895971,47,1,0.019945603,2205.0,2,0,0,0,0.0,0.74529284
0,0.280571179,52,0,0.25491297,10685.0,13,2,2,0,3.0,0.6445529
0,0.274396618,49,0,0.429763923,7666.0,5,0,2,0,3.0,0.14720665
0,0.077260849,50,0,0.489841153,8120.0,19,0,2,0,0.0,0.21085818
0,0.064882845,66,0,0.336486215,4968.0,8,0,2,0,0.0,0.09407245
0,0.018465888,55,0,0.936012797,5000.0,8,0,1,0,0.0,0.12034822
0,0.012037866,72,1,0.266138709,4166.0,8,0,1,0,1.0,0.14310825
0,0.11068269,68,0,0.378642441,5833.0,4,0,1,0,0.0,0.047106057
0,0.200581252,59,0,0.114801677,3100.0,4,0,0,0,0.0,0.1934231
0,0.037224037,51,0,0.233759591,3909.0,12,0,1,0,0.0,0.11292518
0,0.062975675,25,0,0.009327115,1500.0,9,0,0,0,0.0,0.3481299
0,0.880874608,53,0,0.752335085,6851.0,8,0,3,0,2.0,0.48951042
0,0.017443164,79,0,0.001272412,8644.0,4,0,0,0,1.0,0.025823774
0,0.0,70,0,0.292872922,8600.0,6,0,2,0,0.0,0.08386609
0,0.9999999,58,3,6.586551681,8000.0,15,1,1,1,0.0,0.8969011
0,0.29753342,52,0,0.496484924,6400.0,7,0,3,0,1.0,0.2943519
0,0.9999999,40,0,0.166553056,4400.0,3,0,0,1,3.0,0.8528817
0,0.069203325,68,0,0.420616905,7488.0,13,0,1,0,3.0,0.12223465
0,0.052625377,54,0,0.631905408,10317.0,16,0,4,0,0.0,0.2786014
0,0.113026852,46,0,0.139914362,8640.0,10,0,0,0,2.0,0.13971795
0,0.00469953,28,0,0.199809251,2096.0,6,0,0,0,0.0,0.10674924
0,0.381203039,55,0,0.471165398,9987.0,8,0,2,0,2.0,0.1326465
0,0.107845844,29,1,0.161941374,2080.0,8,0,0,0,0.0,0.41616765
0,0.104284855,49,0,0.266629635,7200.0,8,0,1,0,2.0,0.08263164
0,0.796407186,29,1,0.128723183,4800.0,4,0,0,0,1.0,0.6866789
0,0.0,55,0,0.118862475,4500.0,12,0,1,0,1.0,0.117790505
0,0.03240845,54,0,0.446123947,4630.0,12,0,2,0,3.0,0.16077873
0,0.07855759,35,0,0.343302121,10465.0,10,0,2,0,3.0,0.2540604
0,0.03832837,76,0,0.150339864,2500.0,12,0,1,0,0.0,0.08123445
0,0.029277755,58,0,0.01159768,5000.0,8,0,0,0,1.0,0.11216718
0,0.0,23,0,0.066622252,1500.0,4,0,0,0,0.0,0.3792234
0,0.819159042,62,0,0.388619015,4322.0,7,0,1,0,1.0,0.3950135
0,0.922670104,40,0,0.207789429,9345.0,7,0,0,0,0.0,0.5327236
1,0.504523092,62,0,0.153018605,7900.0,4,0,0,0,0.0,0.3148018
0,0.05776382,65,0,0.305017255,11300.0,13,0,1,0,0.0,0.06347207
0,0.721514154,59,0,0.255748583,21700.0,21,0,2,0,0.0,0.36460033
0,0.01329867,59,0,0.000856898,3500.0,3,0,0,0,0.0,0.05374571
0,0.015538291,29,0,0.132955681,3000.0,4,0,0,0,0.0,0.06887719
0,0.015271673,57,0,0.115562119,10833.0,9,0,2,0,3.0,0.06951048
0,0.500944657,40,0,0.712902218,3200.0,5,0,2,0,0.0,0.43750465
0,0.054437021,33,0,0.142801858,5167.0,7,0,1,0,1.0,0.13742071
0,0.005104824,65,0,0.250833269,12900.0,17,1,2,0,0.0,0.5572597
0,0.029724257,72,0,1.967140484,5416.0,13,0,7,0,1.0,0.3906287
0,0.189260358,70,0,0.144180396,13170.0,4,0,1,0,0.0,0.0392329
0,0.590881824,29,0,0.21943128,2109.0,3,0,0,0,1.0,0.45228106
0,0.9999999,21,0,0.0,1921.0,2,0,0,0,0.0,0.20871101
0,0.319779462,32,0,1.247340213,12500.0,12,0,8,0,0.0,0.80452764
0,0.027590711,72,0,0.064308682,310.0,2,0,0,0,0.0,0.036274344
0,0.063991729,46,0,0.274021935,6108.0,9,0,1,0,0.0,0.13505027
0,0.986343072,42,0,0.255304966,9000.0,8,0,1,0,2.0,0.38148624
0,0.06745414,76,0,44.17367367,5993.0,16,0,0,0,1.0,0.31624773
0,0.208860939,44,0,1568.0,0.0,8,0,1,0,0.0,0.057205092
0,0.145553403,41,0,0.270970839,8332.0,4,0,1,0,2.0,0.13727608
0,0.210094423,63,0,0.289451758,6000.0,10,0,0,0,0.0,0.17923297
0,0.943148197,53,0,0.322891566,7884.0,5,0,2,0,0.0,0.4229976
0,0.157965756,63,0,0.222686784,5500.0,12,0,0,0,0.0,0.20573086
0,0.089291071,26,0,0.665042631,820.0,3,0,0,0,0.0,0.094284356
0,0.763671471,53,0,0.934120854,2200.0,7,0,1,0,4.0,0.41936994
0,0.727267046,39,2,0.292958149,7000.0,9,0,1,0,2.0,0.76159406
0,0.0,88,0,0.0,3600.0,2,0,0,0,0.0,0.080158085
0,0.189976667,49,0,0.178583886,14334.0,5,0,1,0,2.0,0.102009386
0,0.022873579,34,0,0.351778656,4300.0,8,0,1,1,0.0,0.4331423
0,0.242714339,46,0,0.196960608,5000.0,12,0,1,0,3.0,0.22514434
0,0.667622644,47,0,0.714985931,11016.0,20,0,2,0,0.0,0.7114118
0,0.333666334,25,0,0.181225554,2300.0,3,0,0,0,0.0,0.31699267
0,2.137260249,43,1,0.571785658,6400.0,15,0,1,0,1.0,0.899959
0,0.048047184,58,0,0.00379962,10000.0,8,0,0,0,2.0,0.1008571
0,0.9999999,28,0,0.119359534,2060.0,1,0,0,0,3.0,0.7395727
0,0.9999999,53,0,0.15185624,5063.0,3,1,0,0,1.0,0.84773225
0,0.584464071,50,0,0.234150093,9100.0,4,0,0,0,2.0,0.37146026
0,0.09101621,38,0,0.169040657,10600.0,11,0,2,0,4.0,0.13286689
0,0.001023337,63,0,0.000166639,6000.0,5,0,0,0,0.0,0.05088293
0,0.337710819,49,0,0.372872197,3700.0,10,0,0,0,3.0,0.3191033
0,0.221120452,46,0,0.316535223,7480.0,5,0,1,0,2.0,0.14220682
1,0.63340754,67,0,0.675243301,7500.0,25,0,2,0,0.0,0.4105097
0,0.991885666,55,0,0.188937021,3000.0,2,0,0,0,2.0,0.6104043
0,0.072468457,46,0,0.610677864,5000.0,10,0,1,0,0.0,0.23468232
0,0.001700565,80,0,0.0,5085.0,4,0,0,0,0.0,0.005664808
0,0.128624896,79,0,0.215196201,4000.0,6,0,2,0,0.0,0.05391614
0,0.018173093,69,0,0.18648446,12000.0,15,0,3,0,1.0,0.16199304
0,0.9999999,60,5,0.28667833,4000.0,7,1,1,2,0.0,0.9515685
0,0.193549073,54,0,0.528481748,4300.0,11,0,2,0,2.0,0.27606025
0,0.767169982,47,0,0.317329638,12267.0,10,0,1,0,3.0,0.30600423
0,0.320172892,46,0,0.456443485,8333.0,10,0,3,0,2.0,0.28540856
0,0.01066602,43,0,0.001922338,2600.0,3,0,0,0,0.0,0.08736684
0,0.0,53,0,0.0,5000.0,1,0,0,0,0.0,0.18504779
0,1.422885572,40,1,0.275089964,2500.0,5,1,0,2,0.0,0.95057935
0,0.0,36,0,0.756659142,2214.0,7,0,1,0,0.0,0.13430023
0,0.272465942,57,0,0.036481759,2000.0,1,0,0,0,0.0,0.2565264
0,0.00881727,43,0,0.546184739,5726.0,5,0,2,0,4.0,0.08976189
0,0.046134512,56,0,0.010864278,12333.0,7,0,0,0,2.0,0.04066316
0,0.899400092,31,0,0.087456272,2000.0,1,0,0,0,0.0,0.5931297
0,0.53046595,59,0,0.334817245,8535.0,10,0,2,0,0.0,0.24303633
0,0.296212706,44,0,0.420052083,7679.0,15,0,3,0,2.0,0.33875945
0,0.676388237,34,0,0.465946363,5182.0,11,0,1,0,3.0,0.5613249
0,0.008747266,21,0,0.0,0.0,2,0,0,0,0.0,0.016571041
0,0.094938384,57,0,0.236189285,4796.0,7,0,1,0,1.0,0.08901283
0,0.254016954,33,0,0.293594965,2700.0,6,0,0,0,0.0,0.25870296
0,0.446755324,54,0,0.231292517,3674.0,8,0,1,0,0.0,0.20308386
0,0.021100487,51,0,0.180963807,5000.0,8,0,0,0,0.0,0.10525525
0,0.114747131,79,0,137.0,0.0,4,0,0,0,0.0,0.08656642
0,0.013461883,49,0,0.003771622,7688.0,5,0,0,0,0.0,0.08895903
0,0.067940516,74,1,0.476904619,5000.0,12,0,3,0,0.0,0.42051575
0,0.9999999,43,1,0.269614836,2803.0,3,1,0,0,1.0,0.8932419
0,0.516494502,27,2,0.215261579,3000.0,3,0,0,0,0.0,0.7565225
0,0.714971337,47,0,0.247845741,14157.0,7,0,2,0,0.0,0.33512425
0,0.476356933,36,0,0.683967705,1733.0,7,0,0,0,3.0,0.38723361
0,0.001496976,72,0,0.000475964,2100.0,8,0,0,0,0.0,0.008485696
1,0.976540123,48,0,0.624673127,6500.0,13,0,1,1,2.0,0.87657905
0,0.181678332,51,0,0.386722655,5000.0,8,1,2,1,0.0,0.7994616
0,0.124125125,29,0,0.017321785,1500.0,3,0,0,0,0.0,0.16337804
0,0.117812015,80,0,0.247252747,2729.0,9,0,1,0,0.0,0.17915393
0,0.35638314,45,0,0.508621939,6900.0,7,0,2,0,0.0,0.21052961
1,0.9999999,31,0,0.084741728,4200.0,5,0,0,0,0.0,0.5218869
0,0.006815807,32,0,0.004997501,2000.0,12,0,0,0,0.0,0.16299678
0,0.200536987,43,0,0.06256696,4666.0,4,0,0,0,3.0,0.21470286
0,0.0,80,0,0.0,12500.0,2,0,0,0,0.0,0.03811249
0,0.523655191,55,1,0.461359154,5576.0,9,0,1,0,2.0,0.5573407
0,0.074210997,58,0,0.536526367,6200.0,12,0,2,0,0.0,0.1930941
1,1.043912176,50,0,0.083194676,600.0,2,0,0,0,0.0,0.7544821
0,0.239732166,49,0,0.234298332,4075.0,11,0,1,0,3.0,0.16701278
1,0.577753286,52,1,0.553194813,6400.0,10,0,1,1,0.0,0.8188054
1,0.9999999,52,0,0.0,4200.0,0,1,0,0,5.0,0.95187825
0,0.434842424,48,0,0.229601112,9350.0,9,0,1,0,2.0,0.27441674
0,0.776843541,62,0,0.115647392,6000.0,1,1,0,1,0.0,0.887677
0,0.122294172,43,0,0.417146319,3300.0,19,0,2,0,1.0,0.3112912
0,0.689661881,30,0,0.525148391,3200.0,7,0,1,0,0.0,0.4481931
0,0.0,51,0,0.312811227,4417.0,12,0,1,0,0.0,0.14836642
0,0.9999999,55,0,0.037892791,3245.0,1,0,0,0,0.0,0.623903
0,0.203570137,39,0,0.132285714,13999.0,9,0,1,0,3.0,0.19124286
0,0.128347826,56,0,0.361540598,10800.0,14,0,3,0,2.0,0.16230005
0,0.532553036,35,0,0.006143214,10417.0,3,0,0,0,0.0,0.19991605
0,0.972462026,50,0,0.154880931,5500.0,4,0,0,0,3.0,0.5599051
0,0.322485207,41,1,0.360104048,6150.0,11,0,2,1,0.0,0.7482231
0,0.538922156,33,0,0.089734211,4100.0,3,0,0,0,0.0,0.36702007
0,0.035712585,38,0,0.378550329,4400.0,4,0,1,0,2.0,0.0750503
0,0.715918314,90,0,0.245709431,5884.0,12,0,0,1,0.0,0.5976925
0,0.093945242,69,0,1.487229862,3053.0,17,0,4,0,0.0,0.35670927
0,0.021175338,45,0,0.515562511,5750.0,10,0,1,0,1.0,0.09667816
0,0.027395753,47,0,0.112791831,23600.0,13,0,1,0,2.0,0.042981327
0,0.030174411,68,0,0.025674865,8334.0,13,0,1,0,1.0,0.036725227
0,0.05318866,33,0,0.139355502,5833.0,5,0,0,0,0.0,0.07759194
0,0.261883504,50,0,0.503073286,16919.0,5,0,1,0,2.0,0.18290947
0,0.124904105,39,0,0.172877659,5500.0,17,0,0,0,0.0,0.15182829
0,0.018475839,44,2,0.300465437,5800.0,12,0,1,0,1.0,0.35324007
0,0.496422675,45,0,0.476841518,3583.0,9,0,1,0,0.0,0.34066233
0,0.277749874,50,2,0.49212051,8629.0,15,0,2,0,2.0,0.47615147
0,0.9999999,23,0,0.0,0.0,1,0,0,0,0.0,0.4079393
0,0.016352573,71,0,0.105463787,10230.0,12,0,1,0,0.0,0.04595802
0,0.025867738,60,0,0.754385965,2621.0,13,0,2,0,0.0,0.1983381
0,0.374232253,31,0,0.262931034,6727.0,4,0,1,0,1.0,0.12127152
0,0.603396286,54,0,0.170845624,4067.0,4,0,0,0,1.0,0.3961489
0,0.96402056,30,0,0.129826897,1501.0,7,0,0,0,1.0,0.69263214
0,0.016672271,61,0,0.011544586,2511.0,7,0,0,0,0.0,0.171341
0,0.006644518,64,0,0.0,3500.0,1,0,0,0,0.0,0.030869227
0,0.247857328,25,1,0.115561118,4793.0,7,0,0,0,1.0,0.6172521
0,0.0,55,0,0.0,5500.0,4,0,0,0,2.0,0.06545795
0,0.147292635,40,0,0.067548418,6350.0,2,0,1,0,2.0,0.13941416
0,0.693515201,44,0,0.204202565,25650.0,6,0,2,0,3.0,0.2685353
0,0.9999999,36,1,0.206367162,6187.0,2,2,0,0,2.0,0.92047906
0,0.901073262,48,1,0.478420263,6000.0,12,0,1,0,2.0,0.72596276
0,0.247389596,44,0,0.165041398,5434.0,4,0,0,0,3.0,0.18391626
0,0.029445248,58,0,0.130215773,13300.0,8,1,1,0,1.0,0.5394309
1,0.931206879,44,2,0.84107946,2000.0,3,0,0,2,2.0,0.9274465
0,0.067670167,58,0,0.158514816,2800.0,8,0,1,0,0.0,0.117862634
0,0.9999999,41,0,0.820877236,4080.0,7,0,3,0,0.0,0.5210122
0,0.220018353,35,0,0.182088395,15475.0,9,0,1,0,2.0,0.1792451
0,0.239586779,31,0,0.376803314,7000.0,15,0,2,0,1.0,0.40658334
0,0.360317098,66,0,0.345228934,10395.0,12,0,1,0,1.0,0.15249382
0,0.139931167,71,0,0.265500152,9886.0,19,0,1,0,0.0,0.15013412
0,0.047664901,43,0,0.730142031,1900.0,6,0,1,0,0.0,0.15735194
0,0.03133737,87,0,0.177004096,6835.0,8,0,1,0,0.0,0.041858565
0,0.208065125,68,0,0.440327238,6233.0,7,0,1,0,0.0,0.10381296
0,0.666223076,62,0,0.336207713,10552.0,10,0,2,0,1.0,0.2711429
0,0.143769791,73,0,0.03006638,2560.0,4,0,0,0,0.0,0.07567196
0,0.405243279,38,1,0.159493671,3159.0,5,0,0,0,3.0,0.5176113
0,0.150387347,29,0,0.132314025,3400.0,12,0,0,0,0.0,0.21102232
1,0.698265087,52,0,0.321279787,6000.0,22,0,1,0,0.0,0.6252932
0,0.326997203,58,0,0.35588843,7743.0,19,0,1,0,0.0,0.25801405
0,0.101438809,41,1,0.067866517,8000.0,7,0,0,0,1.0,0.38030994
0,0.02631359,78,0,0.140204271,14000.0,11,0,2,0,0.0,0.1570767
0,0.9999999,46,0,0.4455081,2715.0,5,0,1,0,3.0,0.57389456
0,0.007848247,75,0,0.498800959,1667.0,7,0,1,0,0.0,0.059339825
0,0.452043945,51,0,0.929395478,4333.0,26,0,2,0,2.0,0.6680274
0,0.30324175,37,0,0.49996961,16452.0,18,0,3,0,2.0,0.5689128
0,0.538935927,55,0,2.046031889,11100.0,27,0,10,0,1.0,0.56274915
0,0.102657816,75,0,0.40029985,2000.0,10,0,1,0,0.0,0.109816104
0,0.903942254,28,2,0.043018254,8600.0,4,0,0,0,0.0,0.81175196
0,0.536707823,56,0,0.888602941,2719.0,12,0,2,0,0.0,0.5585656
0,0.008354569,74,0,0.493182478,3446.0,10,0,1,0,0.0,0.101550505
0,0.004734409,77,0,4.277870216,600.0,7,0,2,0,0.0,0.0421765
0,0.9999999,63,0,0.403797006,5477.0,4,1,1,0,0.0,0.81452674
0,0.045758364,57,0,0.297343703,9900.0,15,0,2,0,2.0,0.116108
0,0.050977337,70,0,0.38787071,3000.0,9,0,1,0,4.0,0.13261335
0,0.009605653,65,0,0.271490507,6688.0,5,0,1,0,0.0,0.037809454
0,0.034369522,48,0,0.435831358,9700.0,13,0,3,0,2.0,0.17026165
0,0.001705958,54,0,0.153808146,14166.0,8,0,1,0,1.0,0.03191293
0,0.024719011,51,0,0.007197121,2500.0,3,0,0,0,0.0,0.101473175
0,0.359724542,47,0,0.342283503,4133.0,9,0,1,0,2.0,0.28970915
1,1.026906645,46,1,0.744130042,4982.0,13,1,3,1,2.0,0.9662167
0,0.144514668,35,0,0.040647968,20000.0,6,0,0,0,0.0,0.21106072
1,0.798896647,54,3,0.586834419,4450.0,12,0,2,0,0.0,0.8622504
0,0.663962369,68,1,0.538387966,11500.0,9,0,2,0,0.0,0.45383206
0,0.023975407,81,0,0.367211219,6916.0,9,0,1,0,0.0,0.09882065
0,0.942853468,65,1,0.375104428,13166.0,14,0,2,0,0.0,0.62304
0,0.30737578,52,0,0.103844191,11757.0,10,0,0,0,0.0,0.23740414
0,0.356665733,58,0,0.576789751,6634.0,4,0,1,0,1.0,0.18969034
0,0.106826571,61,0,0.242064551,7497.0,6,0,1,0,0.0,0.06739801
0,0.635424305,44,0,0.316028553,1540.0,3,0,0,0,0.0,0.43773827
0,0.084363904,83,0,0.018296341,3333.0,3,0,0,0,0.0,0.06302947
0,0.0,78,0,0.14126201,3850.0,9,0,0,0,0.0,0.120752685
0,0.557533427,37,1,0.697151424,3334.0,11,0,1,0,2.0,0.60176885
0,0.622783002,29,0,0.311302416,3600.0,7,0,0,0,0.0,0.41498026
1,1.34620506,74,1,0.124943208,2200.0,5,3,0,1,0.0,0.96548635
0,0.0620587,65,0,0.123350132,8333.0,11,0,2,0,0.0,0.08686279
0,0.034371875,66,0,0.233992328,10166.0,8,0,1,0,0.0,0.059825603
1,0.5502998,51,0,109.0,0.0,3,0,0,0,0.0,0.5008583
0,0.105141465,42,0,0.438832859,12988.0,17,0,5,0,3.0,0.3354966
0,0.573724845,37,0,0.764705882,2600.0,4,1,1,0,0.0,0.7998579
0,0.793771482,60,3,0.238233585,6883.0,6,0,1,0,0.0,0.7238126
0,0.311073382,61,1,1.756552283,3700.0,11,0,1,0,1.0,0.4897064
0,0.049620281,65,0,0.0206045,13200.0,8,0,0,0,1.0,0.051215805
0,0.0,40,0,0.226477249,4856.0,3,0,0,0,2.0,0.14944936
0,0.48410106,34,0,0.342573438,4833.0,3,0,1,0,3.0,0.2714279
0,0.236275993,45,0,0.110915656,10800.0,14,0,1,0,2.0,0.16201203
0,0.044020543,40,0,0.255432609,7500.0,10,0,2,0,3.0,0.1132068
0,0.046041605,71,0,0.301604116,6607.0,7,0,1,0,0.0,0.04819506
0,0.5855945,28,0,0.052491798,6400.0,4,0,0,0,0.0,0.39034364
0,0.585215513,49,0,0.199678586,7466.0,7,0,1,0,2.0,0.27758607
1,0.683305336,32,0,0.18376948,3400.0,3,0,0,0,0.0,0.38362628
0,0.122540025,53,0,0.766893243,2500.0,10,0,1,0,0.0,0.21545324
0,0.411038738,27,0,0.106360349,4700.0,4,0,0,0,1.0,0.33472502
0,0.121128899,50,0,0.369907523,4000.0,11,0,1,0,0.0,0.17931172
0,0.9999999,44,0,0.316912206,15000.0,5,0,1,0,2.0,0.39402953
0,0.125823247,52,0,0.180296811,9500.0,4,0,1,0,2.0,0.1475455
0,0.0,46,0,0.192100987,8000.0,3,0,1,0,1.0,0.12777892
0,0.315368739,54,0,0.80705369,8250.0,9,0,2,0,3.0,0.35834694
0,0.018553494,32,2,0.208090504,5833.0,6,0,1,0,0.0,0.40167707
0,0.015881861,53,0,0.106304836,4900.0,6,0,1,0,1.0,0.09160035
0,0.126215625,72,0,0.555907349,6000.0,12,0,3,0,1.0,0.19327441
0,0.0,38,0,0.251762595,7800.0,7,0,2,0,3.0,0.09719083
0,0.117246352,37,0,0.391888649,8333.0,16,0,2,0,1.0,0.28207317
0,0.088874528,68,1,0.225798388,16000.0,8,0,2,0,1.0,0.12728898
0,0.024094856,43,2,0.257659387,12500.0,6,0,2,0,0.0,0.28340784
0,0.58657142,76,0,0.585473117,7048.0,21,0,2,0,1.0,0.3796139
0,0.008715936,65,0,0.018490755,2000.0,15,0,0,0,0.0,0.18050061
0,0.371316306,45,0,0.280669571,4360.0,11,0,2,0,0.0,0.27047566
0,0.920950745,39,1,0.596202003,4791.0,9,0,1,0,4.0,0.8230036
0,0.483450351,34,0,0.419770774,5583.0,12,0,2,0,1.0,0.45690194
0,0.9999999,63,1,0.598890302,8650.0,5,0,1,0,2.0,0.5879728
0,0.094588023,66,0,0.466935625,5700.0,12,0,3,0,0.0,0.19641647
0,0.207948016,44,0,0.142482975,9544.0,10,0,0,0,2.0,0.15551473
0,0.056200048,51,0,0.241158319,12638.0,13,0,2,0,1.0,0.07519528
0,0.204847388,36,0,0.898431552,6566.0,6,0,2,0,2.0,0.31534374
0,0.055786188,86,0,0.356261023,1700.0,7,0,1,0,0.0,0.049284592
0,0.072582643,48,0,0.235464231,13139.0,16,0,4,0,1.0,0.33236384
0,0.310980564,29,0,0.081781009,2200.0,6,0,0,0,2.0,0.3870211
0,0.182239587,51,0,0.465585969,3762.0,9,0,2,0,0.0,0.21969041
0,0.036883313,44,1,0.629757785,1733.0,11,0,0,1,0.0,0.73764396
0,0.125109361,40,0,0.322197055,5297.0,7,0,1,0,2.0,0.1632422
0,0.215326947,37,0,0.184195347,5200.0,3,0,0,0,2.0,0.17707554
0,0.9999999,31,0,0.041016753,1730.0,2,0,0,0,2.0,0.7164195
0,0.079776005,44,0,0.172341383,20000.0,6,0,2,0,2.0,0.08147203
0,0.9999999,38,0,0.379775853,3925.0,3,0,1,0,1.0,0.47548068
1,0.106560703,67,1,0.39822675,5300.0,15,2,2,0,0.0,0.8699211
0,0.030159058,74,0,0.010664297,4500.0,5,0,0,0,0.0,0.025659723
0,0.163472755,68,0,0.167275524,5200.0,6,0,1,0,1.0,0.067088485
0,0.536105965,53,0,0.418969998,8465.0,10,0,2,0,0.0,0.30093727
0,0.250681694,27,0,0.10475793,2395.0,4,0,0,0,0.0,0.2786225
0,0.210587109,37,0,1.405297351,2000.0,7,0,2,0,1.0,0.3003402
0,0.094098607,69,0,0.907680807,5350.0,6,0,3,0,0.0,0.1321356
0,0.018696843,75,0,0.018495376,4000.0,13,0,0,0,0.0,0.042195797
0,0.022606238,36,0,0.367213693,5666.0,5,0,2,0,1.0,0.0844077
0,0.191355297,66,0,0.197053407,3800.0,10,0,0,0,0.0,0.19377609
0,0.543300313,86,0,0.494457831,6224.0,15,0,2,0,0.0,0.37594372
0,1.14689216,49,1,0.293685316,6666.0,6,0,0,0,1.0,0.86395985
0,1.074633496,35,3,0.169305116,6000.0,3,0,0,1,0.0,0.9058428
0,0.133249616,30,0,0.033986405,2500.0,5,0,0,0,0.0,0.11600954
0,0.076972671,50,0,0.23446487,8866.0,14,0,2,0,1.0,0.1353555
0,0.065696709,63,0,0.404865045,3000.0,11,0,2,0,0.0,0.22586456
0,0.483899535,58,0,0.157024793,3750.0,8,0,0,0,0.0,0.2996201
0,0.0,43,0,0.418045471,8400.0,15,0,3,0,1.0,0.3368928
0,0.9999999,36,0,0.51109778,3333.0,4,0,2,0,0.0,0.41346282
0,0.080782983,60,0,0.072157931,5875.0,9,0,0,0,0.0,0.14010061
0,0.016717091,52,0,0.20629895,6000.0,5,0,1,0,0.0,0.07028295
0,0.202979228,43,0,0.504642194,7000.0,9,0,2,0,1.0,0.24958076
1,0.173902309,53,0,1.079730067,4000.0,10,0,2,0,2.0,0.39586946
0,0.9999999,79,0,0.0,4000.0,1,0,0,0,0.0,0.14892441
0,0.540204354,34,0,0.034395414,7500.0,3,1,0,0,0.0,0.6947101
0,0.014192575,35,0,0.06427379,2395.0,4,0,0,0,0.0,0.06956074
0,0.01676191,64,0,0.201772324,4400.0,14,0,1,0,0.0,0.06290883
0,0.568102621,37,0,0.151588944,8212.0,11,0,0,0,2.0,0.41939256
0,0.989247312,59,0,0.033057851,1451.0,2,0,0,0,0.0,0.51807326
0,0.9999999,36,0,0.081669419,6660.0,3,0,0,0,0.0,0.45772585
0,0.769046191,78,0,0.26183844,1435.0,6,0,1,0,0.0,0.2317359
0,1.94011976,29,0,0.156238827,2796.0,3,1,0,2,0.0,0.86643153
0,0.171427942,81,0,0.053394997,4756.0,11,0,0,0,0.0,0.097674854
0,0.976531824,32,0,0.264078812,6800.0,6,0,0,0,2.0,0.46162972
0,0.086363926,28,0,0.085092202,4500.0,7,0,0,0,0.0,0.19067492
0,0.307101422,79,0,0.591684975,5916.0,16,0,1,0,1.0,0.35708976
0,0.003717472,38,0,0.449420232,2500.0,8,0,1,0,1.0,0.09043461
0,0.36300583,48,0,0.531797456,4166.0,8,0,2,0,0.0,0.28634703
0,0.999933775,26,0,0.21579274,6445.0,5,0,0,0,0.0,0.43171734
0,0.069032664,66,0,0.11776558,14392.0,11,0,3,0,0.0,0.11266966
0,0.022744197,55,0,0.20550406,13916.0,12,0,2,0,2.0,0.0682599
1,0.910699535,69,5,95.30092237,2601.0,14,1,2,5,1.0,0.958936
0,0.034203095,33,0,0.006665741,7200.0,5,0,0,0,2.0,0.10357588
0,0.586755013,43,0,0.455341506,2283.0,5,0,0,0,0.0,0.43442008
1,0.325548857,49,0,0.480425979,6666.0,9,0,2,0,0.0,0.28085396
0,0.307807683,34,0,0.118822876,1800.0,8,0,0,0,0.0,0.2861609
0,0.06037487,42,0,0.578676723,5833.0,17,0,2,0,2.0,0.25072572
0,0.177142521,77,0,0.294988315,3850.0,16,0,1,0,0.0,0.11654722
0,0.170209614,29,1,0.17960255,8000.0,4,0,1,1,0.0,0.57053804
0,0.766382968,45,0,0.516721793,5441.0,11,0,2,0,2.0,0.55554
0,0.3317585,42,1,0.459490344,8750.0,12,0,2,0,1.0,0.46117637
0,0.008332778,81,0,0.00119952,2500.0,5,0,0,0,1.0,0.017944215
0,0.196468417,32,0,0.476511655,8450.0,8,0,6,0,0.0,0.48351353
0,0.098866918,46,1,1.178056594,3745.0,17,0,2,0,3.0,0.506058
0,0.407393611,50,0,0.8148783,5833.0,14,0,2,0,2.0,0.51411664
0,0.131316739,42,0,0.075191225,6928.0,5,0,0,0,5.0,0.19632438
0,0.009055052,30,0,0.247365502,3605.0,6,0,2,0,1.0,0.08062926
0,0.043349437,64,1,0.342299578,7583.0,11,0,3,0,0.0,0.38830504
0,0.757521408,58,0,0.838231891,4320.0,17,0,3,0,0.0,0.6275537
0,0.295126775,62,0,0.187152251,9884.0,4,0,1,0,2.0,0.10033252
1,0.01557659,80,0,0.364702673,3665.0,11,0,2,0,1.0,0.15332094
0,0.0,44,0,0.51697563,4800.0,11,0,2,0,0.0,0.16880365
0,0.0,63,0,0.419131411,5341.0,4,0,2,0,0.0,0.11055579
0,0.142285771,41,0,0.393537034,6250.0,4,0,2,0,0.0,0.16653766
0,5.85e-05,25,0,0.0,4800.0,4,0,0,0,0.0,0.18812732
0,0.093838765,52,0,0.197395735,15896.0,14,0,2,0,1.0,0.09935006
0,0.843719867,51,1,0.328709288,9947.0,15,0,2,0,1.0,0.65723884
0,0.0,47,0,0.508913555,2972.0,3,0,1,0,0.0,0.16709238
0,0.0,87,0,0.0,6358.0,3,0,0,0,0.0,0.17806883
0,0.183448986,46,0,0.325100431,6720.0,4,0,1,0,2.0,0.12106071
0,0.524744555,55,1,0.227128812,6000.0,6,0,1,0,1.0,0.512826
0,0.00287977,68,0,0.000215796,4633.0,2,0,0,0,0.0,0.0111663
0,0.019338009,50,0,0.108506257,12625.0,8,0,3,0,1.0,0.08807194
0,0.097445687,50,1,0.00959808,3333.0,1,0,0,0,0.0,0.32679567
0,0.087932011,39,0,1.206825233,2900.0,7,0,2,0,0.0,0.28462964
0,0.282686925,40,0,0.008396641,2500.0,2,0,0,0,0.0,0.18113042
0,0.978776529,54,0,0.162123894,2824.0,5,0,0,0,1.0,0.59990025
0,0.166911079,27,0,0.265425715,2900.0,8,0,0,0,0.0,0.404165
0,0.673093688,65,3,0.34004217,5216.0,10,0,1,0,0.0,0.7303988
0,0.684870635,56,0,0.412725357,17083.0,18,0,2,0,2.0,0.40342298
0,0.190851144,60,0,0.007790859,5775.0,2,0,0,0,0.0,0.1251559
0,0.027194561,55,0,0.306432281,7508.0,5,0,2,0,1.0,0.062435023
0,0.038416346,35,0,0.766420085,4460.0,12,0,2,0,0.0,0.35912362
1,0.9999999,44,2,0.424921794,1917.0,2,1,1,0,1.0,0.9113654
0,0.0,21,0,2.0,1.0,1,0,0,0,0.0,0.020837173
0,0.051284039,68,0,0.016683808,8750.0,8,0,0,0,1.0,0.04420602
0,0.177446234,39,0,0.124487551,10000.0,11,0,2,0,2.0,0.20632702
0,0.004391179,63,0,0.007065217,1839.0,10,0,0,0,0.0,0.17751548
0,0.100364175,27,0,0.520594611,3228.0,8,0,2,0,0.0,0.3958809
1,0.836081959,50,1,0.513249878,6150.0,7,4,2,1,1.0,0.9625846
0,0.014093623,63,0,0.169115173,8916.0,12,0,1,0,0.0,0.060974613
0,0.009965174,36,0,0.199746755,3158.0,4,0,0,0,1.0,0.093431115
0,0.04495646,63,0,0.15240501,9500.0,4,0,1,0,0.0,0.04304177
0,0.586048869,63,1,0.438624893,10500.0,15,0,2,0,0.0,0.5028661
0,0.108918847,31,0,0.067733067,4000.0,2,0,0,0,1.0,0.10451998
0,0.044283533,72,0,0.157464213,1466.0,6,0,0,0,1.0,0.09415743
0,0.425048367,57,0,0.656557998,7913.0,10,0,2,0,1.0,0.30132484
0,0.218799105,80,0,0.86372909,2450.0,12,0,2,0,0.0,0.24808414
0,0.604700506,66,0,0.592992561,4166.0,15,0,1,0,0.0,0.41357356
0,1.045187528,50,0,0.043478261,6416.0,10,0,0,0,2.0,0.8030438
0,0.384872913,54,0,0.209786569,7683.0,8,0,2,0,3.0,0.11171536
0,0.9999999,35,1,0.143971206,5000.0,2,0,0,0,2.0,0.7773257
0,0.066168159,32,0,0.741051028,1312.0,6,0,0,0,2.0,0.26911896
0,0.043048987,49,2,0.530791789,3750.0,18,0,1,0,2.0,0.6204954
0,0.037672101,47,0,0.318266639,9645.0,20,0,1,0,1.0,0.11699687
0,0.0,77,0,0.094458907,2688.0,3,0,1,0,0.0,0.16138467
1,0.563621139,68,0,0.373260738,9917.0,6,0,1,0,0.0,0.19053951
1,0.9999999,55,0,0.426770969,2300.0,3,0,1,0,0.0,0.45060873
0,0.645229198,46,0,0.412210271,6600.0,6,0,1,0,3.0,0.35963854
0,0.053582829,68,0,0.338016752,3700.0,9,0,1,0,1.0,0.09702683
0,0.716866949,35,0,0.465606128,6788.0,4,0,1,0,0.0,0.31157285
0,0.038803293,75,0,44.0,0.0,11,0,0,0,0.0,0.110981524
0,0.768019669,59,0,0.326451194,9250.0,16,0,2,0,0.0,0.4248578
0,0.937042219,37,0,0.179018287,3116.0,9,0,0,0,5.0,0.5532356
0,0.310524624,48,0,0.737641977,6250.0,8,0,3,0,3.0,0.48634675
0,0.091781422,56,0,0.166786657,8333.0,7,0,2,0,0.0,0.082116656
1,0.827283945,46,0,0.58060245,3020.0,5,0,2,0,3.0,0.54906374
0,0.01030976,32,0,0.34487683,2800.0,11,0,1,0,0.0,0.2761562
1,1.836327345,35,2,0.042281219,3050.0,3,1,0,0,4.0,0.94862527
0,0.000763228,57,0,0.169749009,9083.0,5,0,1,0,1.0,0.060583595
0,0.394674709,59,1,0.370189513,8600.0,20,0,2,1,0.0,0.7158067
0,0.0,71,0,0.114496548,4200.0,9,0,0,0,0.0,0.056554113
0,0.009982676,73,0,0.169719828,3711.0,6,0,1,0,0.0,0.051630933
0,0.052063417,53,0,0.152718116,6750.0,12,0,1,0,0.0,0.09367778
0,0.985355015,32,0,0.133402995,2870.0,4,1,0,0,2.0,0.88384825
0,0.400644885,47,0,0.101305042,10650.0,10,0,1,1,1.0,0.46793896
0,1.095904096,36,0,0.616582684,2182.0,6,0,1,2,0.0,0.9226265
0,0.9999999,64,0,0.601258793,2700.0,3,0,2,0,0.0,0.3602656
0,0.109797106,79,0,0.166941653,6666.0,9,0,2,0,0.0,0.09443374
0,0.126449748,58,0,0.090651558,6000.0,8,0,1,0,0.0,0.101991296
0,0.0,37,0,0.331836887,2672.0,3,0,0,0,3.0,0.19528295
0,0.024049599,75,0,0.092473357,9007.0,8,0,1,0,0.0,0.04499054
0,0.046498339,56,0,0.330417396,4000.0,8,0,1,0,0.0,0.107087895
0,0.0,36,0,0.230923026,3000.0,3,0,0,0,4.0,0.24513443
0,0.108047089,24,0,0.00479904,5000.0,3,0,0,0,0.0,0.11666241
0,0.0,82,0,0.044147054,6500.0,10,0,0,0,0.0,0.26207915
0,0.004877454,49,0,0.716054061,7916.0,7,0,3,0,0.0,0.1939853
0,0.088051434,45,0,0.312464493,8800.0,9,1,2,0,0.0,0.67731917
1,0.004188394,73,0,0.328009663,7450.0,6,0,3,0,0.0,0.090347596
0,0.0,35,0,0.366605566,6000.0,5,0,1,0,0.0,0.10432206
0,0.025159241,77,0,0.185226998,12400.0,7,0,2,0,0.0,0.042823937
0,0.393661623,50,0,0.226617913,22698.0,8,0,3,0,4.0,0.1308313
0,0.072951792,47,1,0.599812559,3200.0,9,0,1,0,0.0,0.5306355
0,0.035906742,40,0,0.310196336,13700.0,12,0,2,0,3.0,0.12666777
0,0.483092668,55,1,0.40916338,11916.0,9,0,2,0,1.0,0.3934625
0,0.000804863,79,0,0.179293795,2916.0,6,0,1,0,0.0,0.08745812
0,0.795758864,45,0,1.398212359,6488.0,11,0,1,0,0.0,0.69839454
1,0.275816123,37,1,0.131420639,2160.0,5,0,0,0,4.0,0.6315051
0,0.0,56,0,0.029599731,2972.0,5,0,1,0,1.0,0.17399812
0,0.66736391,28,0,0.32537976,14416.0,10,0,2,0,0.0,0.5530833
0,0.903554822,42,0,0.172855521,6166.0,4,0,0,0,1.0,0.51077914
0,0.561655041,68,0,0.484303139,5000.0,10,0,1,0,0.0,0.23044892
0,0.043590058,54,0,0.590704648,2000.0,7,0,1,0,1.0,0.16671425
0,0.072492751,38,0,0.147584201,22000.0,6,0,1,0,2.0,0.07946383
0,0.9999999,26,98,0.0,2305.0,0,98,0,98,0.0,0.9491653
0,0.271030817,49,0,3.214642263,600.0,12,0,2,0,2.0,0.25048253
0,0.0,64,0,0.0,2696.0,2,0,0,0,0.0,0.075203076
0,0.060299985,67,0,0.316566682,6500.0,10,0,2,0,1.0,0.10819592
0,0.006318749,61,0,0.218529152,9055.0,9,0,2,0,1.0,0.06816572
0,0.068063285,52,0,0.226804124,3200.0,12,0,2,0,0.0,0.18712077
0,0.0,56,0,0.136506901,9200.0,3,0,1,0,1.0,0.21204571
0,0.07310705,39,0,0.092329324,6400.0,3,0,0,0,0.0,0.13073666
0,0.9999999,56,0,0.266593727,2741.0,3,0,0,0,1.0,0.6063577
0,0.061698458,48,0,1.327181853,2600.0,6,0,1,0,1.0,0.18521577
0,0.281812558,79,1,0.304637654,10500.0,16,0,2,0,1.0,0.2633318
0,0.096864269,52,0,0.323558814,3000.0,6,0,1,0,1.0,0.16399682
0,0.0,30,0,0.275177026,5083.0,15,0,0,0,0.0,0.16863318
1,0.0,57,0,0.344001842,4342.0,3,1,1,0,1.0,0.81850445
0,0.506491019,45,0,0.441540734,8800.0,21,0,2,0,3.0,0.41556457
0,0.021582814,58,0,0.027044747,6100.0,11,0,0,0,0.0,0.10793902
0,0.012353945,32,0,0.307990047,10850.0,20,0,1,0,2.0,0.2019618
0,0.0,52,0,0.155467154,9300.0,7,0,1,0,2.0,0.13920777
0,1.036330609,52,3,0.239106635,4566.0,10,0,1,0,0.0,0.925472
0,0.04894608,85,0,0.00794841,6667.0,4,0,0,0,0.0,0.064814895
0,0.108492251,46,0,0.15570605,17866.0,7,0,2,0,2.0,0.06969784
0,0.830022664,60,0,0.62633452,5900.0,15,0,2,0,1.0,0.56751615
0,0.254976626,49,0,0.71321499,2534.0,10,0,1,0,0.0,0.27730894
0,0.032097692,56,0,0.23854468,6568.0,12,0,2,0,0.0,0.093669586
0,0.160903748,39,1,0.220696302,8300.0,13,0,2,0,0.0,0.2844332
0,0.627712606,64,0,0.487323944,4969.0,8,0,2,0,0.0,0.20101109
0,0.020376715,52,0,0.099618251,5500.0,6,0,1,0,0.0,0.07538488
0,0.0,53,1,0.735243798,2337.0,20,0,1,0,0.0,0.25531313
0,0.078512703,34,1,0.067477014,6416.0,6,0,0,0,1.0,0.29820088
0,0.9999999,46,2,0.076208178,2151.0,2,0,0,0,0.0,0.8155081
0,0.036762693,51,0,0.345887843,12000.0,13,0,2,0,2.0,0.09188761
0,0.218405106,47,0,0.18020278,9566.0,15,1,2,0,1.0,0.7169336
0,0.181662757,52,0,0.856483618,4333.0,11,0,3,0,0.0,0.46276215
0,0.100578449,36,0,0.087063563,4467.0,8,0,0,0,2.0,0.12853132
0,0.526124098,33,0,0.679553265,2327.0,6,0,1,0,1.0,0.38805795
0,0.00999001,28,0,0.08892222,4666.0,6,0,0,0,0.0,0.14780895
0,0.962853191,47,3,0.149764465,11250.0,14,0,0,0,0.0,0.73767436
1,1.019350677,45,5,0.504165014,10083.0,10,0,1,0,2.0,0.9181833
0,0.010290157,83,0,21.0,0.0,16,0,0,0,0.0,0.08821852
0,0.318223755,70,0,0.333459644,7916.0,21,0,0,0,1.0,0.23767722
0,0.396477572,61,0,0.574570172,2500.0,8,0,1,0,0.0,0.1865799
0,0.612905474,51,0,0.416079196,6666.0,8,0,2,0,4.0,0.35775697
0,0.359987369,45,0,0.634545682,8000.0,10,0,1,0,3.0,0.28017017
0,0.041038867,55,0,0.002042515,13218.0,2,0,0,0,0.0,0.039628085
0,0.104827563,63,0,0.266213224,6321.0,10,0,2,0,2.0,0.110466935
0,0.580193005,30,1,0.158884565,3083.0,7,0,0,0,0.0,0.6049262
0,0.0,36,0,0.786386028,2232.0,4,0,1,0,0.0,0.12714955
0,0.863600351,55,0,0.402224861,16000.0,17,0,2,1,3.0,0.7056455
0,0.155976519,61,0,1.989363878,4888.0,6,0,2,0,1.0,0.19970211
0,0.309121169,60,0,1.124589086,9125.0,11,0,4,0,0.0,0.51052904
0,0.810243651,44,1,0.169094544,3500.0,5,0,0,0,1.0,0.6605156
0,0.061232264,48,0,0.258544465,11761.0,8,0,2,0,2.0,0.06387477
0,0.9999999,35,0,0.631044091,6100.0,7,0,1,0,0.0,0.55067676
0,0.378686523,44,1,0.292815312,7000.0,10,0,2,0,1.0,0.37661663
0,0.048603115,64,0,0.363547995,8229.0,5,0,1,0,0.0,0.06425503
0,0.441091606,34,1,0.582003461,5200.0,12,0,1,0,2.0,0.66860306
0,0.9999999,34,0,0.307057154,7750.0,4,0,1,0,1.0,0.46213448
0,0.053266272,58,0,0.174106241,4950.0,9,0,0,0,0.0,0.12360284
0,0.036636155,62,0,0.046423045,8400.0,16,0,0,0,1.0,0.13256964
0,0.909552261,49,0,4898.0,0.0,6,0,2,0,0.0,0.2490336
0,0.016606425,61,0,0.100281162,3200.0,4,0,1,0,0.0,0.03823695
0,0.957031058,62,0,0.275845352,8250.0,10,0,0,0,1.0,0.46545553
0,0.0,63,2,310.0,0.0,7,0,0,0,0.0,0.09372569
0,0.255492412,58,0,0.233741301,12500.0,11,0,2,0,1.0,0.11796717
0,0.075371162,56,2,0.549626763,7233.0,11,0,2,0,1.0,0.492976
0,0.9999999,44,1,0.0,1300.0,0,0,0,0,1.0,0.8173938
0,0.830715532,46,0,0.457091238,8855.0,12,0,2,0,1.0,0.49716014
0,0.9999999,69,0,0.122741691,7250.0,4,0,1,0,2.0,0.20462424
0,0.89087616,41,0,1.080426572,4500.0,14,0,2,0,1.0,0.7990011
0,0.992909735,48,1,0.180565842,6750.0,6,2,0,1,0.0,0.93225724
0,0.278806894,33,0,0.343331447,5300.0,12,0,2,0,2.0,0.30974513
0,0.0,29,1,0.07782466,4265.0,6,0,0,0,4.0,0.50596523
0,0.9999999,37,1,0.153668666,6500.0,7,3,0,0,1.0,0.9410506
0,0.084376234,62,0,0.135869565,10487.0,15,0,2,0,0.0,0.1345227
0,0.466176564,62,0,0.347741685,7726.0,9,0,2,0,0.0,0.226695
0,0.031462561,39,0,0.694757892,7000.0,8,0,1,0,0.0,0.15538323
0,0.9440028,35,0,0.426866634,6200.0,4,0,1,0,0.0,0.50506973
0,0.193256357,61,0,0.387365328,4083.0,9,0,0,0,1.0,0.23424444
0,0.9999999,62,0,0.391387928,2600.0,1,3,0,0,1.0,0.93634886
0,0.015206056,75,0,0.551349325,2667.0,7,0,1,0,1.0,0.10938534
0,0.400783587,56,0,0.853554445,8200.0,25,0,2,0,0.0,0.3628024
0,0.167627168,60,0,0.406575395,10371.0,7,0,1,0,0.0,0.055504374
0,0.548389401,48,0,0.324711748,9626.0,10,0,2,0,0.0,0.3380732
0,0.083156674,46,0,0.100489951,10000.0,3,0,1,0,3.0,0.083011694
0,0.02291428,32,0,0.680088864,3600.0,11,0,2,0,1.0,0.32055014
0,0.021832758,40,0,0.12095968,3000.0,4,0,0,0,1.0,0.0847409
0,0.149479267,58,0,0.288571067,7900.0,11,0,2,0,0.0,0.12421908
0,0.002296254,77,0,0.203199508,6500.0,4,0,1,0,0.0,0.041098855
0,0.010047155,43,0,0.212874082,7083.0,8,0,1,0,0.0,0.084351994
0,0.021897155,52,0,0.179345652,12500.0,14,0,1,0,3.0,0.072307445
0,4.158841159,29,1,0.560859785,4000.0,9,0,2,1,0.0,0.9054016
0,0.392825651,45,1,0.355171586,12500.0,13,0,2,0,0.0,0.41339853
0,0.0,40,0,0.095580884,5000.0,9,0,0,0,1.0,0.15228048
0,0.195028869,58,1,0.482351765,10000.0,13,0,3,0,1.0,0.36539134
0,0.641613138,50,0,0.461044177,1244.0,14,0,0,0,0.0,0.5691413
0,0.001184715,66,0,0.010699877,5700.0,4,0,0,0,2.0,0.05263815
0,0.008086781,64,0,0.484275586,5500.0,5,0,2,0,0.0,0.06741462
0,0.097763694,68,0,0.340909091,7083.0,20,0,2,0,0.0,0.14860834
0,0.04911906,32,0,0.403718878,6345.0,10,0,3,0,3.0,0.5151602
0,0.160388279,49,0,0.10456155,4800.0,14,0,0,0,2.0,0.22572468
0,0.518124698,55,0,1.541009464,633.0,12,0,0,0,0.0,0.5080592
0,0.572633552,33,0,0.589558696,3466.0,10,0,1,0,3.0,0.54049796
0,0.644534389,37,0,0.201932066,6417.0,6,0,0,0,0.0,0.34282073
0,0.344254638,39,1,0.200872506,20400.0,16,0,2,0,0.0,0.3721682
0,0.824750019,57,0,407.0,0.0,7,1,0,0,0.0,0.53533304
0,0.094131239,78,0,0.257000903,2213.0,19,0,1,0,0.0,0.14181945
0,0.017571324,61,1,0.412381891,17250.0,9,0,2,0,1.0,0.19147559
0,0.0,84,0,0.0,2500.0,7,0,0,0,0.0,0.07700187
0,0.31064078,44,0,0.242025075,6300.0,7,0,0,0,2.0,0.2742673
0,0.119931835,74,0,0.028030994,4387.0,14,0,0,0,0.0,0.19586171
0,0.012218138,71,0,0.194061506,6600.0,8,0,1,0,0.0,0.03169621
0,0.060024084,56,0,0.290814474,16525.0,13,0,2,0,5.0,0.06944801
0,0.660111565,51,0,0.572778828,4231.0,8,0,1,0,0.0,0.49932986
0,0.491658682,69,0,0.549782798,5754.0,7,0,1,0,0.0,0.16122447
0,0.006992673,50,0,1754.5,1.0,14,0,2,0,0.0,0.048391115
0,0.110756197,63,0,0.230316015,5600.0,4,0,1,0,0.0,0.08226894
0,0.0,71,0,0.359308771,3066.0,4,0,1,0,0.0,0.13549833
0,0.35256669,37,0,0.11502993,6180.0,5,0,0,0,0.0,0.20878826
0,0.172355315,80,0,0.176173698,10500.0,20,0,1,0,0.0,0.1823871
0,0.909291523,45,0,0.50862069,17631.0,15,0,2,0,0.0,0.6080291
0,0.017346258,74,2,0.135303266,5143.0,10,0,1,1,0.0,0.71754336
0,0.243750169,71,0,0.138226129,21500.0,14,0,2,0,0.0,0.083407484
0,0.201732069,52,0,0.41301567,6253.0,11,0,1,0,0.0,0.2018032
0,0.009235196,70,0,0.124915749,4450.0,17,0,2,0,0.0,0.05784551
0,0.827528745,34,1,0.471306923,2700.0,6,0,1,0,2.0,0.7039724
0,0.115478045,50,0,0.447191237,9950.0,19,0,3,0,2.0,0.32200143
0,0.861751152,33,1,0.219152855,3800.0,6,0,0,0,0.0,0.6872183
0,0.9999999,48,0,0.295157571,1300.0,3,0,0,0,0.0,0.5548968
0,0.953046953,22,0,28.0,0.0,3,0,0,0,0.0,0.16371086
0,0.647041221,61,2,0.108861392,8000.0,8,0,0,0,0.0,0.7195834
0,0.976011994,24,0,0.027756059,2557.0,3,0,0,0,0.0,0.5679643
0,0.0,38,0,0.124775045,5000.0,3,0,1,0,3.0,0.153389
0,0.132886079,57,0,0.44076006,2683.0,8,0,1,0,0.0,0.16545308
0,0.199090352,50,0,0.270829812,11833.0,8,0,3,0,2.0,0.09532616
0,0.0,42,0,0.0,5000.0,2,0,0,0,0.0,0.08326966
0,0.960749189,35,0,0.337034042,13600.0,9,1,3,0,1.0,0.87657803
0,0.296724621,56,0,0.384670487,5583.0,13,0,2,0,1.0,0.19456737
0,0.119877602,38,0,0.343700257,8166.0,11,0,3,0,2.0,0.36377242
0,0.011212527,48,0,7.296506047,10417.0,5,0,0,0,0.0,0.061132796
0,0.01145773,60,0,0.245076949,18128.0,11,0,2,0,0.0,0.07213464
0,0.086771635,31,1,0.258609198,4500.0,6,0,1,0,0.0,0.24230862
0,0.390592317,32,0,0.233529727,5600.0,11,0,0,1,4.0,0.64077234
0,0.0,57,0,0.235023041,11500.0,9,0,1,0,0.0,0.108575
0,0.381665458,45,0,0.688577856,4000.0,9,0,2,0,3.0,0.34947857
0,0.036918523,74,0,0.21568244,15341.0,11,0,2,0,0.0,0.11654715
0,0.005313189,78,0,0.003672316,3539.0,10,0,0,0,0.0,0.06189361
0,0.036648563,91,0,0.063063063,6104.0,9,0,0,0,0.0,0.052014753
0,0.520958084,26,0,0.228104759,3550.0,4,0,0,0,0.0,0.39473194
0,0.02177063,61,0,0.168583142,10000.0,12,0,1,0,1.0,0.07261543
0,0.151685868,54,0,0.237577183,3400.0,10,0,0,0,2.0,0.22660537
0,0.0,55,0,0.140762311,19230.0,5,1,1,0,3.0,0.53688794
0,0.105145758,62,0,0.010664297,4500.0,8,0,0,0,0.0,0.114006035
0,0.01968129,27,0,0.004389465,2505.0,4,0,0,0,1.0,0.11888072
0,0.7634982,56,1,0.299675081,4000.0,8,0,1,1,1.0,0.7209873
0,0.044265101,59,0,0.066109869,8500.0,6,0,0,0,1.0,0.09661565
0,0.03029809,59,0,0.222591362,6320.0,19,0,1,0,0.0,0.111455604
0,0.012393182,42,0,0.300663803,2560.0,8,0,1,0,2.0,0.14307916
0,0.0,29,0,0.02238806,1473.0,4,0,0,0,0.0,0.37972623
0,0.9999999,63,1,0.117666022,3101.0,0,2,0,0,1.0,0.91964823
0,0.345819445,46,0,0.07154538,9783.0,3,0,0,0,2.0,0.43405923
1,1.282392027,25,1,0.221094599,2758.0,4,2,0,1,2.0,0.9629986
0,0.00107689,59,0,0.333376776,7672.0,7,0,3,0,2.0,0.09368502
0,0.156456236,33,0,0.025026814,2796.0,2,0,0,0,0.0,0.16395769
0,0.059216312,79,0,0.009632861,5501.0,4,0,0,0,1.0,0.032354183
0,0.714323808,28,0,0.300531084,3200.0,7,0,0,0,0.0,0.54811335
0,0.146334736,48,0,0.258421781,6500.0,9,0,1,0,0.0,0.16442573
0,0.559566347,62,0,0.104894755,20000.0,9,0,0,0,0.0,0.26727763
1,0.059385875,56,2,1.098887659,17170.0,17,0,9,0,2.0,0.7216571
0,0.953009398,28,0,0.230805687,2109.0,4,0,0,0,0.0,0.5225766
0,0.172869681,42,0,0.16079196,6666.0,7,0,1,0,1.0,0.13770302
0,0.137712123,33,1,0.317909169,3500.0,7,0,0,0,0.0,0.44296187
0,0.0,49,0,0.274039298,5750.0,4,0,1,0,2.0,0.14099725
0,0.038299819,79,0,0.219853431,1500.0,9,0,0,0,0.0,0.096898764
0,0.061924853,34,0,0.166640216,6300.0,11,0,1,0,0.0,0.13813163
0,0.011913523,59,0,0.030630298,65000.0,21,0,2,0,0.0,0.121658616
0,1.02372035,28,0,0.01164557,1974.0,2,0,0,0,0.0,0.7475545
0,0.075599422,54,0,0.306917792,8441.0,7,0,1,0,0.0,0.07888364
0,0.077133729,43,1,0.35728402,7083.0,8,0,1,0,2.0,0.31355566
0,0.9999999,28,0,0.168369614,2250.0,1,0,0,1,0.0,0.834457
0,0.001607071,73,0,0.001472483,5432.0,4,0,0,0,0.0,0.0062162178
0,0.017127327,60,0,0.013457885,6315.0,12,0,0,0,0.0,0.0970143
0,0.892162561,40,0,1.452775775,4160.0,16,0,2,0,3.0,0.81548935
0,0.890849296,55,0,0.337141468,16455.0,14,0,1,0,3.0,0.4637392
1,0.210251472,51,1,0.784920752,6750.0,10,2,4,1,2.0,0.9165074
0,0.001019444,44,1,0.128847939,14000.0,13,0,1,0,1.0,0.16453627
0,0.646147116,65,0,0.689352745,5700.0,14,0,2,0,0.0,0.41222918
0,0.13942872,39,0,0.025656566,4949.0,4,0,0,0,1.0,0.1645793
0,0.9999999,49,0,0.451419432,2500.0,4,0,0,0,0.0,0.4877332
0,0.393339275,41,0,0.716652385,3500.0,7,0,2,1,2.0,0.63352996
1,0.832010181,72,2,0.660350545,2110.0,11,1,0,0,0.0,0.9096334
0,0.412369225,47,0,0.359104239,3750.0,4,0,1,0,1.0,0.25344947
0,0.136549575,54,0,0.531848043,3500.0,11,0,1,0,0.0,0.17225802
0,0.48394718,64,1,0.316748979,16400.0,16,0,2,1,4.0,0.28890198
0,0.031210412,37,1,0.139408656,7000.0,14,0,1,0,1.0,0.23207974
0,0.159467853,37,0,0.473284033,9600.0,12,0,1,0,1.0,0.31476924
0,0.077727409,61,0,0.075835919,2900.0,20,0,0,1,0.0,0.7098874
0,0.021533657,66,0,0.270169632,7250.0,6,0,1,0,0.0,0.053396773
0,0.214400276,51,0,0.114687741,5187.0,10,0,0,0,0.0,0.23456527
0,0.526824392,50,0,0.152801724,4639.0,5,0,0,0,1.0,0.37708408
0,0.9999999,44,0,0.382174522,2142.0,6,0,1,0,1.0,0.47643444
0,0.08119797,46,0,0.521838253,8333.0,7,0,2,0,0.0,0.16494109
0,0.024954352,72,0,0.523738131,2000.0,12,0,0,0,0.0,0.14712955
0,0.166128254,53,0,0.373252391,5435.0,15,0,2,0,0.0,0.2334338
0,0.056239997,51,1,0.159685468,13225.0,11,0,1,0,3.0,0.21834894
0,0.891110824,30,0,0.39347079,2909.0,9,0,0,0,0.0,0.63216114
0,0.429791241,32,0,0.175584748,3120.0,6,0,0,0,0.0,0.31200206
0,0.361840879,53,0,0.107900943,1695.0,9,0,0,0,0.0,0.38922557
0,0.402051815,53,1,0.350331788,11000.0,14,0,2,0,1.0,0.47629026
0,0.169496243,46,0,0.184317853,7600.0,11,0,1,1,3.0,0.47125036
0,0.160393311,62,0,0.051989602,5000.0,7,0,0,0,1.0,0.2154276
0,0.969354744,40,0,0.467654499,8300.0,3,0,1,0,0.0,0.46560314
0,0.710046767,53,0,0.37151187,2400.0,14,0,1,0,1.0,0.5924236
0,0.128474861,50,0,0.041392812,7150.0,13,0,1,0,2.0,0.10044992
0,0.9999999,32,1,2.169811321,900.0,6,0,2,1,2.0,0.80797654
0,0.9999999,69,0,0.007199424,4166.0,1,0,0,0,0.0,0.16937558
0,0.00247685,62,0,0.109625439,23333.0,12,0,1,0,0.0,0.03552664
0,0.0,64,1,0.168319307,12000.0,6,0,2,0,0.0,0.17304118
0,0.356705654,58,0,0.719959267,2945.0,12,0,1,0,2.0,0.32177988
1,0.94608167,59,0,0.835991431,4200.0,14,0,1,0,1.0,0.6793266
0,0.66352097,86,0,0.099192065,12500.0,5,0,1,0,1.0,0.050809737
0,0.0,23,0,0.0,500.0,1,0,0,0,0.0,0.11838059
0,0.081218376,55,0,0.184956721,10050.0,8,0,1,0,2.0,0.060938906
0,0.029864652,48,1,2.193935355,3000.0,9,0,2,0,2.0,0.5103045
0,0.9999999,78,0,0.0,16000.0,0,3,0,0,0.0,0.8266271
0,1.006570803,42,1,0.463307013,4305.0,4,0,1,0,2.0,0.8503477
0,0.608371836,33,0,0.131317623,6746.0,11,0,0,0,1.0,0.35378677
0,0.004542296,48,0,0.002450123,2856.0,6,0,0,0,0.0,0.098161064
0,0.295276462,44,0,0.749883123,6416.0,16,0,1,0,0.0,0.3349912
0,1.036995376,64,0,0.103290296,2400.0,1,0,0,0,1.0,0.63443416
1,0.924430228,43,0,0.016424661,4200.0,2,0,0,0,0.0,0.5376667
1,1.016997167,37,2,0.126845992,7583.0,5,2,1,2,3.0,0.9726688
0,0.343062775,28,0,0.462249615,1297.0,3,1,0,0,0.0,0.75199467
0,0.0,34,0,0.429001808,4978.0,12,0,2,0,0.0,0.25101942
0,0.0,43,0,0.0,1333.0,1,0,0,0,2.0,0.1883424
1,0.9999999,38,0,0.202499362,3920.0,7,1,0,1,1.0,0.91676605
0,0.040927876,64,0,0.421377672,4209.0,8,0,3,0,0.0,0.096811734
0,0.467295059,30,0,0.349060376,2500.0,8,0,0,0,0.0,0.3526845
0,0.031397875,47,0,0.062149008,10683.0,3,0,1,0,1.0,0.058113124
0,0.358099017,59,0,0.401511628,8599.0,17,0,3,0,2.0,0.23945028
0,0.000197923,57,0,0.010312566,9405.0,13,0,0,0,0.0,0.23546997
0,0.871251499,52,0,0.248187953,4000.0,5,0,1,0,1.0,0.46046618
0,0.0,62,0,0.253936516,4000.0,7,0,1,0,0.0,0.08748765
0,0.014624086,56,0,0.107915526,19366.0,7,0,2,0,1.0,0.054819677
0,0.055617435,36,1,0.822057697,3916.0,13,0,1,0,0.0,0.4185704
0,0.9999999,58,0,0.483870968,2200.0,3,0,1,0,0.0,0.35845214
0,0.417561248,49,0,1.012634454,5856.0,21,0,5,0,0.0,0.7522418
0,0.176843982,49,0,0.041112455,8269.0,11,0,0,0,2.0,0.28421044
0,0.0,29,2,0.174780527,3758.0,6,0,1,0,0.0,0.5573317
1,1.550898204,51,2,0.27125448,6974.0,5,0,2,2,4.0,0.9149754
0,0.043763263,65,0,0.165352405,16358.0,23,0,1,0,0.0,0.083287716
0,0.06344327,51,0,0.316475495,3835.0,11,0,1,0,0.0,0.13125545
0,0.039513954,63,0,0.461415434,2500.0,12,0,1,0,0.0,0.14216296
0,0.0,62,0,0.299744206,12900.0,9,0,2,0,0.0,0.11916981
0,0.137087348,50,0,0.317101905,5092.0,8,0,1,0,0.0,0.13400349
0,0.17092525,57,1,0.32035361,4750.0,13,0,1,0,1.0,0.40979424
0,0.844092705,61,1,0.430215942,12595.0,12,1,3,0,0.0,0.8318698
0,0.031959303,69,0,0.195180482,10000.0,6,0,1,0,1.0,0.042624533
0,0.0,44,0,0.134955752,4971.0,4,0,1,0,3.0,0.13391438
0,0.187003754,50,0,0.587661546,4100.0,5,0,1,0,0.0,0.18534759
0,0.038559699,70,0,0.31218201,10416.0,12,0,1,0,0.0,0.049718224
1,0.653992755,52,0,0.446524913,6301.0,9,0,1,0,3.0,0.43240982
0,0.504743053,80,0,1.044591082,5000.0,19,0,1,0,0.0,0.40406972
0,0.9999999,25,0,0.24143964,4000.0,1,0,0,0,0.0,0.47703952
0,0.008067243,76,0,0.29029571,2400.0,8,0,1,0,0.0,0.08079264
0,0.069435136,47,0,0.104714415,8823.0,7,0,1,0,2.0,0.09266725
0,0.095810448,62,0,0.712472894,12450.0,13,0,6,0,2.0,0.29138812
0,0.0,55,0,0.467616852,4770.0,8,0,2,0,0.0,0.14109026
0,0.917632947,50,0,0.454143414,9496.0,15,0,2,0,0.0,0.6010552
0,0.022149513,46,0,1.047492085,6000.0,19,0,4,0,1.0,0.47776634
0,0.743018752,42,0,0.189320712,15000.0,11,0,1,0,2.0,0.45691916
0,0.262274315,62,0,0.563700298,7393.0,10,0,2,0,0.0,0.14054511
0,0.116362597,55,1,0.332212682,19333.0,23,0,2,0,1.0,0.37369052
0,0.260430043,36,1,0.613527534,5011.0,9,0,1,0,4.0,0.5134811
0,0.474127621,59,0,0.515939301,8500.0,15,0,3,0,0.0,0.33570838
0,0.359632018,81,0,0.751784185,7005.0,6,0,3,0,0.0,0.25310388
0,0.007601912,79,0,0.050578318,5100.0,10,0,0,0,0.0,0.06074875
1,0.9999999,43,3,0.146170766,5000.0,4,0,0,0,1.0,0.82311666
0,0.261342332,27,1,0.323214571,6258.0,6,0,2,0,0.0,0.42645296
0,0.118059725,77,0,0.177133655,4967.0,8,0,2,0,0.0,0.08533943
0,0.016708599,45,0,0.192446146,17500.0,6,0,2,0,2.0,0.061660383
0,0.002526183,53,0,0.516847516,1750.0,5,0,1,0,2.0,0.07392501
0,0.018528305,51,0,0.229336242,11916.0,12,0,2,0,2.0,0.0775373
0,0.016426616,28,0,0.113391282,15300.0,6,0,2,0,0.0,0.099572256
0,0.272608269,44,0,0.27628317,10890.0,9,0,1,0,3.0,0.12377848
0,0.148463367,60,0,0.402708624,5020.0,13,0,1,0,0.0,0.14220782
0,0.9999999,52,0,0.231479493,13970.0,8,0,3,0,0.0,0.2715106
0,0.727757533,33,0,0.696856686,1876.0,4,0,0,0,1.0,0.5079513
0,0.721364583,37,0,0.250672818,2600.0,7,0,0,0,3.0,0.5353511
0,1.219195201,31,1,0.204718113,2500.0,3,0,0,0,2.0,0.8711405
0,0.069451642,42,0,0.422579859,4100.0,17,0,1,0,0.0,0.23577154
0,0.9999999,43,0,0.289162165,8700.0,5,0,2,0,0.0,0.44451097
0,0.009297329,68,0,0.158903425,12000.0,11,0,2,0,0.0,0.041642275
0,0.902050553,31,1,0.347924428,7515.0,10,0,1,0,0.0,0.6689746
0,0.031736664,48,0,0.882506527,4595.0,9,0,3,0,0.0,0.37827703
1,0.487586383,32,3,0.376897445,2700.0,9,2,0,3,0.0,0.9697714
0,0.230604915,53,0,0.653976187,6802.0,10,0,2,0,2.0,0.23089603
0,0.115643618,57,0,0.554067971,4854.0,8,0,2,0,2.0,0.19885573
0,0.569824212,40,0,0.361421689,11000.0,18,0,1,0,2.0,0.5328995
0,0.289198421,64,2,0.162359122,11800.0,12,0,1,0,0.0,0.26070562
0,0.18213617,72,0,0.771584368,3300.0,24,0,3,0,0.0,0.18452837
0,0.042209045,61,0,0.410211972,7500.0,3,0,1,0,1.0,0.05291652
0,0.092778089,55,0,0.936687771,3000.0,11,0,2,0,0.0,0.2822512
0,0.005874266,38,0,0.073004285,6300.0,2,0,0,0,3.0,0.10982503
0,0.037264035,57,1,0.835407116,4580.0,19,0,3,0,0.0,0.61392146
0,0.090154794,48,0,0.166472255,6000.0,10,0,1,0,0.0,0.10854114
0,0.03357949,56,0,0.127797834,6924.0,12,0,0,0,2.0,0.10445789
0,0.0,45,0,0.133687686,12416.0,6,0,1,0,2.0,0.057667177
0,0.160071835,61,0,0.68003314,6034.0,12,0,3,0,0.0,0.30262366
0,0.31253571,24,0,0.027242525,3009.0,4,0,0,0,0.0,0.3226346
0,0.350847689,47,0,0.43258377,11250.0,9,0,2,0,3.0,0.23435076
1,1.11887568,71,4,0.322468903,6350.0,15,0,0,1,0.0,0.9611442
1,0.9999999,35,0,0.044888798,4900.0,3,1,0,0,0.0,0.8237441
0,0.0,31,0,0.455665025,2029.0,5,0,1,0,0.0,0.15982996
0,0.614044858,62,0,0.881623675,5000.0,15,0,3,0,0.0,0.5746545
0,0.699327395,28,1,0.420471281,4073.0,10,0,1,0,2.0,0.7564975
0,0.433473581,61,1,0.433283358,1333.0,9,0,0,0,0.0,0.5934062
0,0.008521369,63,0,0.033741565,4000.0,4,0,0,0,0.0,0.032689724
0,0.743558727,45,1,0.152570481,6029.0,5,0,0,0,0.0,0.65158814
0,0.0619969,71,0,0.006259516,5910.0,2,0,0,0,0.0,0.027387906
0,0.124987501,26,1,0.088906624,6264.0,4,0,0,0,0.0,0.3960677
0,0.070753983,61,0,0.055861351,13443.0,6,0,1,0,1.0,0.05262127
0,0.065724362,58,0,0.177323181,10900.0,12,0,2,0,0.0,0.080667086
0,0.103149475,41,0,0.624687656,2000.0,7,0,1,0,0.0,0.13382727
0,0.0,76,0,0.0,3141.0,4,0,0,0,0.0,0.029106732
0,0.277796295,73,0,0.159562151,9500.0,5,0,1,0,0.0,0.10205342
0,0.056564781,64,0,0.642042113,8500.0,6,0,2,0,1.0,0.11183952
0,0.295673258,60,0,0.809638072,5000.0,12,0,3,0,2.0,0.39895916
0,0.024072915,52,0,0.279991047,4467.0,14,0,2,0,0.0,0.14909732
0,0.063410454,40,0,0.357142857,2855.0,2,0,1,0,1.0,0.13831362
0,0.09928212,66,0,0.295473422,4815.0,8,0,1,0,0.0,0.0475175
0,0.057815703,48,0,0.157560174,14000.0,10,0,1,0,2.0,0.09389034
0,0.050453971,47,0,0.131488456,6106.0,2,0,1,0,3.0,0.1400102
0,0.948207171,44,0,0.80902397,6382.0,7,0,3,0,1.0,0.6165847
0,1.102807332,52,1,0.810383747,3100.0,6,0,1,0,0.0,0.8472715
0,0.9999999,31,0,0.027610009,1158.0,1,0,0,0,0.0,0.7078119
1,0.474513137,39,0,0.288894814,7500.0,7,0,1,0,3.0,0.20741469
0,0.87901797,58,1,1.131543168,2941.0,11,0,1,0,0.0,0.740012
0,0.000366124,48,0,0.0,10000.0,7,0,0,0,0.0,0.043975156
0,0.012922746,51,0,0.296468762,5153.0,7,0,1,0,0.0,0.098965846
0,0.0,38,0,0.364527095,5000.0,9,0,1,0,0.0,0.15494412
0,0.003947161,37,0,0.02121583,2450.0,5,0,0,0,1.0,0.07738565
0,0.0,46,0,0.48605123,7885.0,12,0,3,0,2.0,0.2563218
0,0.150746574,76,1,0.540272986,6666.0,16,0,2,0,0.0,0.36501193
0,0.942816074,41,0,511.0,1.0,7,0,0,1,1.0,0.65367246
0,0.146334396,47,0,0.001626898,9219.0,1,0,0,0,2.0,0.32266244
0,0.621232172,39,0,0.451419432,2500.0,9,0,0,0,0.0,0.49580887
0,0.354340803,38,0,0.582683463,5000.0,12,0,3,0,1.0,0.52522683
0,1.033897239,42,0,0.798346148,6892.0,12,0,6,0,3.0,0.83337164
1,0.547672616,57,0,0.337865941,6250.0,8,0,1,0,1.0,0.25200364
1,0.442370466,50,0,0.346145301,4500.0,6,0,2,0,0.0,0.2604869
0,0.619957244,34,1,0.081480024,5080.0,5,0,0,0,2.0,0.6475762
0,0.170230287,38,0,0.356974502,4666.0,11,0,1,0,2.0,0.2696772
1,0.458070639,58,1,0.40821256,3725.0,7,4,1,1,2.0,0.93749815
0,0.0,46,0,0.0,5700.0,6,0,0,0,1.0,0.036237113
0,0.0,41,0,0.054529963,7041.0,5,0,0,0,2.0,0.09615498
0,0.02124696,46,0,0.191632631,9058.0,8,0,1,0,2.0,0.059294567
0,0.9999999,71,0,0.001289491,1550.0,6,0,0,0,0.0,0.18384315
1,0.904968271,48,1,0.497275595,3486.0,10,0,1,1,2.0,0.84263575
0,0.014725934,62,0,0.309948342,6000.0,4,0,2,0,0.0,0.05222727
0,0.0,55,1,0.03988553,5590.0,8,0,0,0,0.0,0.3790973
0,0.309858693,82,1,0.070482379,4000.0,3,0,0,0,0.0,0.5488411
0,0.265809929,28,0,0.405086103,4993.0,8,0,1,0,0.0,0.28338003
0,0.966347564,59,0,0.173223791,8641.0,10,0,0,0,1.0,0.46247834
0,0.9999999,38,0,0.209803193,2692.0,5,0,0,0,1.0,0.55910045
0,0.028880504,58,1,0.36718196,7050.0,14,0,1,0,2.0,0.29190943
0,0.594253237,36,0,0.823025282,7000.0,9,0,3,0,1.0,0.6315885
0,0.248501348,66,0,0.829827916,4183.0,17,0,3,0,0.0,0.37749794
0,0.339759185,43,0,0.403695349,9308.0,21,0,2,0,1.0,0.34306732
0,0.860436846,54,0,0.458338888,7500.0,7,0,3,0,0.0,0.3667856
0,0.0,32,0,0.21560011,3640.0,5,0,0,0,0.0,0.13991117
0,0.071354292,77,0,0.179793019,5700.0,3,0,1,0,0.0,0.06335637
0,0.769498886,34,0,0.083247385,6786.0,2,0,0,0,0.0,0.30661425
0,0.0,52,0,0.336354624,7060.0,10,0,2,0,3.0,0.155824
0,0.322271542,63,0,0.718511318,7200.0,20,0,2,0,1.0,0.33305764
0,0.0,51,2,0.394557823,7202.0,13,0,1,0,0.0,0.36504993
0,0.064677186,84,0,0.402519496,3333.0,15,0,1,0,0.0,0.17115857
0,0.031553803,32,0,0.032146091,6625.0,3,0,0,0,0.0,0.05984085
0,0.002838505,57,1,0.307639367,4358.0,17,0,2,0,0.0,0.35292932
0,0.053211571,64,0,0.355411147,4000.0,6,0,2,0,0.0,0.090298265
0,0.019016877,39,0,0.219702424,8333.0,4,0,1,0,0.0,0.047852546
0,0.590996286,50,0,0.121508532,9200.0,8,0,0,0,1.0,0.3633216
0,0.139612401,78,0,0.060272197,9257.0,7,0,0,0,0.0,0.13620183
0,0.28587746,60,0,0.216358839,7200.0,12,0,0,0,1.0,0.1537311
0,0.493559046,68,1,0.403590041,5180.0,9,0,0,1,0.0,0.75172997
1,0.305976358,69,2,0.569913773,8581.0,15,0,1,0,0.0,0.5873212
0,0.512110573,44,3,0.439864801,10650.0,7,0,2,0,0.0,0.64852107
0,0.0,67,0,0.0,1500.0,3,0,0,0,0.0,0.07210868
0,0.123312577,75,0,0.16597787,7500.0,5,0,1,0,0.0,0.08817022
0,0.010532631,58,0,0.407997289,2950.0,9,0,1,0,0.0,0.18961611
0,0.049644608,67,0,0.65897651,2383.0,11,0,1,0,0.0,0.14835823
0,0.13008419,48,0,0.372631178,10500.0,10,0,1,0,1.0,0.15681154
0,0.502084412,52,0,0.525805707,13000.0,14,0,4,0,1.0,0.54228485
0,0.341950026,38,0,0.180060423,6619.0,5,0,0,0,2.0,0.24580814
0,0.987937967,45,0,0.687453416,4024.0,8,3,1,0,4.0,0.9514323
0,0.0,48,0,0.152691014,8323.0,8,0,0,0,1.0,0.11030545
0,0.121646392,22,0,0.37232525,700.0,4,0,0,0,0.0,0.16636246
0,0.811608815,42,0,2.474246231,3183.0,10,0,4,0,2.0,0.6512343
0,0.9999999,46,0,0.0,1500.0,0,1,0,0,0.0,0.89392287
0,0.380331604,37,1,0.399766706,6000.0,6,0,1,0,1.0,0.4249631
0,0.265318593,33,0,0.255854461,5166.0,9,0,0,0,0.0,0.22700794
0,1.074221254,47,2,3.354767184,450.0,8,2,1,1,2.0,0.90931773
0,0.162379868,40,0,0.310359775,4613.0,6,0,1,0,3.0,0.15181838
0,0.390529015,42,0,0.686321563,5833.0,10,0,1,0,0.0,0.35711238
0,0.127493625,64,0,0.09438021,14875.0,6,0,2,0,1.0,0.033662308
0,0.326949085,55,0,0.389145047,18000.0,13,0,3,0,0.0,0.21083124
0,0.379020198,44,0,0.272514841,15833.0,16,0,2,0,2.0,0.24772917
0,0.187486608,58,0,0.046173423,5500.0,5,0,0,0,0.0,0.15923704
1,0.666720858,50,0,0.103035578,18381.0,10,0,1,1,1.0,0.7590423
0,0.006164767,70,0,0.186451476,4708.0,11,0,3,0,0.0,0.050561614
0,0.143608005,54,0,0.336011427,5600.0,15,0,1,0,2.0,0.19271664
0,0.051173721,44,0,0.590481904,5000.0,4,0,1,0,0.0,0.116472416
0,0.603677521,72,0,0.329550415,4581.0,7,0,1,0,2.0,0.18275435
0,0.033508959,54,1,0.637323944,283.0,7,0,0,0,2.0,0.2500202
0,0.9999999,33,0,0.025751073,1630.0,1,0,0,0,0.0,0.7062089
0,0.011090506,47,0,0.335276968,3429.0,6,0,1,0,3.0,0.1363728
0,1.010619332,70,0,0.246186218,3801.0,12,0,0,0,0.0,0.5233013
0,0.025253087,60,0,0.19387227,9660.0,13,0,2,0,0.0,0.07544671
0,0.171344112,38,0,0.24995001,5000.0,5,0,1,0,0.0,0.1264834
0,0.036308983,67,0,0.009022371,8090.0,6,0,0,0,1.0,0.052887265
0,0.90687308,57,7,2.931292942,1600.0,19,0,2,0,0.0,0.8950776
1,0.17169154,40,0,0.384676776,6264.0,4,0,1,0,0.0,0.16939917
0,0.056150967,39,1,0.233601561,4100.0,13,0,1,0,0.0,0.27952057
0,0.230087188,30,0,0.034557235,4166.0,5,1,0,0,0.0,0.492778
0,0.7393574,51,0,1.373271889,1301.0,6,0,2,0,2.0,0.5523276
0,0.090124518,49,0,1.366074951,2534.0,10,0,1,0,0.0,0.1673521
0,0.083561599,52,1,0.161100196,5598.0,8,0,0,0,1.0,0.3335211
0,0.169797198,62,0,0.584583902,1465.0,17,0,2,0,0.0,0.26146433
0,0.35613735,52,5,0.220902328,8333.0,15,0,2,1,0.0,0.8481567
0,0.542390808,71,0,0.636036036,1109.0,6,0,0,0,0.0,0.26387218
1,0.9999999,37,98,0.00757815,3166.0,0,98,0,98,0.0,0.9674709
0,0.033727997,50,0,0.500389955,6410.0,11,0,1,0,1.0,0.120562896
0,0.13988229,60,0,0.144244565,9060.0,11,0,1,0,0.0,0.08755399
0,0.908932841,58,0,0.49470106,5000.0,5,1,1,0,0.0,0.8329813
0,0.365732622,57,0,0.110432174,9000.0,6,0,0,0,2.0,0.21903117
1,0.614243323,46,3,0.742897953,6300.0,11,1,2,0,1.0,0.94217014
0,0.144013912,31,0,0.407592564,6400.0,8,0,2,0,2.0,0.21769838
0,0.377560168,31,0,0.623109025,3833.0,5,0,1,0,3.0,0.24869324
0,0.008549786,59,0,0.417042381,4435.0,4,0,2,0,1.0,0.057824172
1,1.016709427,72,0,0.862091939,1500.0,3,0,0,0,0.0,0.56197554
0,0.0,77,0,0.124500182,5501.0,5,0,1,0,1.0,0.050156664
1,0.9999999,23,0,0.018838908,2600.0,2,0,0,2,2.0,0.8900854
0,0.106408044,47,0,0.166871303,8958.0,5,0,2,0,3.0,0.0981297
0,0.010990793,44,0,0.240981463,13000.0,10,0,2,0,0.0,0.08608318
0,0.0,42,0,0.29283778,14017.0,9,0,2,0,2.0,0.14075539
0,0.434537113,55,0,0.248511678,6550.0,6,0,1,0,2.0,0.19007507
0,0.295012275,69,0,0.222259247,3000.0,7,0,0,0,0.0,0.16364357
0,0.13563706,47,1,0.505325603,7416.0,17,0,3,0,1.0,0.49887097
0,0.143378482,51,0,0.229799464,15308.0,19,0,3,0,3.0,0.23959647
1,0.105131582,60,1,1.315835906,6800.0,11,0,4,0,0.0,0.65673125
0,0.148455061,63,0,0.303962153,13527.0,9,0,2,0,1.0,0.08909008
0,0.024982442,49,0,0.627249357,3500.0,6,0,0,0,3.0,0.11739618
0,0.463159148,44,0,0.283286935,20833.0,8,0,4,0,2.0,0.26149684
0,0.980071826,72,3,0.647734525,4700.0,7,2,1,4,1.0,0.92885494
0,0.447762376,32,0,0.383489321,8333.0,31,0,1,0,0.0,0.419105
0,0.991690597,52,1,0.677350228,10732.0,13,1,3,1,3.0,0.9372813
0,0.033770464,53,0,0.021969501,3868.0,3,0,0,0,0.0,0.098491766
0,0.096130129,45,0,0.362678909,3702.0,4,0,1,0,2.0,0.109582536
0,0.42362503,54,0,0.389566222,15583.0,16,0,2,0,5.0,0.29366243
0,0.920041005,29,1,0.147865325,2880.0,3,0,0,0,0.0,0.67447656
0,0.9999999,24,0,0.10075188,1994.0,2,0,0,0,0.0,0.52089405
0,0.833112827,64,0,0.753521127,3833.0,21,0,1,0,1.0,0.51722604
1,0.9999999,61,0,0.113258186,3725.0,1,0,0,0,0.0,0.5321205
0,0.042363387,34,0,0.373313343,2000.0,3,0,0,0,0.0,0.11352087
0,0.094429104,56,0,0.014002785,12925.0,7,0,0,0,0.0,0.07990014
0,0.9999999,39,1,0.310540575,7750.0,4,4,2,0,3.0,0.95902467
0,0.072822883,60,0,0.267958031,3716.0,9,0,1,0,0.0,0.19479574
0,0.497014603,51,0,0.251321004,9083.0,10,0,2,0,1.0,0.24525104
0,0.060267248,27,0,0.051950598,5100.0,3,0,0,0,0.0,0.10281531
0,0.400574928,32,0,0.305551112,6250.0,3,0,1,0,3.0,0.22880912
0,0.596707342,60,1,0.458074026,6105.0,11,0,1,0,1.0,0.5140346
0,0.098575754,59,0,0.23650736,11005.0,10,2,1,0,0.0,0.75335985
0,0.426704886,60,0,1.070288017,6700.0,5,0,3,0,0.0,0.30996683
1,0.982265266,29,0,0.137353963,9500.0,7,0,0,0,2.0,0.6540976
0,0.011816338,65,0,0.106919077,7500.0,26,0,1,0,0.0,0.11995362
0,0.9999999,50,0,0.319057816,1400.0,3,0,0,0,1.0,0.59712714
0,0.073477415,61,0,0.788544261,4416.0,18,0,1,0,0.0,0.21186934
0,0.21955776,61,0,0.382402707,12410.0,32,0,1,0,2.0,0.080711305
0,0.9999999,35,0,0.944587261,3500.0,5,0,1,0,0.0,0.5236983
0,0.005531768,87,0,0.0019992,2500.0,4,0,0,0,0.0,0.062575325
0,0.882185918,46,0,29.68316832,100.0,7,0,2,0,0.0,0.37369472
0,0.016539104,56,0,0.004540295,3523.0,2,0,0,0,0.0,0.07156981
0,0.2658005,54,1,0.474353823,7466.0,10,0,1,0,1.0,0.3135618
0,0.049267336,35,0,0.097870569,43250.0,7,0,2,0,0.0,0.07450754
0,0.001453644,39,1,0.366290644,9041.0,9,0,2,0,1.0,0.23294336
0,0.492734197,49,0,0.320853081,8439.0,11,0,2,0,0.0,0.27492484
0,0.0,47,0,0.343436681,12965.0,4,0,1,0,0.0,0.12166532
0,0.348922503,73,0,0.838497034,4550.0,16,0,2,0,1.0,0.30053905
0,0.012008,51,0,0.0031956,13455.0,10,0,0,0,1.0,0.16453238
0,0.368259989,39,0,0.515105412,4600.0,9,0,1,0,1.0,0.3443911
0,0.055674673,55,0,1.421987785,1800.0,10,0,2,0,1.0,0.3220719
0,0.458182998,45,0,0.484093801,5500.0,15,0,1,0,1.0,0.41022664
0,0.042593682,37,0,0.185855492,7182.0,8,0,1,0,2.0,0.0725083
0,0.76744186,29,1,323.0,0.0,3,1,0,0,0.0,0.5345651
0,0.398304889,48,0,0.616800677,4725.0,8,0,1,0,0.0,0.3029428
0,0.650241484,60,0,0.692355759,4800.0,12,0,1,0,1.0,0.42397666
0,0.381151723,57,0,0.256590053,7700.0,8,0,1,0,0.0,0.115107484
0,0.031176386,67,0,0.065386923,5000.0,15,0,0,0,0.0,0.08632039
0,0.016264501,63,0,0.185234899,5214.0,13,0,0,0,1.0,0.06457212
0,0.140639934,63,0,0.475956731,11000.0,11,0,3,0,0.0,0.20903784
0,0.367996075,43,0,0.278188872,25000.0,11,0,2,0,2.0,0.3186771
0,0.94023357,46,2,0.358165103,10550.0,9,0,2,0,1.0,0.75898093
0,0.000891045,41,0,0.347435564,7681.0,7,0,1,0,2.0,0.1028571
0,0.634144367,47,0,0.610271178,4166.0,5,0,2,0,3.0,0.4662558
0,0.125780102,55,0,0.254796001,3700.0,10,0,1,0,4.0,0.15665726
0,0.340258502,54,0,0.955121084,4500.0,12,0,1,0,1.0,0.35725558
1,0.62501335,65,4,0.565614208,12161.0,20,1,1,1,1.0,0.9298333
0,0.424590204,59,0,0.537378733,5256.0,5,0,1,0,0.0,0.2113731
0,0.0,25,0,0.185407296,2000.0,2,0,0,0,0.0,0.29343638
0,0.073672467,73,0,0.380413058,1500.0,9,0,0,0,0.0,0.2284972
0,0.0,61,0,807.0,0.0,14,0,0,0,0.0,0.07403037
0,0.008312566,50,0,0.488335024,6900.0,10,0,2,0,0.0,0.071934976
0,0.029518922,43,1,0.309257113,7766.0,10,0,2,0,2.0,0.28215683
0,0.036238795,37,0,0.28767808,4000.0,11,0,2,0,0.0,0.1498288
0,0.206381305,29,0,0.296157451,3200.0,6,0,0,1,0.0,0.54852504
0,0.111951157,49,0,0.055157753,8937.0,4,0,0,0,3.0,0.09162377
0,0.0,62,0,1.060524183,3700.0,14,0,2,0,2.0,0.26807627
0,0.9999999,22,0,0.827242525,300.0,1,0,0,0,0.0,0.14816532
0,0.355682858,32,0,0.13559322,2890.0,5,0,0,0,0.0,0.2622714
0,0.241486584,59,0,0.326668027,4900.0,3,0,1,0,2.0,0.12891755
0,0.772528434,35,0,0.678534393,2892.0,9,0,1,0,2.0,0.62543786
0,0.034931781,41,1,0.14435868,6088.0,4,0,1,0,2.0,0.22146215
0,0.00504682,79,0,0.013409962,1565.0,21,0,0,0,0.0,0.09736066
0,0.0,47,0,4.667946257,520.0,6,0,2,0,0.0,0.16125666
0,0.208465133,36,0,0.315691241,7500.0,5,0,2,0,2.0,0.15672098
0,0.279769876,67,0,0.517662742,4500.0,16,0,1,0,0.0,0.17216922
0,0.199018899,31,0,0.58322237,750.0,5,0,0,0,0.0,0.14490685
1,0.80148529,33,1,0.273225917,2916.0,5,0,0,1,1.0,0.85712075
0,0.101593583,61,0,0.312315982,18000.0,8,0,3,0,0.0,0.045742415
0,0.16202167,59,0,0.1002999,3000.0,12,0,0,0,0.0,0.2605696
0,0.000533319,50,0,0.325928458,8777.0,5,0,1,0,2.0,0.07626978
0,0.0,43,0,0.460238392,5620.0,6,0,1,0,0.0,0.06673717
0,0.108642811,48,0,0.283612429,10330.0,7,0,2,0,2.0,0.056885462
0,0.039132464,72,0,0.009256085,5833.0,8,0,0,0,0.0,0.036566444
0,0.431026114,33,0,0.139960011,3500.0,4,0,0,0,1.0,0.2772367
0,0.09957969,72,0,0.386895197,5600.0,7,0,1,0,0.0,0.06341085
1,0.685563177,50,0,0.324670132,2500.0,4,0,0,1,4.0,0.8456213
0,0.676172632,58,0,0.357224211,12291.0,14,0,2,0,0.0,0.28990045
0,0.014828752,83,0,0.007902299,4175.0,9,0,0,0,0.0,0.12682484
0,7.63e-05,42,0,0.235003529,7084.0,9,0,1,0,2.0,0.12565055
0,0.670886076,35,0,0.521137161,5416.0,5,0,2,0,1.0,0.4676873
0,0.021103211,78,0,0.402641056,4164.0,6,0,2,0,0.0,0.044433273
1,1.004183029,33,0,1.151282906,3000.0,12,0,3,1,0.0,0.93744105
0,0.41181161,68,0,0.85163835,3295.0,11,0,1,0,0.0,0.26979244
0,0.742517439,58,1,0.633201416,4800.0,8,0,1,0,2.0,0.60797536
0,0.0,48,0,0.385661434,10000.0,11,0,3,0,0.0,0.21785204
0,0.084965632,69,0,0.070714416,5500.0,11,0,0,0,0.0,0.105777495
0,0.001478514,51,0,0.000312451,6400.0,6,0,0,0,3.0,0.035375282
0,0.150147667,33,0,0.657994827,6572.0,8,0,2,0,0.0,0.2191965
0,0.002684013,92,0,0.000499917,6000.0,6,0,0,0,0.0,0.011135441
0,0.024198387,60,0,0.001809351,10500.0,6,0,0,0,0.0,0.052227113
0,0.0,65,0,0.101568335,2677.0,3,0,0,0,0.0,0.17591588
0,0.129801677,62,0,0.279582712,6709.0,11,0,2,0,0.0,0.07035877
0,0.027427265,42,0,0.300468436,4482.0,4,0,1,0,3.0,0.06067734
0,0.9999999,39,0,0.443019943,2807.0,7,0,0,0,2.0,0.629937
0,1.448671762,47,0,0.515611183,14700.0,23,0,3,1,5.0,0.75275886
0,0.06239792,82,0,0.01119776,5000.0,6,0,0,0,0.0,0.12049736
0,0.0,59,0,0.233400781,21250.0,9,0,3,0,2.0,0.09614721
0,0.411458854,62,0,0.328678206,5083.0,7,0,2,0,1.0,0.23174359
0,0.132902075,41,0,0.110570612,12950.0,28,0,0,0,0.0,0.17835842
0,0.257257581,55,0,0.798748607,11666.0,15,0,3,0,1.0,0.47845167
0,0.12148597,66,0,1.144969556,3448.0,11,0,2,0,1.0,0.26532516
0,0.184360521,66,0,0.3046875,6655.0,5,0,1,0,0.0,0.08479411
0,0.004800768,62,0,0.631273745,5000.0,19,0,2,0,0.0,0.27183247
0,0.9999999,28,0,0.013116802,1600.0,0,0,0,0,2.0,0.84339887
0,0.007371762,25,0,0.242174629,1820.0,11,0,0,0,0.0,0.15892695
0,0.237752969,54,0,0.263491106,3316.0,6,0,1,0,3.0,0.15739378
0,0.9999999,32,0,0.088194444,2879.0,4,0,0,0,0.0,0.5438327
1,0.299621909,49,3,0.777724893,2100.0,15,2,1,0,1.0,0.9487947
0,0.47680153,69,0,5.863701578,696.0,16,0,2,0,0.0,0.19158567
0,0.169970751,52,0,0.49897881,7833.0,4,0,1,0,0.0,0.18102688
0,0.177679937,56,0,0.22114699,9816.0,7,0,1,0,0.0,0.11729586
0,0.005157071,58,0,0.293211162,2400.0,7,0,1,0,0.0,0.08284035
0,0.75226277,63,0,0.422084326,24333.0,14,0,1,0,0.0,0.28563896
0,0.056238645,63,0,0.299902586,22583.0,17,0,2,0,0.0,0.06974344
0,0.137916378,44,0,0.368498303,10900.0,8,0,3,0,1.0,0.15228276
0,0.198118883,53,0,0.53308759,5696.0,10,0,1,0,0.0,0.22622848
0,0.102222444,58,0,0.16463454,15500.0,5,0,1,0,1.0,0.037892297
0,0.0,42,0,0.25805316,5680.0,10,0,2,0,0.0,0.10759467
0,0.555676137,56,0,0.244191636,6240.0,4,0,1,0,2.0,0.27339038
0,0.9999999,33,0,0.003994674,750.0,0,0,0,0,1.0,0.84461856
0,0.9999999,40,0,0.107451581,27416.0,5,0,1,0,3.0,0.39599943
0,0.071419048,36,0,0.031312458,1500.0,3,0,0,0,1.0,0.17294753
0,0.0,63,0,0.000159987,12500.0,13,0,0,0,1.0,0.040878
0,0.076460634,59,0,0.141142943,20000.0,8,0,1,0,2.0,0.0339489
0,0.723130709,64,1,0.118395811,44308.0,16,0,2,0,0.0,0.31608912
0,0.548278263,60,1,0.288193531,11408.0,12,0,2,0,0.0,0.38837135
0,0.092012879,49,0,0.353608783,13480.0,16,0,4,0,2.0,0.2109057
0,0.843323239,29,0,0.106071514,4166.0,3,0,0,0,0.0,0.44908294
0,0.145134948,45,0,0.587820929,32366.0,12,0,6,0,3.0,0.62721634
0,0.0,66,0,0.0,1.0,18,0,0,1,0.0,0.12335442
0,0.241915975,52,1,0.131558852,18333.0,8,0,1,0,4.0,0.33435807
0,0.0,43,0,0.904246461,1200.0,4,0,1,0,4.0,0.16483296
0,0.134304106,36,0,0.29696288,5333.0,13,0,1,0,1.0,0.15026277
0,0.067891488,57,0,0.19188438,8994.0,6,0,1,0,1.0,0.07804223
0,0.561325849,40,0,0.13644706,15800.0,4,0,1,0,0.0,0.23414604
0,0.195648438,67,0,0.237617745,3290.0,9,0,0,0,1.0,0.24828468
0,0.710934187,36,0,1.680216802,3320.0,14,0,1,0,0.0,0.67588
0,0.212262579,36,0,0.532733369,5666.0,8,0,2,0,2.0,0.22088382
0,0.146748165,34,0,0.206236231,5900.0,6,0,1,0,1.0,0.13224684
0,0.505256669,44,0,0.597013524,10647.0,9,0,2,0,2.0,0.43747592
0,0.132344902,59,0,0.944350548,15974.0,16,0,7,0,1.0,0.48319426
0,0.856395435,44,0,0.516135049,5360.0,5,0,1,0,0.0,0.4954233
0,0.055294471,57,0,0.227755362,9417.0,9,0,2,0,1.0,0.095265366
0,0.335693232,56,0,0.58635231,5216.0,12,0,1,0,0.0,0.31543946
0,0.0,40,0,0.042927074,7966.0,4,0,0,0,1.0,0.11499924
0,0.728457211,30,0,0.513165204,9000.0,10,0,2,0,0.0,0.5470113
0,0.05331696,56,0,0.300786632,22500.0,21,0,3,0,1.0,0.15797266
0,0.001486446,38,0,0.786378638,3332.0,6,0,1,0,2.0,0.08311348
0,0.186602871,37,0,0.195558119,10400.0,9,1,1,0,0.0,0.511873
0,0.603645873,38,0,0.111088891,10000.0,6,0,0,0,0.0,0.35495156
0,0.80166576,47,0,0.586494234,15000.0,20,0,2,0,1.0,0.70501757
0,0.0,35,0,0.0,2000.0,4,0,0,0,0.0,0.08174336
0,0.555658703,70,0,0.633085238,11285.0,16,0,3,0,0.0,0.3313473
0,0.00335473,64,0,0.033083645,8009.0,5,0,0,0,0.0,0.029211959
0,0.013906979,71,0,0.165720498,8278.0,9,0,1,0,0.0,0.058940545
0,0.00119397,29,0,296.0,0.0,5,0,0,0,0.0,0.020895066
0,0.9999999,38,1,0.362212596,3000.0,2,1,1,1,0.0,0.9074638
0,0.646116608,73,0,0.537803422,5025.0,17,0,1,0,1.0,0.37238294
1,0.327102804,65,4,0.225954809,5000.0,6,0,1,1,0.0,0.8651465
0,0.545205067,65,0,0.849878589,7000.0,14,0,2,0,0.0,0.4132272
0,0.213893053,27,0,0.009991674,1200.0,1,0,0,0,0.0,0.32444546
0,0.106599693,62,0,0.745469522,2427.0,11,0,2,0,1.0,0.24969555
0,0.039390619,47,1,0.005955026,11250.0,5,0,0,0,0.0,0.12544964
0,0.447390932,46,0,0.378468461,12000.0,9,0,2,0,0.0,0.28701776
1,0.9999999,29,0,0.746198217,1906.0,6,0,1,0,1.0,0.5378953
0,0.0,63,0,0.255587949,1028.0,6,0,0,0,0.0,0.12050952
0,0.482583201,44,0,0.182802866,6000.0,9,0,0,0,0.0,0.2822165
0,0.414329284,46,0,0.1184048,5666.0,6,0,0,0,1.0,0.29241997
0,0.043049388,58,0,0.409387497,4750.0,13,0,1,0,0.0,0.102193944
0,0.294072158,70,0,0.80131799,10166.0,10,0,2,0,0.0,0.33551773
0,0.015408389,34,2,0.134216446,4000.0,12,0,0,0,0.0,0.60911655
0,0.708563651,51,0,0.869584118,6900.0,7,0,1,0,0.0,0.43411502
0,0.202674833,40,0,0.452727668,4600.0,8,0,2,0,3.0,0.21985713
0,0.403088139,50,0,0.530891485,9500.0,30,0,2,0,1.0,0.39911675
0,0.052871642,53,0,0.084727685,15000.0,21,0,0,0,0.0,0.13425086
0,0.010138654,62,0,0.51211903,4166.0,6,0,2,0,0.0,0.10830767
0,0.074968656,44,0,0.359980542,6166.0,13,0,2,0,1.0,0.14273109
0,0.9999999,59,0,0.379572206,7900.0,5,0,3,0,3.0,0.28333232
0,0.0,53,0,0.421883877,8800.0,14,0,3,0,0.0,0.2187455
0,0.344622928,63,0,0.245918027,3000.0,9,0,1,0,1.0,0.28049922
0,0.084352594,66,0,0.075745367,2481.0,10,0,0,0,0.0,0.19045404
0,0.636375142,26,2,1.459196102,820.0,7,0,0,0,0.0,0.48358762
0,0.38050497,60,0,0.754803294,7650.0,24,0,4,0,0.0,0.4518703
0,0.020855985,85,0,0.005847953,3077.0,4,0,0,0,0.0,0.033066384
0,0.873277702,31,0,0.293926518,4000.0,6,0,0,0,0.0,0.5039933
0,0.009670197,69,0,0.55227078,2333.0,11,0,1,0,0.0,0.09587433
0,0.706647038,34,0,1.234267791,5100.0,4,0,1,0,0.0,0.5893111
0,0.029891011,78,0,0.003999333,6000.0,3,0,0,0,1.0,0.034070548
0,0.017911329,56,0,0.178226514,6833.0,12,0,1,0,1.0,0.07770646
0,0.013058136,53,0,0.095592353,12500.0,7,0,0,0,1.0,0.11213378
1,0.460321168,43,1,0.502492154,10833.0,15,0,4,0,3.0,0.60127974
0,0.730954484,47,0,0.671793886,5200.0,11,0,0,0,2.0,0.6511487
0,0.006666578,71,0,0.540409932,6000.0,14,0,1,0,0.0,0.07455944
0,0.020374491,59,0,0.249218848,8000.0,5,0,1,0,2.0,0.039786067
0,0.9999999,77,0,0.153459943,4580.0,7,0,1,0,1.0,0.16893916
0,0.316367015,50,0,0.522895421,5000.0,19,0,1,0,0.0,0.44537482
0,0.029709423,48,0,0.310922269,4000.0,16,0,1,0,3.0,0.10815252
0,0.0,50,1,0.228607515,15834.0,7,0,1,0,1.0,0.22064032
0,0.080781212,54,0,0.469012395,2500.0,14,0,1,0,0.0,0.17993316
0,0.378708892,59,0,0.77789628,7500.0,20,0,3,0,0.0,0.4006839
0,0.015116661,46,0,0.325586967,4173.0,6,0,1,0,2.0,0.100366145
0,0.024927321,75,0,0.00879824,5000.0,4,0,0,0,1.0,0.02403189
0,0.9999999,39,0,0.012516129,15499.0,1,0,0,0,0.0,0.69629806
0,0.687687496,32,0,0.369941615,9933.0,9,0,2,0,3.0,0.47177666
0,0.023778457,62,0,0.214560983,9600.0,9,0,1,1,0.0,0.51862466
0,0.281933111,54,0,0.271281722,6225.0,5,0,1,0,0.0,0.13571715
0,0.311474044,56,0,0.719363199,2700.0,9,0,1,0,0.0,0.358414
0,0.28711917,65,0,0.242859397,19010.0,13,0,2,0,1.0,0.047880106
0,0.160675245,58,0,0.086554246,6700.0,3,0,0,0,0.0,0.18675789
0,0.356688548,34,0,0.447883013,5880.0,8,0,2,0,1.0,0.27759922
0,0.050391957,62,0,0.310737852,5000.0,6,0,2,0,0.0,0.10034066
0,0.0,32,0,0.077926421,2989.0,5,0,1,0,1.0,0.12294399
0,0.214195598,43,0,0.984308658,5416.0,17,0,5,0,2.0,0.7227484
0,1.083836351,37,0,0.136575616,1500.0,1,1,0,0,1.0,0.8827162
0,0.147144355,52,0,0.372216776,7140.0,12,0,1,0,3.0,0.16881263
0,0.0,37,1,0.0,5300.0,1,0,0,0,0.0,0.26709706
0,0.9260493,32,0,0.197871311,2066.0,5,0,0,0,1.0,0.5936617
0,0.670333104,53,0,0.062509743,6414.0,8,0,0,0,0.0,0.46253872
0,0.001021717,46,0,0.000331565,3015.0,4,0,0,0,0.0,0.040005
0,0.923519285,70,0,0.497096604,5682.0,8,0,1,0,0.0,0.23686992
0,0.000464637,50,1,0.172056132,4916.0,4,0,1,0,0.0,0.28756765
0,0.057168831,46,0,0.270072993,10000.0,14,0,2,0,1.0,0.13613038
0,0.060645235,53,1,0.441955193,5400.0,12,0,1,0,2.0,0.37294325
0,0.339852839,61,1,0.395344186,25000.0,24,0,10,0,0.0,0.28330755
0,0.056217847,73,0,0.253763441,8834.0,14,0,2,0,0.0,0.0881515
0,0.02348728,63,0,0.170146841,7422.0,6,0,2,0,0.0,0.06579555
1,0.751730621,48,5,0.308338332,1666.0,13,0,0,0,2.0,0.8721334
0,0.011812635,80,0,0.003504432,4850.0,7,0,0,0,0.0,0.02729846
0,0.001821682,65,0,0.153803688,9056.0,14,0,1,0,1.0,0.08022701
0,0.094456931,40,0,0.951709658,3333.0,15,0,2,0,2.0,0.2881277
0,0.955215885,41,1,1.114295235,3000.0,9,1,2,0,2.0,0.9267383
0,0.001015203,84,0,0.00019996,5000.0,7,0,0,0,0.0,0.03130549
0,0.533744376,39,0,1.163826403,4400.0,8,0,2,0,0.0,0.5843228
0,0.300474535,48,2,0.86197049,2100.0,10,0,1,1,3.0,0.83661306
0,0.131268174,79,0,0.343137255,8363.0,5,0,2,0,0.0,0.07324505
0,0.044254378,68,0,0.121434872,3400.0,8,0,1,0,0.0,0.047135442
1,0.143098514,88,4,0.13655814,10749.0,8,0,1,0,0.0,0.7913637
1,1.060939061,39,2,0.574440433,6924.0,6,3,4,2,0.0,0.9791525
0,0.013849308,77,0,0.001104972,7239.0,6,0,0,0,0.0,0.05341924
0,0.000117034,75,0,18.0,0.0,9,0,0,0,0.0,0.10358412
0,0.19594065,32,1,0.597915762,2302.0,3,0,1,1,1.0,0.75576377
0,0.9999999,49,1,0.0,2036.0,0,0,0,0,0.0,0.732168
0,0.15812764,61,0,0.01688325,9772.0,3,0,0,0,0.0,0.22818911
0,0.020335244,82,0,0.176145908,4166.0,7,0,1,0,0.0,0.04547426
0,0.309051955,58,0,0.145185829,4600.0,8,0,0,0,0.0,0.21743776
0,0.154663967,25,0,0.006665432,5400.0,3,0,0,0,1.0,0.20985813
0,0.0,44,0,0.133580705,9701.0,11,0,1,0,2.0,0.22098815
0,0.096128238,53,0,0.283167278,5720.0,12,0,1,0,0.0,0.11218902
0,0.0,45,0,0.40409576,10400.0,7,0,1,0,2.0,0.09490347
0,0.061090427,44,0,0.340352463,11064.0,8,0,2,0,3.0,0.08475893
0,0.069130129,53,0,0.244548138,10500.0,24,0,2,0,3.0,0.21037763
0,0.015226912,88,0,0.058397571,4280.0,9,0,1,0,0.0,0.05390404
0,0.133669851,49,0,0.287965882,10785.0,9,0,1,0,1.0,0.13653603
0,0.953976943,37,0,0.831659493,2090.0,6,0,1,0,1.0,0.54980505
0,0.111050167,42,0,0.949683439,3000.0,8,0,2,0,0.0,0.2037443
0,0.767529299,68,0,0.503300804,6967.0,3,0,1,0,0.0,0.18717758
0,0.0,67,0,0.254542338,5833.0,10,0,1,0,0.0,0.12978142
0,0.138322707,52,0,0.368763124,10000.0,10,0,2,0,3.0,0.1780432
0,0.328597382,44,0,0.546872656,6666.0,8,0,2,0,2.0,0.26370287
0,0.2656947,78,1,0.628474305,5000.0,13,1,2,0,1.0,0.7293066
0,0.6053933,49,1,0.635458549,5222.0,14,0,1,0,0.0,0.6930269
0,0.128834356,61,0,0.623308054,10416.0,21,0,3,0,0.0,0.20933764
0,0.0303426,36,0,0.37429917,8917.0,7,0,2,0,0.0,0.12504846
0,0.670774203,47,0,0.322836538,4159.0,7,0,1,0,0.0,0.39908743
0,0.928298335,36,1,0.581434196,8380.0,13,0,2,0,3.0,0.7535075
0,0.001212121,62,0,1116.0,0.0,13,0,1,0,0.0,0.0578254
0,0.58450831,82,0,0.332166958,4000.0,6,0,1,0,0.0,0.1832945
0,0.00656571,52,0,0.276551653,9650.0,8,0,2,0,2.0,0.08010556
0,0.317784988,40,0,0.887900976,5735.0,12,0,2,0,3.0,0.49150333
0,0.331605546,72,1,0.203554568,3600.0,4,0,1,0,0.0,0.3336209
0,0.002587931,58,0,0.169098143,3015.0,5,0,0,0,0.0,0.08187384
0,0.030213746,62,0,0.203846154,6499.0,8,0,1,0,0.0,0.06037191
0,0.1966031,62,0,0.555216353,7533.0,24,0,2,0,0.0,0.12993397
0,0.0,69,0,0.827236916,1776.0,8,0,1,0,1.0,0.07982566
0,0.237664111,65,0,0.132657823,15000.0,17,0,1,0,0.0,0.15123872
0,0.015566148,67,0,0.236443351,13000.0,4,0,3,0,0.0,0.044695914
0,0.330403556,50,0,1.048264531,4868.0,11,0,4,0,1.0,0.64123976
0,0.420583981,52,0,0.533064375,5700.0,18,0,1,0,1.0,0.5009774
0,0.829308535,29,1,0.334784143,8500.0,11,0,0,0,2.0,0.6934089
0,1.466550825,42,4,0.366161616,2375.0,6,5,0,0,3.0,0.98660904
1,0.9999999,52,0,0.011244378,5335.0,2,2,0,0,1.0,0.90658087
0,0.432858869,49,0,0.772371271,6000.0,15,0,2,0,2.0,0.5433109
0,0.125102511,69,0,0.285589301,8000.0,10,0,2,0,0.0,0.076973826
0,0.360576167,43,1,0.240766713,6416.0,10,0,1,0,3.0,0.43895605
0,0.0,58,0,0.132574778,11600.0,10,0,3,0,1.0,0.13814633
0,0.444815615,63,0,0.647243197,7018.0,17,0,4,0,1.0,0.43893299
0,0.294727181,62,0,0.483172276,3000.0,11,0,1,0,0.0,0.22920564
0,0.922453877,49,0,0.808857809,5147.0,7,0,1,0,2.0,0.58932954
0,0.142188258,54,0,0.461529228,8330.0,6,0,2,0,1.0,0.1299703
0,0.344721128,49,0,0.348680117,11250.0,9,0,2,0,2.0,0.22525406
0,0.000393236,57,0,0.372136141,7550.0,14,0,2,0,1.0,0.1757834
0,0.21132745,54,0,0.208366963,7433.0,12,0,1,0,1.0,0.13360545
0,0.97910209,68,0,0.416656864,8500.0,11,0,2,0,0.0,0.27983645
0,0.492709356,54,0,0.150690941,4558.0,7,0,0,0,0.0,0.31504342
0,0.0,39,0,0.736280826,4500.0,10,0,2,0,1.0,0.37085605
0,0.0,68,0,0.123705867,3766.0,2,0,1,0,1.0,0.04672599
0,0.059242595,29,0,0.239040529,1208.0,3,0,0,0,0.0,0.094875194
0,0.327437031,26,0,0.078651685,800.0,7,0,0,1,0.0,0.46638107
0,0.531390477,63,1,0.125858276,15000.0,9,0,0,0,0.0,0.46469665
0,0.006578601,75,0,0.001138952,3511.0,7,0,0,0,0.0,0.02497971
0,0.063793621,48,0,0.43477238,8500.0,8,0,4,0,0.0,0.19023822
0,0.070110701,56,0,0.410285714,5249.0,8,0,1,0,0.0,0.1521603
1,0.9999999,48,3,0.454627134,1112.0,3,1,0,0,0.0,0.92502266
0,0.310141261,81,0,0.186080857,5416.0,6,0,1,0,0.0,0.08612587
0,0.290706075,39,0,0.67554693,5667.0,12,0,2,0,2.0,0.32885882
0,0.9999999,75,0,0.167249825,2857.0,2,0,0,0,1.0,0.36486492
1,0.781020614,58,5,1.445030783,1136.0,5,0,1,2,3.0,0.93434703
0,0.083880003,53,0,0.199647533,7943.0,8,0,1,0,0.0,0.08445556
0,0.010635044,82,0,0.002514993,5168.0,7,0,0,0,0.0,0.06708511
0,0.031510123,46,1,0.006273764,5259.0,5,0,0,0,0.0,0.27877277
0,0.053758925,83,0,0.373523175,3300.0,6,0,0,0,0.0,0.14565398
0,0.13431612,55,0,0.38587781,7250.0,22,0,2,0,2.0,0.16842219
0,0.007927181,65,0,0.002499375,4000.0,9,0,0,0,1.0,0.07903272
0,0.129787705,65,0,0.696434522,3000.0,15,0,3,0,0.0,0.27861488
0,0.048934442,60,0,0.007802975,4100.0,12,0,0,0,0.0,0.14331204
0,0.574817366,54,0,0.451939741,7500.0,8,0,2,0,0.0,0.22465363
0,0.05088722,73,0,0.021138211,10454.0,10,0,0,0,0.0,0.04369879
0,0.0,48,0,0.001076757,6500.0,2,0,0,0,3.0,0.1594691
0,0.967812535,53,1,0.467519685,3047.0,10,0,1,0,0.0,0.7640538
0,0.012682196,41,0,0.120621543,7593.0,8,0,1,0,0.0,0.077333644
0,0.0,27,0,0.052393014,7500.0,4,0,0,0,0.0,0.13415433
0,0.156160854,44,0,0.486562942,4241.0,8,0,2,0,0.0,0.2035543
0,0.292114081,33,0,0.334611697,7300.0,8,0,2,0,0.0,0.17732616
0,0.065455174,70,0,0.29615641,4500.0,15,0,1,0,0.0,0.059626166
0,0.236176382,35,0,0.021257212,3292.0,2,0,0,0,1.0,0.21722399
0,0.137824634,34,0,0.266674796,8200.0,3,0,1,0,0.0,0.17692883
0,0.679980378,48,0,0.457286432,11143.0,7,0,2,0,4.0,0.28892043
0,0.110086983,69,0,0.044986386,8446.0,20,0,0,0,0.0,0.09951176
0,0.068885656,50,0,0.210990826,23000.0,27,0,2,0,1.0,0.23113185
0,0.073848154,69,0,0.161538462,2989.0,6,0,0,0,0.0,0.1041667
0,0.057270281,63,0,0.11451291,31061.0,17,0,1,0,0.0,0.0404141
0,0.0,41,0,0.0,8333.0,1,0,0,0,2.0,0.13533667
0,0.005532964,43,0,0.00037843,5284.0,1,0,0,0,1.0,0.05351122
0,0.001104267,46,0,0.285007072,8483.0,6,0,1,0,3.0,0.05173321
0,0.153140624,44,2,0.255909742,5583.0,12,0,1,0,0.0,0.42177054
0,0.637952559,28,0,0.178256611,4083.0,4,0,0,0,0.0,0.38093725
0,0.979077996,43,0,0.074356877,11000.0,3,0,0,0,1.0,0.44994146
0,0.9999999,57,5,0.302963291,2260.0,6,1,0,2,0.0,0.9660271
0,0.057716485,76,0,88.0,0.0,3,0,0,0,0.0,0.080628835
0,0.896790495,53,0,0.737937449,8600.0,15,0,2,0,1.0,0.7279637
0,0.020267798,29,0,0.012516185,2316.0,6,0,0,0,0.0,0.13964617
0,0.0,61,0,0.000975134,4101.0,4,0,0,0,0.0,0.06991099
0,0.045336925,45,0,0.195540148,10672.0,7,0,2,0,3.0,0.04523647
0,0.233863918,70,0,2.33744856,1700.0,15,0,5,0,0.0,0.66602194
0,0.571355552,51,0,0.732544576,6000.0,8,0,1,0,2.0,0.45675525
0,0.459584597,49,0,0.334440119,17467.0,26,0,8,0,1.0,0.4446827
0,0.252991095,37,2,3.651675485,1133.0,12,0,2,0,3.0,0.74048567
1,0.769158901,58,0,1.322347713,5400.0,15,0,2,0,0.0,0.63959664
0,0.005459146,81,0,0.333989267,5589.0,8,0,2,0,0.0,0.043776512
0,0.001838168,53,0,0.713095635,3000.0,5,0,1,0,0.0,0.12458379
0,0.938967622,64,1,0.497233518,15000.0,6,0,2,0,3.0,0.37469918
0,0.222653912,69,0,0.68426448,1950.0,11,0,0,0,0.0,0.22053008
0,0.602073299,46,0,0.431752765,6600.0,10,0,2,0,2.0,0.43625915
0,0.0,37,0,0.372395469,7150.0,3,0,2,0,2.0,0.17713048
1,0.682727362,43,3,0.691102966,3000.0,8,2,2,0,1.0,0.9409555
0,1064.0,81,0,0.002980483,10400.0,4,0,0,0,0.0,0.03975441
0,0.9999999,38,0,0.643727599,2789.0,5,0,1,0,9.0,0.35367578
0,0.9999999,36,0,0.966813275,2500.0,7,0,1,0,0.0,0.5177127
0,0.0,63,0,0.426816494,10500.0,9,0,1,0,0.0,0.15249613
0,0.01832504,43,0,0.002509,9166.0,5,0,0,0,1.0,0.04993273
0,0.027996267,69,0,0.359440093,6000.0,8,0,2,0,0.0,0.05742891
0,0.040648018,70,0,0.093722981,5782.0,9,0,0,0,0.0,0.057284035
0,0.075615973,67,0,0.577896138,750.0,3,0,0,0,0.0,0.1193724
0,0.002808391,29,0,0.000521648,1916.0,7,0,0,0,0.0,0.034562472
0,0.9999999,52,0,0.004430811,2933.0,1,0,0,0,0.0,0.72418165
1,0.235950701,32,0,0.292376682,2229.0,9,0,0,0,0.0,0.3851299
0,0.275121689,52,0,0.368367231,8800.0,13,0,2,0,0.0,0.14168222
0,0.263473653,38,0,0.543129733,10166.0,5,0,2,0,1.0,0.24446371
0,0.945023096,42,0,0.562820859,3700.0,9,0,1,0,0.0,0.6187584
0,0.615663613,61,0,1.179663938,2320.0,16,0,1,0,0.0,0.55514365
0,0.189886047,64,0,0.197280272,10000.0,15,0,1,0,0.0,0.13659672
0,0.005472365,59,0,0.173119663,8548.0,7,0,1,0,0.0,0.05657049
0,0.472179744,39,1,0.107142857,3667.0,4,0,0,0,0.0,0.5007176
0,0.613938728,36,0,0.254114752,6500.0,10,0,0,0,2.0,0.4256595
0,0.9999999,33,0,0.456089277,2060.0,5,0,1,0,0.0,0.48716506
1,0.311377246,41,0,0.353858457,2500.0,3,0,0,0,4.0,0.3919473
0,0.100534133,45,1,0.046189568,12058.0,8,0,0,0,4.0,0.16819094
0,0.222672811,74,0,0.004643963,7751.0,6,0,0,0,0.0,0.13986172
0,0.9999999,51,0,0.044568245,3230.0,3,0,0,0,0.0,0.62106067
0,0.0,40,0,0.365439093,6000.0,7,0,2,0,2.0,0.14202295
0,0.959481847,46,0,0.263496834,9316.0,7,0,0,0,3.0,0.48856258
0,0.028384606,66,0,0.332583371,20000.0,25,0,4,0,1.0,0.089281514
0,0.126499778,36,0,0.451451644,5200.0,5,2,1,0,1.0,0.84055805
0,0.419053964,52,0,1.03327787,600.0,3,0,1,0,0.0,0.26575127
1,1.013589129,48,0,0.107101816,4350.0,7,0,0,0,0.0,0.7126469
0,0.44264181,56,1,0.106504469,12083.0,11,0,0,0,0.0,0.4673871
0,0.009999851,41,0,0.170685802,8500.0,8,0,1,0,0.0,0.09122466
0,0.083294919,54,0,0.123764026,9000.0,8,0,1,0,0.0,0.06980753
0,0.065493683,39,0,0.621751299,2500.0,4,0,1,0,2.0,0.12157683
0,0.097105582,48,0,1.254553246,4666.0,15,0,2,0,0.0,0.41398385
0,0.818363273,25,0,0.044345898,450.0,3,0,0,0,0.0,0.38945565
0,0.154428632,51,0,0.191380292,15800.0,11,0,2,0,3.0,0.117985785
0,0.219080734,61,1,0.348803012,17000.0,13,0,4,0,2.0,0.2705193
0,0.050489249,63,0,0.16160563,7672.0,4,0,1,0,1.0,0.05972535
0,0.075091821,46,0,0.335254676,8500.0,8,0,1,0,3.0,0.09380942
0,0.0,42,0,0.089565031,4666.0,6,0,1,0,0.0,0.07962125
0,0.309974169,39,0,0.193094829,6400.0,13,0,2,0,1.0,0.19975287
0,0.9999999,65,0,1277.5,1.0,5,0,1,0,1.0,0.14304294
0,0.969806039,29,0,0.200613839,3583.0,7,0,0,2,1.0,0.87900954
0,0.014083737,67,0,0.129409265,4705.0,7,0,1,0,0.0,0.051805854
0,0.166008019,54,0,0.509595613,2917.0,13,0,1,0,0.0,0.24555412
0,0.0,39,0,0.286580895,15000.0,6,0,1,0,5.0,0.06385292
0,0.994727752,62,0,0.402064451,3971.0,8,0,0,0,0.0,0.46160835
0,0.0,45,1,0.296108291,6500.0,10,0,2,0,2.0,0.3411254
0,0.618052428,28,0,0.067386523,5000.0,5,0,0,0,0.0,0.39049917
0,0.369404521,43,0,0.445922782,12250.0,13,0,2,0,3.0,0.17237528
0,0.804654367,50,0,0.266686666,6666.0,11,0,0,0,2.0,0.55576843
0,0.0,62,0,0.362613819,1866.0,11,0,0,0,0.0,0.2223245
0,0.118776245,37,0,0.404548711,5583.0,7,0,1,0,0.0,0.14408553
0,0.018108432,69,0,1.415631627,3300.0,13,1,2,0,0.0,0.8062134
0,0.0469715,48,0,0.07184032,25500.0,9,0,2,0,2.0,0.13317251
0,0.017874553,71,0,0.078793697,12500.0,10,0,1,0,1.0,0.057378158
0,0.008510437,54,0,0.137605564,4025.0,10,0,0,0,0.0,0.10920148
0,0.004699765,71,0,838.0,0.0,4,0,1,0,0.0,0.012465568
0,0.895017497,40,0,0.915463918,2424.0,5,0,2,0,3.0,0.5829345
0,0.027329689,35,0,0.001475289,4066.0,1,0,0,0,0.0,0.08927884
1,0.363520384,54,0,0.35503717,3900.0,6,0,1,0,0.0,0.21077874
0,0.443975917,52,0,0.535377358,7207.0,29,0,1,0,1.0,0.487856
1,0.815758526,25,1,0.369279327,1900.0,5,0,0,0,1.0,0.81670064
0,0.257581561,42,0,0.165413534,6250.0,4,0,0,0,0.0,0.15962738
0,0.074101568,80,0,0.009958176,5020.0,4,0,0,0,1.0,0.04355345
0,0.460103349,34,0,0.719493477,2605.0,8,0,1,0,0.0,0.3496174
0,0.238144066,27,0,0.165925267,2247.0,4,0,0,0,3.0,0.38520646
0,0.262463547,59,1,0.587342666,8500.0,16,0,2,0,1.0,0.34038213
1,0.9999999,38,1,0.386823891,3900.0,3,1,1,2,2.0,0.9572803
0,0.093512619,43,0,0.34816319,16250.0,5,0,2,0,0.0,0.094263256
0,0.028745631,66,0,0.006225945,8833.0,6,0,0,0,0.0,0.051919542
0,0.404949381,60,0,0.13277897,3727.0,5,0,0,0,4.0,0.3500567
0,0.162870427,59,0,0.269900658,7750.0,20,0,1,0,0.0,0.15695018
0,0.164416712,49,1,0.202999348,4600.0,9,0,1,0,1.0,0.42785844
1,0.807172946,55,5,0.332384699,11946.0,14,0,3,0,1.0,0.8442044
0,0.491630297,30,0,0.869612459,2760.0,6,0,2,0,0.0,0.45998436
0,0.004453055,62,0,1.538773061,6666.0,17,0,4,0,0.0,0.39133117
0,0.049902412,85,0,0.018557318,3340.0,5,0,0,0,1.0,0.024602443
0,0.135995055,45,0,0.177925434,5417.0,19,0,1,0,0.0,0.20106699
0,0.349314554,71,0,0.383392058,10500.0,7,0,2,0,1.0,0.10473554
0,0.22578243,69,0,0.398052343,1642.0,7,0,0,0,1.0,0.21374713
0,0.794280837,69,0,0.384542136,6300.0,8,0,2,0,0.0,0.20945615
0,0.293324904,41,0,0.320079061,8600.0,11,0,1,0,3.0,0.19970658
0,0.380859949,63,1,0.355043685,3776.0,6,0,1,0,0.0,0.42908078
0,0.135039316,41,0,0.033693489,7033.0,3,0,0,0,1.0,0.16209204
0,0.141611218,63,0,0.354596147,11835.0,8,0,2,0,1.0,0.08062703
0,0.925297498,50,0,0.441171219,5600.0,19,0,2,0,0.0,0.662946
0,0.1728318,43,2,0.274060495,12000.0,9,0,1,0,3.0,0.48812133
0,0.277556517,43,0,0.311721992,5783.0,15,0,1,0,2.0,0.1715932
0,0.445083775,64,0,0.243416011,53500.0,23,0,5,0,0.0,0.19320372
0,0.076610844,41,0,0.349094839,3700.0,4,0,1,0,2.0,0.12084247
0,0.094072648,39,0,0.382065046,9500.0,4,0,1,0,0.0,0.113794364
0,0.051970093,64,0,0.025316456,1500.0,7,0,0,0,0.0,0.14976068
0,0.013133041,52,0,1186.0,0.0,7,0,1,0,0.0,0.04082318
0,0.00305033,77,0,0.0,3571.0,1,0,0,0,0.0,0.026010808
0,0.197750148,30,0,0.031799042,6886.0,7,0,0,0,0.0,0.0734533
0,0.00574175,67,0,0.002332556,3000.0,5,0,0,0,0.0,0.051440585
0,0.907163543,40,1,0.389689821,6866.0,11,0,1,0,2.0,0.6378993
0,0.126645559,32,0,0.1317485,4500.0,6,0,0,0,0.0,0.14657885
0,0.085216632,72,0,0.235944022,4072.0,4,0,1,0,0.0,0.04679526
0,0.193201056,51,0,0.244088907,19750.0,8,0,2,0,0.0,0.09339653
0,0.783216783,23,0,0.028014616,820.0,2,0,0,0,0.0,0.4312409
0,0.006825939,58,0,0.436394401,6500.0,10,0,4,0,2.0,0.1353934
0,0.023864848,59,0,0.437179141,3700.0,10,0,1,0,0.0,0.14142896
0,0.446954783,51,0,0.222841761,5200.0,7,0,0,0,0.0,0.3354173
0,0.946727938,31,0,0.725709716,2500.0,8,0,0,0,0.0,0.571382
1,0.499030711,30,0,0.706407323,4369.0,4,0,1,0,0.0,0.46726617
0,0.00252249,63,0,0.225155449,9166.0,13,0,3,0,0.0,0.07816101
0,0.132438338,62,0,0.403876582,2527.0,12,0,0,0,0.0,0.21883887
0,0.338732254,74,0,0.069332754,4600.0,5,0,0,0,0.0,0.20762798
0,0.534186325,56,0,0.019436346,2057.0,1,0,0,0,0.0,0.47924244
0,0.46804433,29,1,0.236568097,2400.0,6,1,0,0,0.0,0.8143088
1,0.9999999,51,0,0.0,2871.0,1,0,0,1,0.0,0.8791282
0,0.002264523,70,0,0.009498417,6000.0,5,0,0,0,0.0,0.019964201
0,0.202212236,33,0,0.325160676,4200.0,7,0,1,0,3.0,0.20444047
0,0.0,51,0,0.349907919,3800.0,11,0,1,0,0.0,0.18018992
0,0.106735078,85,1,0.057825485,5775.0,5,0,0,0,0.0,0.27811828
0,0.431203183,47,0,0.421329742,8166.0,13,0,2,0,2.0,0.27756768
0,0.425759456,57,0,0.519461516,6833.0,26,0,2,0,0.0,0.19981642
0,0.355284618,70,0,1.112468408,2373.0,8,0,1,0,1.0,0.16742676
0,0.453895579,45,0,0.098123654,3250.0,4,0,0,0,0.0,0.23325476
0,0.9999999,40,0,0.233063911,12000.0,5,0,1,0,2.0,0.34393823
0,0.807488939,39,0,0.495736548,3400.0,9,0,1,0,2.0,0.536191
0,0.081232008,83,0,0.046230737,2400.0,4,0,0,0,0.0,0.06496892
0,0.0,49,0,0.454973514,1698.0,8,0,0,0,0.0,0.13057637
0,0.04469972,43,0,0.136402596,8166.0,12,0,1,0,5.0,0.22078998
0,0.178911971,65,0,0.248895925,12000.0,9,0,3,0,0.0,0.10018344
0,0.02365967,82,0,0.011830319,5916.0,15,0,0,0,0.0,0.21265794
0,0.080094886,52,0,0.027192749,3750.0,11,0,0,0,0.0,0.19326083
0,0.396984417,59,0,0.343923573,4500.0,16,0,1,0,0.0,0.33017308
0,0.833851529,68,1,0.820071971,2500.0,10,0,1,0,0.0,0.59481984
0,0.718474952,53,0,0.500848896,5300.0,11,0,0,0,2.0,0.567874
0,0.9999999,70,0,0.078730317,4000.0,3,0,0,0,2.0,0.32019466
0,0.610730179,63,0,0.549987281,7861.0,19,0,1,0,1.0,0.4795909
0,0.9999999,62,1,0.134017833,3700.0,1,1,1,0,2.0,0.91927916
0,0.325908311,29,0,0.156198542,4250.0,5,0,0,0,0.0,0.21823737
0,0.96200304,42,0,0.603604882,7045.0,9,0,2,0,2.0,0.6390333
0,0.006995461,67,0,0.24920313,3450.0,8,0,0,0,0.0,0.101945646
0,0.168230084,62,0,0.242451067,10166.0,2,0,1,0,0.0,0.09431339
1,1.388611389,27,0,0.036021023,7800.0,3,0,0,1,0.0,0.89187133
0,0.015611136,45,0,0.137558634,9166.0,8,0,1,0,3.0,0.067054346
0,0.093646841,40,0,0.160209948,4000.0,4,0,0,0,1.0,0.115218386
0,0.173066431,45,0,0.382702162,8000.0,17,0,3,0,7.0,0.12379375
0,0.408196829,50,0,0.28682515,4500.0,5,0,1,0,0.0,0.24012315
0,0.100641139,32,0,0.008331945,6000.0,2,0,0,0,0.0,0.09673389
0,0.342069021,45,0,0.251994158,8900.0,14,0,1,0,4.0,0.24044979
0,0.214060457,58,0,0.055296469,1500.0,2,0,0,0,0.0,0.18222186
0,0.179422875,41,0,0.34166011,5083.0,4,0,1,0,2.0,0.16808462
0,0.0,73,0,0.27384077,8000.0,7,0,1,0,1.0,0.093213186
0,0.0,44,0,0.897001304,3834.0,19,0,2,0,2.0,0.1104675
0,0.606124194,52,2,0.550985433,3500.0,15,0,1,0,0.0,0.7813129
0,0.173882135,55,0,0.404384536,6750.0,8,0,3,0,1.0,0.12402713
0,0.044121015,35,0,0.191635601,8583.0,6,0,1,0,2.0,0.08365666
0,0.16631667,49,0,0.470452955,10000.0,13,0,1,0,2.0,0.17821674
0,0.037451691,54,0,0.319842858,13490.0,16,0,2,0,1.0,0.12282537
0,0.570046943,37,0,0.411732754,1840.0,8,0,0,0,1.0,0.45488682
0,0.0,69,0,0.434260957,6000.0,9,0,1,0,0.0,0.06918649
0,0.0,47,0,0.624146069,8050.0,12,0,3,0,0.0,0.27664813
0,0.343241523,32,0,0.426524492,3000.0,6,0,1,0,0.0,0.27223647
0,0.030024744,64,0,0.554978009,2500.0,11,0,1,0,0.0,0.13926907
0,0.921026325,61,0,1.151241535,3100.0,14,0,3,0,0.0,0.6679104
0,0.005491336,68,0,0.438518188,4480.0,9,1,1,0,0.0,0.3850155
0,0.0,76,0,0.089454739,7500.0,9,0,0,0,1.0,0.11308735
0,0.092283078,37,0,0.096723706,9583.0,5,0,2,0,3.0,0.06251284
0,0.484099431,60,0,0.079946702,1500.0,4,0,0,1,0.0,0.6605707
0,0.999935216,64,0,0.453081073,13160.0,14,0,2,0,1.0,0.35907322
0,0.9999999,36,1,0.007971201,11666.0,3,0,0,0,0.0,0.55775183
0,0.264030988,64,0,0.855487389,4400.0,7,0,2,0,0.0,0.14636484
0,0.016826633,57,0,0.165845649,7916.0,11,0,1,0,1.0,0.07478049
0,0.162856774,41,0,0.071306136,5833.0,6,0,0,0,0.0,0.17041071
0,0.863654538,28,0,0.171306747,3986.0,3,0,0,0,0.0,0.44160452
1,0.557826908,27,0,0.076852023,5412.0,4,0,0,1,0.0,0.7928421
0,0.920776102,64,1,0.720086083,6969.0,16,0,1,0,2.0,0.5935217
0,1.023952096,25,0,0.123251166,1500.0,4,0,0,0,0.0,0.76797813
0,0.482376925,46,0,0.471683698,10470.0,12,0,2,0,1.0,0.30549875
0,0.001651771,90,1,0.000799872,6250.0,8,0,0,0,0.0,0.062273234
0,0.00935975,68,0,0.182781722,10000.0,8,0,2,0,0.0,0.045176495
0,0.0,44,0,0.0,3935.0,9,0,0,1,0.0,0.24209799
0,0.061270871,44,0,0.209108848,18750.0,6,0,2,0,4.0,0.05457712
0,0.142877746,52,0,0.046757452,10500.0,13,0,0,0,0.0,0.115059964
0,0.9999999,39,0,0.65976437,2800.0,6,0,2,0,0.0,0.52132875
0,0.065752079,37,0,0.138445808,4889.0,5,0,0,1,2.0,0.5029643
0,0.0,45,0,563.0,1.0,4,0,1,0,2.0,0.060415443
0,0.011462034,86,0,0.001941957,9268.0,5,0,0,0,0.0,0.02559284
0,0.088885411,69,0,1.150626051,5350.0,14,0,4,0,0.0,0.25543728
0,0.032676798,62,0,0.157273769,8729.0,9,0,1,0,0.0,0.08659034
0,0.02038773,82,0,0.009665056,6000.0,8,0,0,0,0.0,0.113654725
0,0.556481173,32,0,0.177564487,5000.0,9,0,0,0,0.0,0.44249308
0,0.066046577,71,0,0.252388721,4290.0,15,0,1,0,0.0,0.07572199
0,0.104169973,57,0,0.689655172,15833.0,9,0,1,0,1.0,0.13052829
0,0.9999999,29,0,0.0,1752.0,0,0,0,0,5.0,0.6744906
0,0.019668566,79,0,0.002111375,11366.0,4,0,0,0,0.0,0.010850966
0,0.329063678,63,0,0.317504182,13750.0,13,0,3,0,1.0,0.16626638
0,0.617345664,49,1,0.396464035,8257.0,6,0,1,0,2.0,0.52322876
0,0.925672768,40,0,0.564385451,5800.0,10,0,1,0,1.0,0.6549349
0,0.153299313,48,0,0.512849162,2684.0,10,0,2,0,1.0,0.26794615
0,0.003168594,77,0,0.574209246,2876.0,10,0,2,0,0.0,0.20054424
0,0.241137943,39,0,0.700341006,4691.0,9,0,2,0,0.0,0.40303245
0,0.060757376,84,0,0.364727055,1666.0,20,0,1,0,0.0,0.2298879
0,0.618846038,43,0,0.166474179,6060.0,2,0,0,0,4.0,0.47039032
0,0.482247411,59,0,0.280901469,13000.0,17,0,3,0,0.0,0.3031589
0,0.37552697,49,2,0.473860309,4781.0,7,0,1,0,3.0,0.59980506
0,0.0,37,0,0.428293316,1540.0,13,0,1,0,2.0,0.11919483
0,0.03886538,72,0,0.016599685,5722.0,7,0,0,0,0.0,0.035737313
0,0.014014919,69,0,0.008891308,5510.0,9,0,0,0,1.0,0.036657363
0,0.012238197,33,0,0.630123292,3000.0,7,0,1,0,0.0,0.2200137
0,0.036706571,48,0,0.955213436,1428.0,6,0,1,0,0.0,0.12597792
0,0.717607973,34,1,0.096829477,3500.0,2,0,0,1,1.0,0.8215027
0,0.071226955,54,0,0.187619307,11000.0,15,0,2,0,1.0,0.14881408
0,0.223309377,41,0,0.411704161,6800.0,11,0,2,0,2.0,0.17156194
0,0.368875933,68,0,1687.5,1.0,31,0,1,0,0.0,0.016132114
0,0.9999999,58,0,0.0,5200.0,2,0,0,0,0.0,0.37030828
0,0.026304436,67,0,0.395429363,5775.0,14,0,1,0,0.0,0.12926553
0,0.447466239,44,0,0.443923077,12999.0,8,0,2,0,2.0,0.23236832
0,0.334610898,64,0,0.306058713,1600.0,2,0,1,0,0.0,0.15201816
0,0.675953383,40,0,0.462222222,3599.0,10,0,1,0,0.0,0.44625852
0,0.323400005,57,0,0.270746644,25473.0,18,0,2,0,1.0,0.22539067
0,0.20740504,54,0,0.390858853,8685.0,11,0,1,0,2.0,0.1540214
0,0.709657259,44,0,0.414859252,6500.0,6,0,2,0,0.0,0.38542476
0,0.064235196,72,0,0.201954713,10333.0,8,0,1,0,0.0,0.029793486
0,0.320795143,26,0,0.099875156,800.0,3,0,0,0,0.0,0.20927443
0,0.043973901,63,0,0.130760819,6400.0,6,0,1,0,1.0,0.07039544
0,0.086477467,52,0,0.09239472,17500.0,14,0,1,0,2.0,0.08741874
0,0.002599395,46,0,0.753623188,2000.0,16,0,1,0,1.0,0.13633518
0,0.043928545,34,1,0.412228797,6083.0,13,0,2,0,0.0,0.49292386
0,0.0,51,0,0.238076192,10000.0,6,0,1,0,0.0,0.11553108
0,0.109081732,48,0,0.20451674,6331.0,7,0,1,0,2.0,0.110371925
0,0.248837558,42,0,0.294056475,12500.0,7,0,1,0,2.0,0.12247359
0,0.024242503,57,0,0.365556302,10416.0,9,0,2,0,0.0,0.15150763
0,0.00641252,78,0,0.001874609,4800.0,8,0,0,0,0.0,0.023470066
0,0.9999999,47,1,0.003690037,2438.0,0,0,0,0,0.0,0.80834746
1,0.220498724,60,2,0.384769205,6000.0,9,0,2,0,0.0,0.50383705
0,0.083876003,41,0,0.089989158,8300.0,8,0,0,0,0.0,0.108113155
0,0.264671685,68,0,0.823805061,3200.0,14,0,2,0,0.0,0.23102057
0,0.300656441,52,0,0.537017167,11183.0,20,0,3,0,2.0,0.42265254
0,0.9999999,39,0,0.180781617,11488.0,6,0,1,0,2.0,0.32477885
0,0.035694876,73,0,0.029746282,8000.0,6,0,1,0,0.0,0.051306732
0,0.35078976,32,0,0.312368763,10000.0,10,0,2,0,0.0,0.29893175
0,0.104753228,65,0,0.027994401,5000.0,6,0,0,0,1.0,0.0907771
0,0.903048476,25,0,0.350383632,2736.0,11,0,0,0,0.0,0.7263177
0,0.950701249,35,0,0.279944011,5000.0,6,0,0,0,2.0,0.56290627
0,0.111492551,63,0,0.549095607,5417.0,4,0,1,0,0.0,0.08173271
0,0.928214357,30,1,0.027000777,5147.0,1,0,0,0,3.0,0.8072613
0,0.306075365,24,0,0.013994402,2500.0,6,0,0,0,1.0,0.510423
0,0.186813187,24,0,131.0,0.0,6,0,0,0,0.0,0.07653975
0,0.015848473,61,0,0.20887698,8583.0,7,0,2,0,0.0,0.06490101
0,0.028130323,47,1,0.440568762,4500.0,4,0,2,0,0.0,0.33534294
0,0.047951076,48,0,0.082073434,8333.0,12,0,0,0,0.0,0.12520637
0,0.945646814,48,0,0.289773527,7108.0,6,0,2,0,1.0,0.39840567
0,0.010032542,61,2,0.458451561,7400.0,23,0,2,0,0.0,0.44323355
0,0.463062396,26,1,0.094624246,3645.0,4,0,0,1,0.0,0.77750725
0,0.198500056,34,0,0.606605257,4450.0,5,0,1,0,0.0,0.21854007
0,0.0,45,0,1.344023324,2400.0,11,0,1,0,1.0,0.24164206
0,0.095098609,81,0,0.092501537,6507.0,6,0,1,0,0.0,0.031541303
0,0.886111273,45,1,0.430775316,7583.0,13,3,2,0,3.0,0.91802627
0,0.004803649,71,0,0.001203783,5814.0,5,0,0,0,0.0,0.036726654
0,0.950973254,48,0,0.551682205,7400.0,9,0,2,0,0.0,0.5442345
0,0.584187018,35,0,0.226580591,14250.0,5,0,2,0,0.0,0.1874243
0,0.349475847,54,1,0.331784668,9900.0,11,0,1,0,2.0,0.38357362
0,0.9999999,39,0,1.171767645,1600.0,5,0,2,0,3.0,0.5837292
0,0.028314905,60,0,1.262482168,700.0,8,0,1,0,0.0,0.118481666
0,0.97360176,56,2,0.442854342,5100.0,5,1,1,0,0.0,0.9260877
0,0.071377427,57,0,0.281718716,13800.0,15,0,2,0,3.0,0.18484326
0,0.337870881,35,1,0.267207537,3820.0,7,0,0,0,1.0,0.54309344
0,0.0,63,0,0.369441816,8455.0,6,0,2,0,0.0,0.10721424
0,0.29643004,60,0,0.324535829,6516.0,13,0,1,0,1.0,0.16276656
0,0.074467549,50,0,0.535577404,6000.0,5,0,1,0,2.0,0.2130033
0,0.035869811,54,0,0.022099448,3800.0,4,0,0,0,1.0,0.08003875
0,0.502420443,63,1,0.268207283,7139.0,4,0,2,1,1.0,0.7455529
1,0.9999999,31,0,0.079128169,4220.0,2,0,0,0,1.0,0.56629604
0,0.904007999,61,1,0.381971567,6400.0,7,0,1,0,0.0,0.59741986
0,0.00706651,57,0,566.0,0.0,5,0,1,0,0.0,0.023654237
0,0.9999999,42,1,500.0,0.0,0,0,0,0,3.0,0.4224181
0,0.73855302,43,0,0.445198836,11340.0,11,0,1,0,2.0,0.43997407
0,0.533077115,39,0,0.545670225,5900.0,11,0,2,0,0.0,0.5468224
0,0.012699275,61,0,0.309189347,6833.0,14,0,2,0,0.0,0.073895276
1,0.9999999,49,1,1642.0,0.0,1,0,1,1,3.0,0.89077157
0,0.951511126,41,0,0.016187393,5250.0,3,0,0,1,5.0,0.87790173
0,0.88609406,40,0,0.856031993,4500.0,11,0,2,0,1.0,0.74286777
0,0.9999999,30,0,0.239940015,4000.0,3,0,2,0,0.0,0.3534205
1,0.886113886,49,2,1.636486486,1479.0,5,1,1,2,1.0,0.9663774
0,0.697130366,35,1,0.433084364,8166.0,9,0,2,0,0.0,0.5794099
0,0.362177624,28,2,0.395041983,2500.0,11,0,0,0,0.0,0.80216557
0,0.06357457,35,0,0.189400883,12000.0,11,0,2,0,4.0,0.101608396
0,0.129725004,53,0,0.331185424,9000.0,5,0,2,0,1.0,0.14334556
0,0.0,77,0,0.000179996,16666.0,4,0,0,0,0.0,0.039247088
1,1.052731576,50,0,0.431104593,15000.0,11,0,2,1,2.0,0.84311587
0,0.050476145,44,1,0.01305813,7121.0,7,0,0,0,3.0,0.24066931
0,0.052329947,40,0,0.133408578,4429.0,4,0,1,0,0.0,0.061338227
0,0.472064733,53,0,1.353846154,8579.0,9,0,5,0,0.0,0.80086565
0,0.25258401,47,0,0.327752976,2687.0,7,0,0,0,2.0,0.34217757
0,0.0,30,0,0.123798539,2600.0,2,0,0,0,0.0,0.19503407
0,0.324370868,35,0,0.539115221,4000.0,8,0,2,0,0.0,0.31141782
0,0.725929489,43,4,0.482025715,3810.0,9,0,1,0,0.0,0.8046509
0,0.337213169,40,0,1.08265857,2963.0,12,1,2,0,1.0,0.8273468
0,0.101902876,63,0,0.317249387,7750.0,16,0,2,0,0.0,0.14936283
0,0.161688622,58,0,0.062645785,3000.0,2,0,0,0,0.0,0.20438847
0,0.076695292,72,0,0.311617312,4389.0,3,0,1,0,0.0,0.045773607
0,0.380052096,34,1,0.686444008,2544.0,9,0,1,0,1.0,0.50090945
0,0.087120801,66,0,0.368794326,1550.0,9,0,0,0,0.0,0.19528964
0,0.875140106,38,1,0.824559867,11416.0,8,0,3,0,1.0,0.70938534
0,0.373416748,28,0,0.2031992,4000.0,7,0,0,0,0.0,0.32738876
0,0.47740169,27,0,1069.0,0.0,9,0,0,0,0.0,0.18297756
0,0.217289136,37,0,0.320584927,8000.0,5,0,2,0,0.0,0.17573293
0,0.079730067,22,0,9.0,0.0,1,0,0,0,0.0,0.07500077
0,0.386272958,57,0,0.528968118,11667.0,10,0,2,0,2.0,0.20368709
0,0.478607717,37,0,0.281876791,5583.0,12,0,0,0,1.0,0.3795594
0,0.0,43,0,0.080783843,5000.0,2,0,0,0,2.0,0.16050488
0,0.390088472,39,0,0.326036484,3014.0,6,0,0,0,0.0,0.27984622
0,0.020916098,51,0,0.007822686,2300.0,4,0,0,0,0.0,0.1055844
0,0.2128856,66,0,0.351891786,5100.0,10,0,1,0,0.0,0.12718247
1,0.709678487,53,0,0.810506312,7366.0,12,0,4,0,2.0,0.6331175
0,0.884052033,29,0,0.779474649,1636.0,9,0,0,0,0.0,0.6774548
0,0.103438636,75,0,0.306303804,3600.0,4,0,1,0,1.0,0.057528134
0,0.9999999,60,0,0.98828125,3583.0,4,0,2,0,0.0,0.42240626
0,0.0,27,0,0.167365366,3100.0,5,0,0,0,0.0,0.21325372
0,0.178953176,50,0,0.231287425,4007.0,7,0,1,0,0.0,0.14711712
0,0.014505818,68,0,1.34156051,1255.0,20,0,3,0,0.0,0.22384547
0,0.20023525,42,0,0.762033995,7000.0,11,0,2,0,3.0,0.34642765
1,0.780794369,34,0,0.273354356,5073.0,11,0,1,0,0.0,0.58550256
0,0.85216044,49,0,0.154610027,14500.0,6,0,0,0,1.0,0.49280816
0,0.000766641,60,0,0.248028797,5833.0,5,0,1,0,0.0,0.07628586
0,0.033904693,45,0,0.216647358,11220.0,16,0,2,0,4.0,0.08951875
0,0.0,73,0,0.175701653,2600.0,4,0,1,0,0.0,0.08176002
0,0.9999999,32,0,0.0,0.0,0,0,0,0,0.0,0.49647722
0,0.823401339,39,0,0.367824238,1410.0,5,0,0,0,0.0,0.56603473
0,0.001360086,64,0,2.088227943,4000.0,14,0,3,0,0.0,0.20293956
0,0.909056461,61,0,0.570429531,25166.0,22,0,3,0,1.0,0.5099844
0,0.165766847,27,0,1.11994669,2250.0,2,0,1,0,0.0,0.26206118
0,0.024136818,88,0,0.238304678,2500.0,10,0,1,0,0.0,0.10049161
0,0.02786237,73,0,0.005452893,3300.0,9,0,0,0,0.0,0.05515695
0,0.068729607,33,0,0.271182204,4000.0,4,0,1,0,0.0,0.18772209
0,0.988584285,40,1,0.511098881,5450.0,11,0,1,0,2.0,0.7805669
0,0.211091053,63,0,0.094846813,8518.0,10,0,0,0,0.0,0.17961806
0,0.17301569,66,0,0.305087466,6230.0,14,0,1,0,0.0,0.14471765
0,0.509147949,46,0,0.455568054,8000.0,14,0,2,0,2.0,0.42557108
0,0.340439707,23,0,0.018270402,820.0,2,0,0,0,0.0,0.23339297
0,0.005969752,73,0,0.003755869,7454.0,13,0,0,0,1.0,0.041259643
0,0.012833396,68,0,0.033149171,3800.0,8,0,0,0,0.0,0.045280933
0,0.018665016,43,0,0.73157092,5900.0,9,0,1,0,7.0,0.096200965
0,0.03270021,69,0,0.593955919,4400.0,13,0,2,1,1.0,0.38402575
0,0.001932338,60,0,0.002113886,7568.0,10,0,0,0,0.0,0.072049916
0,0.881983525,43,1,0.071214686,7680.0,6,3,0,1,4.0,0.95257413
0,0.150899002,60,1,0.1002999,3000.0,4,0,0,0,0.0,0.42382374
0,0.048365875,32,0,0.043326112,6000.0,3,0,0,0,0.0,0.117076054
0,0.245744673,46,0,0.585122242,6707.0,21,0,1,0,3.0,0.21624391
0,0.08599181,60,0,0.009522298,6300.0,3,0,0,0,1.0,0.11478413
0,0.359336001,57,0,0.771317829,2579.0,14,0,1,0,1.0,0.32177323
0,0.113246368,49,0,0.426743832,3282.0,11,0,2,0,0.0,0.18193993
0,0.03167475,49,0,0.368861116,11361.0,7,0,2,0,2.0,0.07574905
0,0.601856192,35,0,0.352568424,7416.0,11,0,2,0,0.0,0.44833577
0,0.616625558,63,0,0.474011374,7560.0,8,0,3,0,1.0,0.24439539
0,0.034662815,25,0,9.0,0.0,2,0,0,0,0.0,0.04476734
0,0.003850342,56,0,0.186583694,9480.0,17,0,2,0,0.0,0.16195787
0,0.038395864,54,1,0.491480682,4166.0,7,0,1,0,0.0,0.30731338
0,0.859490479,40,0,0.181705371,5640.0,5,0,0,0,0.0,0.41158694
0,0.578849363,48,0,0.367553674,6613.0,10,0,1,0,1.0,0.38696304
0,0.254793554,25,0,1.144244105,720.0,5,0,0,0,0.0,0.11163906
0,0.046619068,40,0,0.777173155,7166.0,10,0,4,0,2.0,0.39546207
0,0.9999999,41,0,1.085434783,4599.0,5,0,4,0,3.0,0.6324376
0,0.184332734,73,0,0.102951764,4166.0,5,0,0,0,1.0,0.08292574
0,0.612746684,64,0,0.264518864,2358.0,4,0,0,0,0.0,0.3581774
0,0.367463891,49,0,0.282606354,9284.0,8,0,2,0,0.0,0.17806038
0,0.091786053,48,0,0.255955532,11333.0,18,0,2,0,0.0,0.15753631
0,0.183905204,60,2,0.323833808,6666.0,13,0,1,0,1.0,0.45688403
0,0.031035948,57,0,0.33463878,12000.0,20,0,2,0,0.0,0.15775739
0,0.955681773,32,0,0.830875123,5084.0,10,0,1,0,0.0,0.74285394
0,0.270722574,59,0,0.262355545,12200.0,12,0,2,0,3.0,0.05259371
1,0.484653819,59,0,0.106695355,7900.0,4,0,0,0,1.0,0.2849139
0,0.0358056,62,0,0.268891446,7820.0,27,0,1,0,0.0,0.081616476
0,0.0,43,1,0.483719423,6172.0,9,0,2,0,2.0,0.31245473
1,1.023995201,29,0,0.225861095,1770.0,2,0,0,0,1.0,0.750353
0,0.322459284,30,0,0.242374279,6064.0,6,0,1,0,2.0,0.16937305
1,0.355553704,38,0,0.506248959,6000.0,11,0,1,0,0.0,0.3455618
0,0.009730813,57,0,0.002420775,4543.0,4,0,0,0,0.0,0.04373509
0,0.206259087,63,0,0.140610775,12082.0,12,0,2,0,1.0,0.12906584
0,0.082045898,83,0,0.051864195,4800.0,7,0,0,0,0.0,0.10729768
0,0.823670532,38,0,0.14427157,4241.0,4,0,0,0,4.0,0.5601061
0,0.002256387,57,0,0.267564325,7500.0,12,0,1,0,0.0,0.07738345
0,0.483218792,76,0,0.256278171,1552.0,5,0,0,0,0.0,0.24176349
0,0.015366118,79,0,0.183950268,3538.0,8,0,1,0,0.0,0.070075676
1,0.562205399,47,0,0.417845689,5300.0,6,0,1,0,3.0,0.43463573
0,0.228984734,35,0,0.196157036,7233.0,5,0,0,0,4.0,0.17774975
0,0.011866271,66,1,0.003332223,3000.0,2,0,0,0,0.0,0.24154247
0,0.226616307,40,1,0.576539497,6316.0,11,2,1,0,20.0,0.796227
0,0.714545786,55,0,0.462635824,15000.0,21,0,2,0,1.0,0.49654186
0,0.763049917,63,0,0.465546795,5833.0,10,0,2,0,1.0,0.40585488
0,0.29401765,60,0,0.200658465,23083.0,6,0,2,0,0.0,0.050341357
0,0.319473451,28,0,0.191961608,5000.0,8,0,0,0,0.0,0.31749701
0,0.010318025,51,0,0.515146971,6667.0,6,0,2,0,5.0,0.14158571
0,0.0,39,0,0.06496945,4909.0,4,0,0,0,0.0,0.09956463
0,0.007527345,48,0,0.306982264,15166.0,12,0,1,0,2.0,0.059374936
0,0.79204777,67,0,1.15780543,1767.0,13,0,2,0,0.0,0.52750313
0,0.22645157,43,0,1.633354154,1600.0,4,0,1,0,6.0,0.110456645
0,0.875370821,44,0,0.564673157,10065.0,4,0,2,0,0.0,0.5020524
0,0.254789492,47,0,0.453880765,5333.0,13,0,1,0,2.0,0.19166785
0,0.008235009,58,0,0.468265867,2000.0,3,0,1,0,1.0,0.058607783
0,0.141168921,79,0,0.585379783,1750.0,10,0,2,0,0.0,0.14311498
0,0.035895924,27,0,3.092570037,820.0,10,0,2,1,0.0,0.26525992
0,0.860069965,69,0,0.116110486,8000.0,6,0,1,0,4.0,0.24875112
0,0.124422885,42,0,0.231128145,6000.0,10,0,1,0,2.0,0.17542332
0,0.063771761,51,1,0.344230368,14376.0,13,0,4,1,0.0,0.6542903
0,0.002906574,51,0,0.660655738,3049.0,9,0,1,0,2.0,0.116368465
0,0.474274422,55,0,0.535518429,7840.0,8,0,2,0,2.0,0.23016089
0,0.704484594,53,0,0.657734107,6716.0,10,0,2,0,0.0,0.4337977
0,0.156790756,56,0,0.083502394,12322.0,15,0,1,0,0.0,0.11876552
0,0.01239938,67,0,0.145508579,17833.0,10,0,2,0,0.0,0.078249566
0,0.0,68,0,0.392834826,4800.0,5,0,1,0,0.0,0.043195926
0,0.032430387,69,0,0.164378083,7500.0,13,0,2,0,0.0,0.0465373
0,0.48603959,42,0,0.607936955,7105.0,7,0,2,0,3.0,0.32050025
0,0.521868728,54,0,0.622359396,7289.0,16,0,1,0,0.0,0.39941895
0,0.9999999,33,0,0.117353308,800.0,2,0,0,0,0.0,0.4700698
0,0.875416389,33,0,0.693665301,3172.0,4,0,1,0,2.0,0.542504
0,0.008314914,43,0,0.187185025,12500.0,7,0,2,0,2.0,0.033264212
0,0.020141293,28,0,230.0,0.0,8,0,0,0,0.0,0.07107619
0,0.006939184,62,0,0.106528452,4533.0,5,0,1,0,0.0,0.03948288
0,0.564290473,25,0,0.17140661,1300.0,2,0,0,1,0.0,0.83409464
0,0.006749663,62,0,0.326167383,10000.0,6,0,2,0,0.0,0.06008194
0,0.0,48,0,0.221781765,4792.0,6,0,1,0,0.0,0.08698234
0,0.010680737,31,0,0.022391213,7100.0,19,0,0,0,0.0,0.14330731
0,0.063305474,70,0,0.161139654,2140.0,7,0,1,0,1.0,0.062903315
0,0.093156984,68,1,0.408066429,5900.0,40,0,2,0,0.0,0.123083875
0,0.848605578,40,0,0.003331483,1800.0,1,0,0,0,2.0,0.72406507
0,0.356468629,32,0,0.005427021,3500.0,2,0,0,0,1.0,0.27193934
0,0.039288559,42,0,0.504885253,4400.0,4,0,1,0,2.0,0.07530286
0,0.463998242,48,0,0.472199746,8650.0,7,0,3,0,2.0,0.26742068
0,1.856287425,27,0,0.84396618,1300.0,2,8,0,0,0.0,0.9245298
0,0.998734337,52,1,0.324688797,5783.0,10,0,2,0,0.0,0.68680155
0,0.007681469,63,0,0.452568429,8000.0,11,0,2,0,1.0,0.08868996
0,0.655853699,55,0,0.519028797,8854.0,12,0,1,0,1.0,0.35205603
0,0.9999999,39,0,0.070981917,5916.0,4,0,0,0,2.0,0.5670504
0,0.657342657,23,0,19.0,0.0,2,0,0,0,0.0,0.15231703
0,0.463684544,52,0,0.129979368,6300.0,3,0,0,0,0.0,0.33095652
0,0.540432446,44,0,2.326673327,1000.0,6,0,1,0,0.0,0.35473508
0,0.961377918,31,0,1.18582825,2130.0,7,0,1,0,2.0,0.5870589
0,0.985432734,50,1,0.068620919,1500.0,1,0,0,0,0.0,0.82324433
0,0.0,33,0,0.058117835,3750.0,8,2,0,0,0.0,0.80964124
0,0.003708653,76,0,0.242375602,5606.0,6,0,1,0,1.0,0.044189043
0,1.088461177,67,1,0.69744804,3800.0,8,0,2,2,0.0,0.91626596
1,0.0,43,0,0.338886245,2100.0,5,0,0,0,3.0,0.12316574
0,0.012432096,49,0,0.22628871,10300.0,4,0,1,0,0.0,0.047585756
1,0.981607357,48,0,0.422890398,3092.0,8,0,1,0,0.0,0.5653566
0,0.156301681,31,0,0.044898739,5233.0,6,0,0,0,1.0,0.18829544
0,0.333373245,69,0,0.426214757,3333.0,11,0,1,0,1.0,0.14712557
0,0.006718984,50,0,0.758570029,4083.0,12,0,1,0,2.0,0.09420305
0,0.230821954,35,0,0.661133371,3493.0,10,0,1,0,0.0,0.29919046
0,0.123238967,57,0,0.011065191,7500.0,4,0,0,0,1.0,0.14804563
0,0.216418709,29,0,0.168605507,6790.0,14,0,0,0,0.0,0.18224573
0,0.283259583,40,0,0.274735114,6700.0,6,0,2,0,2.0,0.08777496
0,0.051598526,51,0,0.365970095,11101.0,9,0,2,0,0.0,0.17364295
0,0.02262081,53,0,0.23835233,5000.0,15,0,1,0,0.0,0.14671077
0,0.207146992,30,0,0.085509625,6700.0,7,0,0,0,0.0,0.11162569
0,0.0,86,0,0.482164012,7596.0,10,0,2,0,1.0,0.12091615
0,0.016129814,58,0,0.591099645,3100.0,9,0,2,0,0.0,0.2054902
0,0.084082496,48,0,0.418154261,5937.0,14,0,1,0,2.0,0.15445986
0,0.346904252,61,0,0.510181414,2700.0,6,0,0,0,0.0,0.2867578
0,0.050479254,39,0,0.606748746,10964.0,11,0,6,0,2.0,0.577745
0,0.033673635,49,0,0.107070334,10833.0,6,0,1,0,4.0,0.034446713
0,0.275543976,41,0,0.4404,2499.0,7,0,1,0,0.0,0.1891347
0,0.501215888,65,0,0.13751946,3853.0,3,1,0,0,0.0,0.7102503
0,0.359827624,36,0,5.617940199,300.0,11,0,1,0,0.0,0.20174713
0,0.331377439,46,0,0.324328683,12400.0,13,0,2,0,2.0,0.14236894
0,0.65559017,49,0,0.231506849,2919.0,6,0,0,0,1.0,0.480802
0,0.22486989,43,0,0.423139259,8020.0,11,0,2,0,2.0,0.2246707
0,0.790384478,86,0,0.820897388,8000.0,19,0,3,0,0.0,0.460802
0,0.069026094,70,0,0.013028199,11666.0,5,0,0,0,0.0,0.02388986
0,0.9999999,46,0,0.556147951,3000.0,3,0,2,0,3.0,0.56057966
0,0.078478329,67,0,0.268589036,17200.0,21,0,4,0,1.0,0.20922069
0,0.104038031,31,0,0.055194805,3695.0,6,0,0,0,0.0,0.14280589
0,0.671696055,52,1,0.259438028,5800.0,6,1,1,0,1.0,0.8582906
0,0.495456065,53,0,0.415745856,6515.0,5,0,1,0,2.0,0.2797404
0,0.438401776,54,1,0.082788671,917.0,5,0,0,0,0.0,0.5598176
0,0.113391494,44,0,0.341654247,5367.0,8,0,1,0,2.0,0.07982918
0,0.720403461,54,2,0.600428266,4669.0,14,0,2,0,0.0,0.8324507
0,0.15979976,47,0,0.1945,5999.0,5,0,1,0,2.0,0.1441063
0,0.511105244,45,1,0.387582135,10500.0,12,0,2,0,0.0,0.55660295
0,0.08639424,48,0,0.259757739,5200.0,3,0,1,0,0.0,0.092523895
0,0.010929724,76,0,0.428845692,8333.0,10,0,2,0,1.0,0.089465186
0,0.310761487,37,0,0.491215575,4211.0,6,0,1,0,0.0,0.2838696
0,0.00988417,54,0,0.310737852,5000.0,20,0,1,0,2.0,0.11773727
0,0.031054283,70,0,0.201576235,6597.0,10,0,1,0,0.0,0.05143791
0,0.068483007,64,0,0.549188259,9300.0,21,0,2,0,0.0,0.32149765
0,0.92134259,45,4,0.300258654,18170.0,8,1,2,0,2.0,0.9003507
0,0.261107049,48,0,0.779574948,5316.0,6,0,2,0,0.0,0.30727
1,0.9999999,51,4,0.513948605,10000.0,13,0,3,1,3.0,0.89866537
0,0.271596529,56,1,0.557152925,7094.0,13,0,2,0,1.0,0.30096614
0,0.122797271,39,0,0.162757718,9166.0,5,0,1,0,0.0,0.11676546
0,0.241666935,40,0,0.340723107,6720.0,14,0,2,0,2.0,0.19370264
0,0.014361343,62,0,0.428295198,3102.0,7,0,1,0,0.0,0.13095418
1,0.997062684,47,5,0.227954409,5000.0,5,0,0,1,2.0,0.9269799
0,0.873084772,44,0,0.191271285,12097.0,9,0,0,0,2.0,0.43454167
0,0.34232034,55,1,0.573617588,6003.0,12,0,2,0,1.0,0.49623045
0,0.81410298,75,0,0.409337676,5525.0,9,0,0,0,0.0,0.5080788
0,0.012103989,42,0,625.0,1.0,2,0,1,0,0.0,0.022428092
0,1.002657114,81,7,0.400659934,10000.0,14,1,3,1,0.0,0.9504206
0,0.012070615,77,0,0.012472487,2725.0,14,0,0,0,0.0,0.20140599
0,0.033018389,69,0,0.089895988,1345.0,10,0,0,0,0.0,0.085448414
1,0.9999999,44,0,0.466583385,1600.0,2,3,1,0,1.0,0.9258507
0,0.054411917,68,0,0.507230852,5600.0,10,0,2,0,0.0,0.18937394
0,0.194106342,26,1,0.136348792,6123.0,4,0,0,0,0.0,0.36514693
0,0.685700235,44,0,0.372925415,5000.0,10,0,2,0,0.0,0.4100241
0,0.591293222,81,0,0.295940812,5000.0,8,0,0,0,1.0,0.23854564
0,0.436392436,35,0,0.269064748,6949.0,11,0,0,1,1.0,0.4844257
1,0.032784395,54,0,0.55790247,10888.0,12,0,3,0,1.0,0.27639902
0,0.001083288,59,0,0.918521313,2650.0,15,0,1,0,1.0,0.27216396
0,0.282071793,31,0,0.223472066,2666.0,3,0,0,0,0.0,0.1860323
0,0.055879826,63,0,0.284842049,3766.0,11,0,1,0,0.0,0.12537375
0,0.096278452,42,0,0.797118495,3400.0,11,0,1,0,0.0,0.17489418
0,0.013868156,56,0,0.131973605,5000.0,7,0,0,0,1.0,0.124221586
0,0.460310234,36,0,0.475678443,3905.0,10,0,1,0,0.0,0.35082173
0,0.733883023,57,0,0.424277524,17266.0,13,0,2,0,2.0,0.39907062
0,0.00075997,28,0,0.0,3495.0,2,0,0,0,0.0,0.11947966
0,0.14849297,79,0,0.074292571,10000.0,15,2,0,1,0.0,0.9272118
0,0.0,39,1,0.217478257,21500.0,14,0,2,0,4.0,0.28082836
1,0.0,42,0,5774.5,1.0,7,0,3,0,3.0,0.6919519
0,0.020658285,58,0,0.185027648,11754.0,13,0,1,0,1.0,0.047198545
0,0.81517069,34,0,0.238050609,3200.0,4,0,0,0,1.0,0.5417021
0,0.870750167,54,1,0.792848335,2432.0,12,0,2,1,1.0,0.861446
0,0.0,55,0,0.149965124,4300.0,3,0,0,0,1.0,0.173735
0,0.92040398,39,0,0.676037024,2916.0,6,0,2,0,2.0,0.5411878
0,0.592189461,57,0,0.482438918,9167.0,5,0,1,0,0.0,0.20189507
0,0.523252738,60,0,0.486643261,6550.0,16,0,3,0,0.0,0.36977887
0,0.017449564,65,0,0.086753643,10500.0,9,0,1,0,0.0,0.056163818
0,0.186099891,39,1,0.22880117,9575.0,14,2,1,0,0.0,0.85833156
0,0.0,69,0,0.329334476,3500.0,6,0,2,0,1.0,0.11648183
0,0.9999999,40,0,0.811556139,3045.0,4,0,1,0,3.0,0.5667335
0,0.616374953,41,0,0.320473294,12000.0,11,0,2,0,0.0,0.35339883
0,0.783981864,33,0,0.474690664,7111.0,8,0,1,0,1.0,0.44896656
0,0.022569816,63,0,0.292341532,5000.0,7,0,1,0,0.0,0.08261205
0,0.02694382,75,0,0.01787082,3916.0,8,0,0,0,1.0,0.045637567
0,0.304745331,48,0,0.94041082,4916.0,12,0,4,0,0.0,0.6087816
0,0.004096767,63,0,0.248522862,11000.0,18,0,2,0,0.0,0.11669799
0,1.259159371,63,2,0.69188989,8100.0,17,0,2,0,0.0,0.8241855
0,0.0,25,0,0.231008441,2250.0,5,0,0,0,0.0,0.27254957
0,0.06709105,58,0,0.344766485,7900.0,11,0,1,0,0.0,0.15435486
0,0.99989647,42,0,0.137772675,5225.0,2,0,0,0,0.0,0.5315043
0,0.765119753,64,0,0.340554051,4800.0,13,0,0,0,0.0,0.36509207
0,0.134354198,51,0,0.478443214,5960.0,5,0,1,0,1.0,0.16390339
0,0.424385828,67,0,0.337415646,4000.0,10,0,1,0,0.0,0.21562976
0,0.120937726,34,0,0.245901639,2500.0,3,0,0,0,0.0,0.14376122
0,0.000899978,45,0,0.000111857,8939.0,3,0,0,0,0.0,0.082995184
1,0.826643141,45,1,0.354628422,2300.0,10,1,1,0,1.0,0.8924223
0,0.0,60,0,0.082439796,5688.0,12,0,1,0,0.0,0.084437735
0,0.56957418,61,2,0.471141828,13600.0,15,0,2,0,1.0,0.58398044
0,0.176734341,65,0,0.840204305,5481.0,14,0,3,0,0.0,0.3191782
0,0.021554358,38,0,0.343314501,5309.0,6,0,1,0,0.0,0.095967785
0,0.158768321,67,0,0.377149713,7500.0,13,0,1,0,1.0,0.10647501
0,0.235128412,62,0,0.361637219,7866.0,15,0,1,0,3.0,0.24813327
0,0.241233061,34,0,0.436912617,5000.0,11,0,2,0,0.0,0.42663538
0,0.860996509,40,0,0.165126677,3354.0,5,0,0,0,3.0,0.53710365
0,0.9999999,64,0,0.46975089,5900.0,8,0,1,0,1.0,0.2654846
0,0.815618438,42,0,0.366717506,5900.0,4,0,1,0,2.0,0.4218573
0,0.0,55,0,0.349304225,12000.0,7,0,1,0,3.0,0.07069895
1,1.190101237,34,0,0.424708171,5139.0,4,5,1,0,3.0,0.96453476
0,0.316026232,29,0,0.1375,3519.0,4,0,0,0,1.0,0.2377097
1,0.626471121,71,0,0.416940054,3352.0,18,1,0,0,0.0,0.7988828
0,0.178880112,51,0,0.395336513,5660.0,9,0,1,0,2.0,0.18342398
0,0.057682861,43,0,0.252821026,7000.0,13,0,2,0,2.0,0.0931545
0,0.596795579,57,0,0.107873604,32500.0,13,0,1,0,0.0,0.26090482
0,0.144741409,44,0,0.378334017,7310.0,9,0,1,0,1.0,0.1682417
0,0.9999999,31,0,0.0,2200.0,2,0,0,0,0.0,0.47932515
1,0.997667444,50,0,0.266369994,6291.0,9,5,0,2,2.0,0.9736651
0,0.002921511,76,0,0.00059988,5000.0,7,0,0,0,1.0,0.01083455
0,0.9999999,57,0,0.156699179,7791.0,3,0,1,0,0.0,0.34089983
0,0.9999999,39,0,0.0,4060.0,1,0,0,2,2.0,0.86881375
0,0.9999999,38,1,0.8814448,3432.0,6,0,2,0,1.0,0.74459267
0,0.081272008,58,0,1.511047755,2805.0,16,0,2,0,0.0,0.32790804
0,0.9999999,59,0,0.02576138,9160.0,3,1,0,0,1.0,0.7773255
0,0.969094139,30,1,0.169295712,4500.0,5,0,0,0,1.0,0.7047963
0,0.015537786,59,0,0.396213838,7500.0,18,0,2,0,1.0,0.14132063
0,0.688063566,39,0,0.269372694,4335.0,6,0,1,0,0.0,0.39452544
0,0.9999999,33,0,0.416457218,9150.0,6,0,2,0,1.0,0.48159087
0,0.078955767,57,0,0.185454163,9500.0,17,0,1,0,1.0,0.13242239
0,0.018486223,50,1,0.136035264,8166.0,7,0,1,0,2.0,0.4049373
0,0.009634169,84,0,0.003378378,8879.0,14,0,0,0,0.0,0.06722526
0,0.9999999,27,0,0.144963759,4000.0,2,0,0,0,0.0,0.37566447
0,0.114310855,75,0,0.072579697,8500.0,5,0,0,0,0.0,0.07896085
0,0.014070174,64,1,0.379034562,3500.0,11,0,0,0,0.0,0.38027763
0,0.302739452,33,0,0.198889917,3242.0,4,0,0,0,1.0,0.30632773
0,0.432594568,47,1,0.409748829,4697.0,8,0,2,0,0.0,0.51786834
0,0.920157371,40,0,0.664301838,3100.0,6,0,2,0,0.0,0.5161837
0,0.9999999,41,0,0.03511236,4983.0,1,1,0,0,1.0,0.8620949
0,0.804935081,63,0,0.222492401,3289.0,4,0,0,0,0.0,0.49674875
0,0.005953886,51,0,0.234257826,8400.0,5,0,1,0,4.0,0.04570274
0,0.464237127,63,0,1.560274828,1600.0,17,0,1,0,0.0,0.44762233
0,0.120906591,59,0,0.005201403,8266.0,2,0,0,0,0.0,0.10748122
0,0.005412999,67,0,0.872063968,2000.0,5,0,1,0,0.0,0.067484155
1,0.954256286,49,1,0.406026213,7400.0,6,0,1,0,4.0,0.6807944
0,0.026004018,46,0,0.276993709,5880.0,4,0,1,0,5.0,0.088311456
0,0.013100677,67,0,0.351329734,5000.0,9,0,1,0,0.0,0.083612405
0,0.035192961,37,0,0.059555556,5624.0,4,0,0,0,1.0,0.07611439
0,0.550179678,38,0,0.311344328,2000.0,17,0,0,0,0.0,0.6592707
0,0.942186718,40,1,0.633338797,6100.0,9,0,0,0,0.0,0.7534344
0,1.1328619,63,1,0.649960223,15083.0,19,0,2,0,1.0,0.82043874
0,0.745162742,71,1,0.4053449,7146.0,7,0,2,0,1.0,0.5266238
0,0.21183746,70,5,0.216490755,12600.0,18,0,1,2,0.0,0.7686305
0,0.408649462,44,0,0.531997963,5890.0,11,0,2,0,2.0,0.36430272
0,0.398658387,76,0,0.716922439,4821.0,18,0,3,0,0.0,0.44797847
0,0.306192415,38,1,0.817355747,2200.0,8,0,1,2,0.0,0.8631549
0,0.9999999,27,2,0.683311432,760.0,1,0,0,0,0.0,0.6385925
0,0.004472939,77,0,0.00039992,5000.0,3,0,0,0,0.0,0.021144172
1,0.410443155,52,0,0.19177892,7200.0,4,9,0,1,0.0,0.95631874
0,0.9999999,61,0,0.172706823,4000.0,2,0,0,0,0.0,0.4292343
0,0.064762624,66,0,0.401564537,3834.0,7,0,0,0,0.0,0.118139714
0,0.123095607,45,0,0.818920916,4058.0,24,0,4,0,1.0,0.36690262
0,0.110405918,58,0,0.582070262,8510.0,18,0,2,0,0.0,0.1670431
0,0.019154124,50,0,0.596334819,8075.0,12,0,2,0,0.0,0.15317331
0,0.261722623,44,0,4348.0,0.0,12,0,2,0,2.0,0.12977251
0,0.824175824,45,0,0.130754163,4083.0,6,0,0,0,1.0,0.55732
0,0.005301378,78,0,0.152661681,4545.0,14,0,1,0,1.0,0.057590675
0,0.062935194,55,0,0.267654592,5465.0,29,0,1,0,0.0,0.12094415
0,0.107952092,52,0,0.102231821,8333.0,7,0,1,0,0.0,0.11418822
0,0.002103091,53,0,0.187850326,6600.0,6,0,1,0,0.0,0.078151755
0,0.070703253,77,0,0.265778738,8333.0,6,0,1,0,0.0,0.10052574
0,0.0,21,0,0.0,1.0,1,0,0,0,0.0,0.052476227
0,0.024829195,41,0,0.351770559,3416.0,10,0,1,0,0.0,0.14450988
0,0.807899013,40,2,0.139772046,3333.0,6,0,0,0,0.0,0.739315
1,0.386797609,55,0,0.348328518,12114.0,12,0,1,0,1.0,0.21967933
0,0.36951263,83,0,0.426839643,4701.0,20,0,1,0,1.0,0.2106797
0,0.9999999,45,2,0.667497663,3208.0,3,1,1,2,3.0,0.9653832
0,0.55796152,56,0,0.510744628,2000.0,7,0,0,0,0.0,0.41414145
0,0.137027643,49,1,0.404417752,9823.0,13,0,2,0,3.0,0.3374935
0,0.0564059,57,0,0.507246377,6416.0,9,0,1,0,1.0,0.124390855
0,0.611869072,40,0,0.453698475,7083.0,14,0,2,0,0.0,0.4814002
0,0.544361269,55,0,0.309274424,5250.0,12,0,1,0,0.0,0.3201552
1,0.618094135,35,0,0.775358813,6200.0,8,0,1,0,1.0,0.48533446
0,1.321484307,26,0,0.211610207,6700.0,10,0,0,0,2.0,0.63879186
0,0.256772317,51,0,0.367271381,2700.0,5,0,1,0,1.0,0.21734974
0,0.512756771,32,0,0.40906729,7697.0,7,0,2,0,3.0,0.3294224
0,0.476995765,46,0,1.554815062,3000.0,15,0,1,0,0.0,0.6015954
0,0.022984389,71,0,0.404606124,3820.0,7,0,1,0,0.0,0.04719134
0,0.792046212,30,0,0.136069114,4166.0,5,0,0,0,0.0,0.42745352
0,1.08946424,34,1,63.5,1.0,2,0,0,1,0.0,0.7381119
1,0.886037827,42,4,0.952783789,5082.0,7,0,1,1,3.0,0.94885296
0,0.071059369,40,0,0.85994832,3869.0,13,0,3,0,2.0,0.47521913
0,0.01716619,80,0,0.131329114,3791.0,7,0,1,0,0.0,0.031895652
0,0.42961465,50,0,0.06481229,11000.0,6,0,0,0,0.0,0.17897043
0,0.705207282,60,3,0.571059038,6571.0,9,0,1,0,1.0,0.8215461
0,0.0507902,54,0,0.236176382,10000.0,11,0,2,0,0.0,0.10648115
0,0.0,65,0,0.271220401,10979.0,8,0,2,0,1.0,0.09350613
0,0.058667843,28,0,0.166461916,3255.0,3,0,0,0,0.0,0.13159372
0,0.111484137,30,0,0.150795655,3958.0,10,0,0,0,0.0,0.14337689
0,6.83e-05,61,0,0.335528241,6833.0,19,0,3,0,0.0,0.08737196
0,0.031162428,38,0,0.217618749,9557.0,7,0,1,0,1.0,0.083010934
0,0.340933561,51,0,0.410621042,9000.0,14,0,2,0,2.0,0.2624028
0,0.067636097,30,0,0.37193801,6000.0,9,0,2,0,0.0,0.3113703
0,0.020449489,53,0,0.269033909,3125.0,7,0,1,0,0.0,0.11560497
0,0.00076746,66,0,0.629585651,16000.0,12,0,2,0,1.0,0.19620599
0,0.0,62,0,0.0,8125.0,4,0,0,0,0.0,0.07266764
0,0.302334883,68,1,0.252148997,1395.0,9,0,0,0,0.0,0.4978485
0,0.130771492,41,0,0.287539581,18000.0,17,0,3,0,0.0,0.20712207
0,0.073679943,49,0,0.335686053,10625.0,12,0,1,0,2.0,0.19526513
0,0.058309615,53,0,0.091517857,3583.0,7,0,0,0,0.0,0.19189167
1,1.034182522,51,1,0.251655081,12083.0,3,0,1,1,1.0,0.8551525
0,0.003925829,65,0,0.261248346,9067.0,10,0,1,0,0.0,0.060014527
0,0.15100143,69,0,0.076715023,4066.0,7,0,0,0,0.0,0.07857743
0,0.066576027,35,0,0.207285686,5050.0,3,0,1,0,2.0,0.098525256
0,0.033110545,85,0,0.007098801,8592.0,8,0,0,0,1.0,0.027401697
0,0.0,70,0,0.0,2500.0,1,0,0,0,0.0,0.04056767
0,0.21235187,39,0,0.545593368,4583.0,12,0,1,0,0.0,0.35200906
0,0.130785599,55,0,0.1380369,34200.0,7,0,1,0,5.0,0.06211444
0,0.319018643,34,0,0.554028732,1600.0,8,0,0,0,0.0,0.36667112
0,0.0,69,0,0.154487304,5158.0,5,0,1,0,2.0,0.037472393
0,0.029445206,64,0,0.133955348,3000.0,5,0,1,0,0.0,0.056713045
0,0.006022482,61,0,0.145401672,2750.0,9,0,1,0,0.0,0.08078064
0,0.043940001,31,0,0.423294265,9555.0,11,0,3,0,0.0,0.4330585
0,0.496822597,49,0,0.827413838,3800.0,11,0,2,0,2.0,0.44710696
0,0.133174343,69,0,0.332313845,8500.0,14,0,3,0,1.0,0.16398473
0,0.075968812,52,0,0.258514738,9600.0,6,0,1,0,1.0,0.118529394
0,0.136390831,35,0,0.556088782,3333.0,16,0,1,0,1.0,0.28316692
0,0.002015784,41,0,0.310486522,6083.0,19,0,1,0,0.0,0.11655872
0,0.032011841,65,0,0.352017937,2675.0,15,0,1,0,0.0,0.18285903
0,0.189548735,41,0,0.31840796,200.0,3,0,0,0,0.0,0.11898411
0,0.02489452,50,0,0.248452601,9208.0,16,0,2,0,1.0,0.14395052
0,0.012129489,66,0,0.814930016,4500.0,11,0,3,0,1.0,0.23074219
0,0.141397344,57,1,0.27514919,9383.0,11,0,2,0,1.0,0.30043343
0,0.068020493,47,0,0.539932508,8000.0,11,0,1,0,0.0,0.17504492
0,0.039485419,65,0,0.233109556,7000.0,6,0,1,0,0.0,0.07064561
1,0.608163745,56,5,0.530049468,9500.0,9,1,1,0,0.0,0.91612554
0,0.429065345,49,2,0.51990822,7408.0,12,0,1,1,2.0,0.7900384
0,0.831324144,70,0,0.219503588,8500.0,5,0,1,0,0.0,0.2714132
0,0.008909127,26,0,0.232533889,1917.0,9,0,0,0,0.0,0.26415366
0,0.154085133,50,0,0.222271127,6815.0,7,0,2,1,4.0,0.42322308
0,0.0,49,0,0.372744155,21000.0,9,0,2,0,2.0,0.19094309
1,0.9999999,29,4,0.990213523,2247.0,7,0,2,2,2.0,0.9638391
0,0.059964727,39,1,0.000714116,4200.0,2,0,0,0,3.0,0.18695824
0,0.03107624,64,0,0.00999762,4200.0,2,0,0,0,1.0,0.03367293
0,0.005973565,67,0,0.088982204,5000.0,25,0,0,0,0.0,0.1077682
0,0.9999999,37,0,0.203265578,3000.0,2,0,1,0,0.0,0.41047338
0,0.205349905,33,0,0.51916028,3000.0,4,0,1,0,2.0,0.2234063
0,0.9999999,35,0,0.086357373,2176.0,1,0,0,0,0.0,0.62222666
0,0.357240998,66,1,0.630304377,4500.0,11,0,2,0,2.0,0.4113012
0,0.006467787,47,0,0.479912743,5500.0,13,0,2,0,2.0,0.0915082
0,0.275697774,28,0,0.196188691,3200.0,5,0,0,0,0.0,0.23898147
0,0.058687793,35,0,0.335733141,8333.0,6,0,2,0,2.0,0.16635522
0,0.050574245,74,0,0.013998667,10500.0,17,0,1,0,0.0,0.09147537
0,0.033809828,78,0,0.010997251,4000.0,4,0,0,0,0.0,0.0303757
0,0.378589923,30,0,0.171514282,7666.0,9,0,0,0,0.0,0.2504871
0,0.007946455,69,0,0.267782427,3584.0,7,0,1,0,0.0,0.047128536
0,0.505796083,49,3,0.197617997,6800.0,10,4,0,0,2.0,0.9458163
0,0.901032989,33,0,0.138499588,1212.0,3,0,0,0,0.0,0.5166293
0,0.975164539,38,0,0.513219285,4500.0,11,0,0,0,2.0,0.7536453
0,0.429758637,62,0,0.521007467,8972.0,22,0,3,0,2.0,0.32218653
1,0.054495497,24,1,0.466809422,1400.0,8,0,0,1,0.0,0.8420716
0,0.028066043,60,0,0.712732375,2850.0,5,0,2,0,0.0,0.14880724
0,0.0,45,0,0.21599136,25000.0,5,0,2,0,0.0,0.117165454
0,0.079565395,39,0,0.918481643,4820.0,13,0,2,0,0.0,0.4296653
0,0.183030988,47,0,0.394101254,12917.0,7,0,2,0,1.0,0.17986143
0,0.021409134,62,0,0.237969677,4550.0,8,0,1,0,0.0,0.062192485
0,0.219794505,67,0,0.22125182,5495.0,6,0,2,0,0.0,0.06851254
0,0.058310186,50,0,0.366063394,10000.0,8,0,2,0,0.0,0.11730658
0,0.0,36,0,0.0,2275.0,4,0,0,0,0.0,0.089661814
0,0.004178643,61,0,0.181662382,3500.0,19,0,0,0,1.0,0.16789275
0,0.810678416,33,0,0.464360083,6242.0,8,0,0,1,0.0,0.7580268
0,0.035649074,32,0,0.476726023,3200.0,7,0,2,0,0.0,0.21426196
1,0.456203962,53,0,0.56323946,6000.0,7,0,1,0,3.0,0.3984576
0,0.099386306,62,0,0.257790368,6000.0,11,0,1,0,0.0,0.09976569
0,0.492379787,42,0,0.297736181,12500.0,10,0,1,0,4.0,0.21146879
0,0.14078285,44,0,0.1875125,25000.0,13,0,3,0,2.0,0.1543368
0,0.047812842,80,1,0.158263105,7000.0,9,0,1,0,0.0,0.31623486
0,0.9999999,82,0,0.0,1600.0,4,0,0,0,0.0,0.118606016
0,0.022330852,56,0,0.634402946,1900.0,4,0,1,0,0.0,0.07987799
0,0.006203153,38,0,0.320334958,8000.0,19,0,1,0,1.0,0.1438461
0,0.020470767,61,0,0.003563377,13750.0,10,0,0,0,1.0,0.06425688
0,0.9999999,44,0,0.370377655,5083.0,3,0,1,0,3.0,0.41865078
0,0.053471242,47,0,0.416416689,7333.0,4,0,1,0,1.0,0.10645603
0,0.000434783,50,0,0.573263434,3814.0,8,0,2,0,2.0,0.15574054
0,0.9999999,23,0,0.001218027,820.0,1,0,0,0,0.0,0.34021014
0,0.032873757,56,1,0.239970097,4012.0,12,0,1,0,2.0,0.3207009
0,0.020570841,38,0,0.292674059,5500.0,6,0,1,0,2.0,0.069599986
0,0.218210778,35,0,0.099114539,3500.0,3,0,0,0,0.0,0.10901658
0,0.195041022,43,0,0.215155697,16666.0,6,0,1,0,6.0,0.06365723
0,0.9999999,23,0,0.002224694,898.0,1,0,0,0,0.0,0.52313584
0,0.065899224,51,0,0.475077559,9669.0,5,0,2,0,1.0,0.13944751
0,0.322875071,54,0,0.511664075,4500.0,10,0,2,0,0.0,0.29430008
0,0.498437865,47,0,0.319347319,8150.0,9,0,2,0,2.0,0.2837095
1,0.9999999,62,0,0.059927456,6340.0,1,0,0,1,2.0,0.9173562
0,1.038212816,24,0,0.285714286,1000.0,3,0,0,0,0.0,0.64611435
0,0.076989002,27,0,0.12331757,2748.0,3,0,0,0,0.0,0.14198534
0,1.03449655,54,0,0.276605199,4500.0,4,1,0,0,0.0,0.90830314
0,0.032684586,73,0,0.08563325,9166.0,6,0,1,0,0.0,0.041244186
0,0.755242146,28,0,0.188544494,7000.0,8,0,0,0,0.0,0.4281946
0,0.87685327,50,0,1.780216942,3871.0,18,0,3,0,1.0,0.7920863
0,0.239496317,57,0,0.272363664,13000.0,4,0,1,0,0.0,0.08112456
0,0.791686435,47,0,0.79291631,3500.0,6,0,1,0,0.0,0.4981115
0,0.002983261,80,0,0.00012837,7789.0,2,0,0,0,0.0,0.024023784
0,0.219751775,34,0,0.244682257,7568.0,9,0,1,0,4.0,0.21160538
0,0.658068386,25,0,0.332948866,2600.0,5,0,0,0,0.0,0.5323897
1,0.9999999,38,0,0.293994778,1914.0,3,0,0,0,2.0,0.5800284
0,0.0,35,0,0.328564041,5800.0,13,0,2,0,2.0,0.15903533
0,0.010893165,75,0,0.10384147,9032.0,10,0,0,0,0.0,0.073267564
0,1.144896502,43,1,0.536692661,5000.0,4,0,1,1,0.0,0.9410293
0,0.897921631,80,0,0.240199947,3800.0,8,0,0,0,0.0,0.34562203
0,0.046503081,25,0,0.169111111,4499.0,30,0,0,0,0.0,0.2723355
0,0.258323821,51,0,0.082083535,6200.0,3,0,0,0,0.0,0.24479729
0,0.389805097,30,0,588.5,1.0,4,0,1,0,0.0,0.08828801
0,0.767038986,64,1,0.706718346,5417.0,22,0,1,0,0.0,0.69251
0,0.134853932,39,0,0.152930675,3360.0,4,0,0,0,2.0,0.13807254
0,0.055283969,43,0,0.505927725,7000.0,16,0,2,0,2.0,0.221222
0,0.9999999,23,0,0.0,820.0,1,0,0,0,0.0,0.33897626
1,0.479804705,49,5,2.663853211,5449.0,9,0,4,0,1.0,0.83864576
0,1.607973422,43,1,0.23773092,5358.0,2,2,1,0,3.0,0.94388497
0,0.508982036,55,0,0.089597243,4642.0,3,0,0,0,0.0,0.37872493
0,0.113683123,51,0,0.153536929,16666.0,17,0,1,0,5.0,0.04925958
0,0.014188318,72,0,0.083759165,4500.0,7,0,1,0,1.0,0.030429507
0,0.843906233,53,0,0.652360515,5591.0,9,0,2,0,0.0,0.5906082
0,0.46588287,35,0,0.193899124,6621.0,7,0,0,0,2.0,0.30943087
0,0.145074822,39,0,0.308853529,4901.0,9,0,2,0,3.0,0.19360416
0,0.001488446,57,3,0.377693846,4500.0,17,0,1,0,0.0,0.4746551
0,0.981455064,26,0,0.19575177,2400.0,3,4,0,0,1.0,0.93149644
0,0.001101569,62,0,0.246393893,17816.0,15,0,3,0,0.0,0.14363489
0,0.00574976,51,0,0.000353232,8492.0,4,0,0,0,0.0,0.035093963
0,0.103659756,29,0,0.195398574,3085.0,5,0,0,0,0.0,0.1360236
0,0.029119305,52,0,0.304283205,7400.0,14,0,2,0,0.0,0.11990502
0,0.141545775,51,1,0.256305385,4400.0,5,0,2,2,3.0,0.86394554
0,0.69433066,52,0,0.363432303,9800.0,11,0,1,0,0.0,0.41222066
0,0.241255286,30,1,0.405327574,4166.0,5,0,1,0,0.0,0.39305797
0,0.132194487,37,0,1.012378595,5250.0,15,0,3,0,2.0,0.5795436
0,0.538860104,41,0,0.37411487,5083.0,7,0,2,0,0.0,0.33174548
0,0.159669046,37,1,0.244060475,12500.0,6,0,1,0,2.0,0.3088799
0,0.002754338,53,0,0.284671533,10000.0,14,0,2,0,3.0,0.12782176
0,0.230876062,49,0,0.283428876,7500.0,3,0,1,0,5.0,0.16004206
0,0.894087953,27,0,0.272839126,3250.0,7,0,0,0,1.0,0.64137363
0,0.653893844,46,0,0.47154558,9400.0,8,0,2,0,3.0,0.33700565
0,0.010771552,67,0,0.582608696,5174.0,9,0,3,0,1.0,0.15829645
0,0.165896862,48,0,0.157469817,13500.0,5,0,2,0,2.0,0.08142068
0,0.027881093,70,0,0.421020093,3234.0,17,0,1,0,1.0,0.12145591
0,0.9999999,64,1,0.417674151,6947.0,9,0,2,0,1.0,0.4385512
0,0.002589928,50,0,0.410203615,8741.0,6,0,3,0,1.0,0.10395813
0,0.181590943,39,1,0.91720414,6666.0,12,0,4,0,1.0,0.7557829
0,0.017310466,46,0,0.34808149,8000.0,11,0,1,0,0.0,0.097160734
0,0.065161277,40,0,0.357571394,8333.0,11,0,2,0,2.0,0.2263021
0,0.348667073,42,0,0.386237615,11000.0,12,0,1,0,1.0,0.29581198
0,0.034724132,66,0,0.006323893,7273.0,7,0,0,0,0.0,0.05406972
0,0.011888051,58,0,0.387555683,13917.0,8,0,3,0,0.0,0.16069481
0,0.769446741,57,0,1.003811406,7083.0,8,0,2,0,0.0,0.44559294
0,0.660087148,52,0,0.23640134,6268.0,8,0,0,0,3.0,0.4392898
0,0.089396963,38,0,0.885984972,3060.0,17,0,2,0,1.0,0.40628883
0,0.9999999,55,0,0.0,1793.0,0,0,0,0,0.0,0.7043142
1,0.956886461,70,0,0.179937952,1933.0,4,0,0,0,1.0,0.3930978
0,0.000917625,60,0,0.071090893,11210.0,5,0,1,0,0.0,0.017255556
0,0.236229921,45,0,0.276527331,13372.0,14,0,1,0,1.0,0.22446966
0,0.839077756,29,0,0.163916863,4666.0,10,0,0,0,0.0,0.5600523
0,0.242501119,43,0,0.343275772,3821.0,10,0,1,0,1.0,0.24208653
0,1.472351765,36,0,0.187415557,5180.0,4,2,0,0,3.0,0.9330433
0,0.309559665,38,0,0.940901112,3417.0,13,0,2,0,3.0,0.44741246
0,0.011772744,52,0,0.283809683,12000.0,12,0,1,0,1.0,0.17531864
1,0.9999999,61,0,0.128990648,3100.0,2,1,0,1,0.0,0.86614156
0,0.501327836,73,0,0.545896812,7810.0,18,0,1,0,0.0,0.3719684
0,0.453757707,31,0,0.658355795,2967.0,3,0,1,0,1.0,0.30227333
0,0.965248559,40,0,0.457842113,6700.0,11,0,1,0,1.0,0.44651583
0,0.226598001,28,1,0.132417239,1600.0,5,0,0,0,0.0,0.556985
0,0.029716694,70,0,0.1612529,2585.0,14,0,0,0,0.0,0.108233415
0,0.0,59,0,0.353417995,3700.0,3,1,1,1,0.0,0.92178583
0,0.0,34,0,0.063569158,28000.0,7,0,1,0,0.0,0.07786788
0,0.013332445,93,0,0.00244798,2450.0,1,0,0,0,0.0,0.015453255
0,0.93985518,31,1,0.218539073,6666.0,6,0,0,0,0.0,0.63924026
0,0.153456436,56,0,0.010613752,6500.0,1,0,0,0,1.0,0.17213783
0,0.019896604,69,0,0.540496408,3061.0,13,0,1,0,1.0,0.09620748
0,0.513628304,71,2,392.0,0.0,8,0,0,0,0.0,0.12968007
0,0.268129055,80,0,0.388057585,14100.0,18,0,2,0,1.0,0.3023964
0,0.276483351,34,0,0.399923411,7833.0,3,0,1,0,1.0,0.1967126
0,0.02561727,60,0,0.395901025,4000.0,11,0,1,0,0.0,0.09797679
0,0.218161881,56,0,0.432691296,9500.0,15,0,2,0,0.0,0.18193214
0,0.279405603,50,1,0.301446417,3041.0,10,0,0,0,0.0,0.5597453
0,0.021248672,89,0,0.001817851,5500.0,7,0,0,0,0.0,0.06325941
0,0.784746706,47,2,1.455077846,7000.0,11,0,2,2,2.0,0.9154389
0,0.003143618,76,0,0.385169186,4166.0,9,0,1,0,0.0,0.043771923
0,1.231536926,26,1,0.153910849,2377.0,2,0,0,1,0.0,0.87717897
0,0.422048163,69,0,0.197650196,12000.0,9,0,1,0,1.0,0.14638843
0,0.96530347,40,1,0.540447191,5500.0,7,0,1,0,3.0,0.7635521
0,0.053825176,40,0,0.307098986,7000.0,11,0,1,0,0.0,0.13443571
0,0.727031787,60,0,2961.0,0.0,8,0,0,0,0.0,0.22550365
0,0.14660387,56,2,0.448789158,4500.0,16,0,1,0,0.0,0.55480367
0,0.773597,40,0,0.39382896,4115.0,10,0,0,0,1.0,0.5584043
0,0.000336442,34,0,0.159802972,12383.0,7,0,1,0,2.0,0.06734609
0,0.934163946,52,0,0.734680714,4650.0,11,0,1,0,1.0,0.67989165
1,1.098901099,29,1,0.614311704,1648.0,7,0,0,0,1.0,0.90036625
0,0.116727414,70,0,0.380258226,2400.0,14,0,1,0,0.0,0.17194784
1,1.450090744,45,3,0.065263158,1424.0,3,1,0,0,0.0,0.95151323
0,0.032570498,48,2,0.358771298,12500.0,21,0,2,1,0.0,0.7413653
0,0.505274736,54,0,0.422024743,17216.0,5,0,3,0,1.0,0.18526801
0,0.744645019,56,0,0.366467736,5361.0,10,1,2,0,2.0,0.8041977
0,0.02886065,75,0,0.034141747,4246.0,8,0,0,0,0.0,0.03460525
0,0.0,25,0,0.143942423,2500.0,6,0,0,0,0.0,0.22351474
0,0.266280175,51,0,0.381049761,4400.0,6,0,1,0,0.0,0.16493998
0,0.349659153,54,0,0.197951697,13083.0,6,0,1,0,1.0,0.09408896
0,0.050297485,37,0,0.602122016,4900.0,9,0,2,0,1.0,0.29495028
1,0.834466214,54,0,0.177503933,3813.0,6,1,0,0,0.0,0.8548988
0,0.366531651,59,0,0.203326713,12083.0,10,0,1,0,3.0,0.11177719
0,0.152307815,31,0,0.237523992,4167.0,4,0,1,0,0.0,0.12013431
0,0.485286096,43,2,0.429049377,8667.0,12,0,1,0,2.0,0.6401898
0,0.021329718,74,0,0.021610251,5228.0,30,0,0,0,0.0,0.042598896
0,0.0,44,0,0.254985001,11333.0,6,0,2,0,0.0,0.038965687
0,0.017636195,70,0,781.0,0.0,14,0,1,0,0.0,0.018956827
0,0.057592112,66,0,0.401815487,5397.0,9,0,1,0,0.0,0.07989271
0,0.037147679,65,0,0.490503166,3000.0,13,0,1,0,0.0,0.1509277
0,0.048758987,31,0,0.030748078,16000.0,5,0,0,0,0.0,0.09190734
0,0.001799955,41,0,0.289820012,10333.0,4,0,1,0,0.0,0.046905864
0,0.0758,27,0,0.632760267,4187.0,8,0,1,0,0.0,0.26978898
0,0.057594125,40,0,0.328860826,3800.0,10,0,0,0,0.0,0.16518974
0,0.008607003,87,0,0.00239952,3333.0,6,0,0,0,0.0,0.088624254
0,0.0,64,0,0.511106498,9633.0,9,0,1,0,1.0,0.11060158
0,0.152682375,53,0,0.300783203,6000.0,8,0,1,0,0.0,0.13203225
0,0.754143268,44,0,0.85885674,2833.0,6,0,1,0,0.0,0.43882543
1,0.270057665,74,1,0.524914005,10174.0,10,0,2,0,0.0,0.552087
0,0.9999999,56,0,0.281317886,2761.0,2,0,0,0,0.0,0.553843
0,0.036201163,60,0,0.419272495,4700.0,13,0,1,0,0.0,0.0858378
0,0.030498614,69,0,0.118587608,1500.0,6,1,0,0,2.0,0.5639178
1,0.9999999,25,0,0.0,1.0,1,0,0,0,0.0,0.4975937
0,0.610530993,33,0,0.318068193,10000.0,7,0,2,0,3.0,0.23207135
0,0.312103688,47,0,0.422486833,13100.0,9,0,2,0,0.0,0.2915184
0,0.9999999,32,0,0.695473251,1700.0,2,0,1,0,1.0,0.5094036
0,0.0,60,0,0.420739591,11600.0,10,0,4,0,0.0,0.18187723
0,0.0,37,1,0.218382529,16667.0,11,0,3,0,4.0,0.27430397
0,0.670281912,38,0,0.4626837,10410.0,4,0,2,0,2.0,0.24030103
0,0.191590713,64,0,0.300539892,5000.0,13,0,2,0,1.0,0.103701524
0,0.376204292,40,1,0.374720191,6700.0,15,1,0,0,2.0,0.69684774
0,0.021450498,42,0,0.012794882,2500.0,13,0,0,0,0.0,0.21033034
0,0.001553949,78,0,0.00079968,2500.0,4,0,0,0,0.0,0.0140054105
0,0.533397916,76,2,0.278596583,23000.0,18,0,2,1,0.0,0.5529668
0,0.06929137,73,0,0.038326946,6000.0,4,0,1,0,0.0,0.08371461
0,0.806839772,46,0,0.342754299,7500.0,8,0,1,0,2.0,0.3830637
1,0.779240326,38,4,0.458613342,6100.0,12,0,0,0,2.0,0.8739414
0,0.574144902,31,1,0.458252175,7700.0,14,0,3,0,2.0,0.6886271
0,0.028565714,85,0,0.004544628,5500.0,3,0,0,0,0.0,0.035886377
1,0.984771739,51,0,0.827593152,4964.0,10,0,1,0,1.0,0.6968145
0,0.0,57,0,0.19488,6249.0,5,0,1,1,1.0,0.5001087
0,0.869056166,45,0,0.227239855,12444.0,7,0,1,0,2.0,0.27669492
1,1.584009994,42,3,0.299690642,2585.0,9,3,1,0,0.0,0.9729749
0,0.537430838,52,0,0.191761108,16676.0,8,0,2,1,4.0,0.5403419
1,1.019996429,36,0,0.049723757,3800.0,1,0,0,0,0.0,0.75997317
0,0.645418327,32,0,0.149401568,2422.0,3,0,0,0,1.0,0.4683255
0,0.015935154,60,0,0.640898183,5833.0,9,0,2,0,2.0,0.11155415
0,0.643087038,58,0,0.592033647,8083.0,12,0,1,0,0.0,0.35304764
0,0.491424474,82,0,0.442283221,5500.0,14,0,1,0,1.0,0.4007046
0,0.111802118,66,0,0.147296457,1608.0,4,0,0,0,1.0,0.1030807
0,0.139886011,57,0,0.072650522,4500.0,5,0,1,0,2.0,0.11981295
0,0.472335383,43,0,0.038844824,4916.0,9,0,0,0,1.0,0.43751508
0,0.779839147,45,0,0.188378471,11667.0,9,0,0,0,3.0,0.40933642
0,0.67909338,61,0,0.293800954,6500.0,10,0,1,0,1.0,0.32608145
0,0.02864862,59,0,0.240905058,6761.0,8,0,1,0,0.0,0.04098212
0,0.018804419,29,0,0.45050707,7000.0,19,0,2,0,0.0,0.21327731
0,0.751545193,60,0,0.903066667,7499.0,16,0,1,0,0.0,0.4954313
0,0.775383555,51,0,0.160088041,6814.0,4,0,1,3,3.0,0.78845817
0,0.119162216,48,0,0.567958656,3869.0,8,0,2,0,0.0,0.20078847
0,0.363737239,36,0,0.430382833,4100.0,7,0,1,0,0.0,0.24495542
0,0.038803293,77,0,0.127183042,7500.0,9,0,1,0,0.0,0.078457974
0,0.086720593,59,0,0.390983815,11800.0,21,0,2,0,0.0,0.16324334
0,0.0,45,0,0.17212766,4699.0,3,0,1,0,0.0,0.1264948
0,0.024680776,50,0,0.165817392,11970.0,8,0,1,0,0.0,0.06600714
0,0.056180116,86,0,0.36039975,1600.0,6,0,0,0,0.0,0.06914418
0,0.03635876,49,0,0.007399577,3783.0,3,0,0,0,0.0,0.07979905
0,0.648667567,47,0,0.069686947,13000.0,4,0,0,1,3.0,0.7139816
0,0.056370434,55,0,0.05090248,7700.0,9,0,0,0,2.0,0.12532157
0,0.483569901,32,0,0.202313235,5273.0,6,0,0,0,0.0,0.29424772
0,0.004439822,60,0,0.197210893,7600.0,6,0,1,0,0.0,0.048362926
0,0.89431591,37,1,0.341174613,6333.0,4,0,2,0,1.0,0.6601781
0,0.071958398,63,0,0.17917611,7500.0,15,1,1,0,0.0,0.7027486
1,0.860645068,51,1,0.482352941,6034.0,18,0,2,0,0.0,0.7859297
0,0.319734013,65,0,0.132347061,5001.0,2,0,0,0,0.0,0.15882136
0,0.9999999,31,0,0.085143054,2900.0,2,0,0,0,1.0,0.61688924
0,1.019994287,26,4,0.124704599,5500.0,5,1,0,1,0.0,0.93155646
0,0.084442854,55,0,0.315367704,14100.0,12,0,3,0,2.0,0.17303343
0,0.637729903,66,0,0.813820674,3501.0,14,0,1,0,0.0,0.3836419
0,0.085793597,68,0,0.204265245,3000.0,13,0,2,0,0.0,0.093516774
0,0.467354221,61,0,0.182792688,25000.0,8,0,1,0,0.0,0.086026974
0,0.023314885,61,0,0.131981146,7000.0,7,0,1,0,1.0,0.08257254
1,0.315473699,58,0,0.355265924,4756.0,9,0,1,0,2.0,0.2547207
0,0.022515919,63,0,0.0059988,5000.0,6,0,0,0,0.0,0.10353259
0,0.046232424,73,1,0.238166667,5999.0,9,0,2,0,0.0,0.23114304
0,0.052312608,63,0,0.537199399,7983.0,12,0,3,0,0.0,0.19724843
0,0.120047823,58,0,0.817423057,3833.0,14,0,4,0,2.0,0.37005877
0,0.338826632,38,0,0.249916694,3000.0,10,0,0,0,1.0,0.39929327
0,0.004369946,60,0,0.006372226,4550.0,5,0,0,0,2.0,0.097434044
0,0.012285363,75,0,0.501666162,3300.0,13,0,2,0,0.0,0.13438064
0,0.647713905,63,0,0.190271571,5817.0,3,0,1,0,0.0,0.2847071
0,0.432585941,51,0,0.165341525,5533.0,8,0,0,0,2.0,0.3380494
0,0.146076236,67,0,0.742502999,2500.0,23,0,1,0,0.0,0.2454368
0,0.9999999,29,0,3.657237937,600.0,4,1,2,0,0.0,0.72917646
0,0.037584197,49,0,0.857035741,4000.0,15,0,2,0,1.0,0.25669906
1,0.9999999,32,1,0.151890034,2909.0,5,3,0,1,1.0,0.95925236
0,0.020753758,50,0,0.299670033,10000.0,7,0,1,0,0.0,0.0786585
0,0.0,62,1,2.058907533,2800.0,17,0,3,0,0.0,0.45563418
0,0.0,92,0,0.0,3069.0,1,0,0,0,0.0,0.031860165
0,0.070101042,82,0,0.017746229,2253.0,3,0,0,0,0.0,0.0798427
0,0.078474137,31,2,0.268060995,12000.0,7,0,1,0,0.0,0.4271081
0,0.805871843,40,0,0.998678996,6055.0,12,0,2,0,3.0,0.74490625
0,0.952797327,29,2,0.490200784,12500.0,12,0,2,0,0.0,0.8355924
0,0.048772665,60,0,0.007999158,9500.0,6,0,0,0,0.0,0.08455059
0,0.0,47,0,1.105585922,7500.0,9,0,2,0,4.0,0.30305484
0,0.054058674,56,0,0.338863338,6087.0,11,0,1,0,0.0,0.119237974
0,0.01944677,63,0,0.61717044,8700.0,21,0,5,0,1.0,0.3807574
0,0.013209845,45,0,0.10804055,7200.0,5,0,0,0,3.0,0.08835806
0,0.292120436,47,0,0.047019312,11909.0,5,0,0,0,3.0,0.12344379
0,0.818579463,32,1,0.293897105,4800.0,5,0,1,0,4.0,0.6794584
1,0.148573275,51,0,0.569851504,10235.0,11,0,3,0,2.0,0.37925714
0,0.535676023,35,0,0.806064645,3000.0,14,0,1,0,0.0,0.629775
0,0.886673535,32,0,0.131073785,3333.0,4,0,0,0,2.0,0.56600183
0,0.087945525,55,0,0.342444444,8999.0,9,0,1,0,3.0,0.09931732
0,0.024038701,48,0,0.083044983,2600.0,6,0,0,0,0.0,0.14631887
0,0.53165436,61,0,0.826185102,2214.0,14,0,1,0,0.0,0.4221121
0,0.070839896,47,0,0.274055595,8417.0,3,0,1,0,0.0,0.21354696
0,0.060478954,70,0,0.042526182,3150.0,3,0,0,0,0.0,0.06295291
0,0.003359158,54,1,0.000788261,16491.0,4,0,0,0,0.0,0.06892116
0,0.27389087,29,0,0.191159364,2578.0,8,0,0,0,0.0,0.21037453
0,0.0,59,0,0.038177735,6233.0,7,0,0,0,0.0,0.1476808
0,0.012171145,30,0,1.150866463,1961.0,8,0,1,0,0.0,0.18544984
0,0.9999999,22,0,0.042735043,350.0,1,0,0,0,0.0,0.3051966
0,0.987674476,34,2,0.205899533,3423.0,6,0,0,0,2.0,0.8290874
0,0.018701251,57,0,0.173751113,12350.0,7,0,1,0,2.0,0.034853697
0,0.034311013,58,1,0.281594011,9083.0,13,0,2,0,3.0,0.18956292
0,0.00584465,80,0,0.008531058,3750.0,13,0,0,0,0.0,0.034181315
0,0.0,68,0,0.164766839,18334.0,8,0,2,0,3.0,0.036050905
0,0.798575642,49,0,0.336867616,3300.0,8,0,0,0,0.0,0.55703217
1,0.717487044,42,1,0.450539247,14000.0,8,0,2,0,3.0,0.683564
0,0.863511374,48,0,1.239504198,2500.0,7,0,1,0,2.0,0.53670746
0,0.228152332,35,0,0.275586257,5500.0,7,0,1,0,5.0,0.18432108
0,0.720387994,42,0,1.129226777,13100.0,7,0,3,0,6.0,0.45042554
0,0.9999999,31,0,0.0,3710.0,0,0,0,0,3.0,0.76496613
0,0.088952162,59,0,0.340813153,4500.0,16,0,1,0,2.0,0.14325255
0,0.00077776,74,0,0.209539523,13333.0,6,0,3,0,0.0,0.071920976
0,0.106118944,34,0,0.904573687,7083.0,7,0,3,0,0.0,0.54863787
0,0.026136217,47,0,0.239458348,5833.0,4,0,2,0,0.0,0.05906173
0,0.447273287,31,0,0.495001111,4500.0,6,0,2,0,0.0,0.31622338
0,0.052787193,62,0,0.106105164,8500.0,8,0,1,0,3.0,0.05851983
0,0.082385331,47,1,0.509027169,5704.0,12,0,1,0,2.0,0.32120612
0,0.00963443,80,0,0.0029994,5000.0,4,0,0,0,0.0,0.012815717
0,0.151884812,73,0,0.024487756,2000.0,4,0,0,0,0.0,0.08086862
1,0.956043956,41,0,0.098730447,8821.0,7,0,0,2,3.0,0.8933947
0,0.288843308,40,0,0.052774755,7351.0,7,0,0,0,7.0,0.09903773
0,0.895347852,48,2,0.256513836,4950.0,12,0,0,0,1.0,0.817719
0,0.001726366,57,0,1.660678643,500.0,15,0,1,0,0.0,0.14317319
0,0.0,51,0,0.326159538,22163.0,8,0,3,0,2.0,0.14122146
0,0.735039416,46,0,0.396301849,2000.0,10,0,0,0,1.0,0.60493195
0,0.9999999,71,0,0.038009464,6550.0,3,0,0,0,2.0,0.41594094
0,0.073004774,48,0,0.11043313,9996.0,8,0,1,0,0.0,0.13715981
0,0.258825995,59,0,0.483464082,6500.0,16,0,2,0,0.0,0.17758098
0,0.355578976,76,0,0.492925304,3038.0,11,0,1,0,1.0,0.27481025
0,0.007174216,59,0,0.519675203,1600.0,12,0,1,0,0.0,0.09790594
0,0.203558247,34,3,0.344155844,7083.0,21,0,2,1,0.0,0.81831884
0,1.00619876,60,1,721.5,1.0,4,0,1,0,0.0,0.47193763
0,0.158889599,62,1,0.578508955,2400.0,17,0,1,0,0.0,0.47465447
0,0.0,32,0,0.10120783,2400.0,4,0,0,0,1.0,0.25989074
0,0.169448346,70,0,0.029204694,7669.0,7,0,0,0,0.0,0.10635296
0,0.0,49,0,0.38351664,7000.0,5,0,2,0,2.0,0.094265945
0,0.104377912,51,0,0.04563815,16586.0,6,0,0,0,1.0,0.1315389
0,0.999844672,52,1,0.803850446,3583.0,7,0,1,0,3.0,0.75817174
0,0.002382766,54,0,0.410444601,7084.0,6,0,1,0,0.0,0.06353066
0,0.349273976,63,0,0.708988431,3370.0,10,0,1,0,1.0,0.26645362
1,0.881671049,52,0,0.292782977,7800.0,5,0,0,0,0.0,0.4836067
0,0.73166997,49,0,0.367964956,10500.0,17,0,1,0,1.0,0.5255696
0,0.504518362,45,0,0.127677806,3500.0,2,0,0,0,2.0,0.4288295
0,0.817672744,48,0,0.194422468,15167.0,11,0,2,0,0.0,0.41266704
0,0.211827487,40,0,0.187934441,27333.0,11,0,2,0,2.0,0.20393963
0,0.0,40,0,0.543536088,5638.0,6,0,2,0,0.0,0.10018079
1,0.11991086,41,0,0.075113991,8333.0,6,0,1,0,0.0,0.15560693
0,0.618234227,61,0,0.892877712,5208.0,11,0,3,0,0.0,0.47199708
0,0.014768781,41,0,0.400999884,8600.0,7,0,2,0,2.0,0.12400773
0,0.064072587,59,0,1516.0,0.0,8,0,1,0,1.0,0.04593429
0,0.034031206,64,0,0.175116204,9250.0,7,0,2,0,1.0,0.062172815
0,0.0,60,1,0.057094082,5271.0,6,0,0,0,3.0,0.36141816
0,0.963725148,64,0,0.533517623,4340.0,6,0,1,0,0.0,0.2847726
0,0.002551088,84,0,0.00079968,2500.0,4,0,0,0,0.0,0.02322736
0,0.0,56,0,0.16347428,8300.0,7,0,1,0,0.0,0.088555224
0,0.008199504,65,0,0.176778773,11833.0,11,0,2,0,0.0,0.053245626
0,0.03159684,61,0,0.732422526,3000.0,4,0,1,0,0.0,0.09572871
0,0.006713517,43,0,0.372570194,8333.0,9,0,1,0,2.0,0.078521006
0,0.1929509,73,0,0.150288242,7458.0,10,0,1,0,0.0,0.11693365
0,0.062406444,50,0,0.316831683,11917.0,4,0,1,0,0.0,0.06540456
0,0.096817197,54,0,0.104514533,4850.0,2,0,1,0,0.0,0.1132314
1,0.645418327,33,1,0.023574796,2332.0,2,0,0,0,0.0,0.670498
0,0.000647607,80,0,0.165346535,3029.0,9,0,0,0,0.0,0.24225028
0,0.018267847,60,0,0.01671004,7300.0,6,0,0,0,0.0,0.116117924
0,0.475557515,32,0,0.715889863,6500.0,17,1,3,0,0.0,0.84934366
0,0.031532539,73,0,0.006052323,5121.0,5,0,0,0,0.0,0.018538754
0,0.084203993,44,1,0.525497167,9000.0,14,0,2,0,2.0,0.3570723
1,0.946378479,40,0,0.899507216,5681.0,11,2,2,0,1.0,0.9432956
0,0.444275679,28,1,0.188528047,2370.0,10,1,0,0,0.0,0.8819184
0,0.966067864,26,1,0.916451335,1160.0,4,0,1,0,0.0,0.739575
0,0.302363526,63,0,0.671990535,3380.0,6,0,0,0,0.0,0.20814821
0,0.011441098,47,1,0.004998334,3000.0,8,0,0,0,0.0,0.6400012
0,0.026158949,53,0,0.156512465,7500.0,8,0,1,0,0.0,0.06528164
0,0.0,69,0,0.200349956,8000.0,11,0,1,0,0.0,0.069263324
0,0.838711333,41,1,0.72868017,7750.0,19,0,2,0,3.0,0.7782603
0,0.279175258,51,0,0.257536737,6600.0,6,0,2,0,2.0,0.1429038
0,0.027164927,40,0,0.120987901,10000.0,8,0,0,0,1.0,0.11987446
0,0.00663576,74,0,0.00137836,1450.0,2,0,0,0,0.0,0.017034782
0,0.030527806,76,0,0.182844244,3100.0,8,0,1,0,0.0,0.07200609
0,0.39051717,42,0,0.453302101,13233.0,12,0,2,0,3.0,0.29637176
0,0.02129198,58,0,0.208223342,12500.0,6,0,1,0,1.0,0.031831738
0,0.107760242,72,0,0.160892075,12554.0,10,0,1,0,0.0,0.051363677
0,0.166119126,57,4,0.10818487,3872.0,4,1,0,0,1.0,0.8892555
0,0.9999999,25,0,0.0,3250.0,0,2,0,0,0.0,0.8597958
0,0.075129182,62,1,0.285074917,15416.0,23,0,1,0,1.0,0.2504622
0,0.9999999,52,0,0.173099078,3471.0,3,0,0,0,3.0,0.60120016
1,1.155649372,36,0,0.19524224,3446.0,2,3,0,1,2.0,0.9610556
0,0.293639407,57,0,0.34318555,15833.0,9,0,2,0,3.0,0.17952542
0,0.068292747,49,0,0.394894079,1840.0,12,0,1,0,0.0,0.21686558
0,0.177112995,45,0,0.280028531,7009.0,9,0,2,0,3.0,0.14878516
0,0.003388701,40,0,1.290521054,5200.0,4,0,3,0,1.0,0.26117775
0,0.234306277,31,0,0.091535214,4500.0,3,0,0,1,1.0,0.597126
0,0.127201994,48,0,0.721142309,4166.0,8,0,2,0,1.0,0.27094522
0,0.960345415,54,0,0.145052977,6700.0,3,0,1,0,0.0,0.21649304
0,0.251783214,40,0,0.277290349,4900.0,7,0,2,0,2.0,0.19781755
0,0.142861236,53,0,0.250988142,3541.0,4,0,0,0,0.0,0.16967878
0,0.036805319,42,0,0.354117433,5500.0,5,0,2,0,2.0,0.10766389
0,0.080261669,57,0,0.34539413,10833.0,15,0,2,0,2.0,0.15416454
0,0.926147705,26,0,34.0,0.0,2,0,0,0,0.0,0.17616484
0,0.001462728,70,0,0.486923699,3708.0,16,0,1,0,0.0,0.0571589
0,0.190961808,33,0,0.673521851,3500.0,5,0,1,0,0.0,0.16515897
0,0.20185321,75,0,0.34965035,1000.0,6,0,1,0,0.0,0.10339953
0,0.82128204,50,0,0.654678406,6700.0,15,0,1,0,1.0,0.4675941
0,0.223180722,40,1,0.52107982,6000.0,16,0,2,0,1.0,0.48689076
0,0.070729212,42,1,0.120231518,3800.0,5,0,0,0,1.0,0.37484023
0,0.9999999,35,0,0.0,3750.0,1,0,0,0,0.0,0.5201662
0,0.663167104,30,2,0.368802355,4416.0,8,0,1,0,1.0,0.71490824
0,0.083423841,36,0,0.330720381,10077.0,9,0,1,0,0.0,0.21094823
0,0.703918063,52,0,0.316357819,7500.0,8,0,1,0,0.0,0.33158392
0,0.003859862,64,0,0.416757658,17400.0,16,0,3,0,0.0,0.13039336
0,0.376854105,67,0,0.251483911,3200.0,4,0,1,0,1.0,0.15244082
0,0.185929196,46,1,0.560762262,3200.0,8,0,1,0,1.0,0.5612764
0,0.713334131,48,0,0.230268141,6600.0,8,0,1,0,2.0,0.37343222
0,0.586670494,33,0,0.270369101,8750.0,8,0,2,0,0.0,0.32767835
0,0.019264448,54,0,0.200422498,3786.0,9,0,1,0,0.0,0.09589074
0,0.9999999,29,0,0.0,1912.0,0,0,0,0,0.0,0.6576444
0,0.533176375,55,0,0.298571429,10499.0,13,0,1,0,1.0,0.21057786
0,0.9999999,61,0,0.317428428,3981.0,4,0,1,0,1.0,0.3188922
0,0.248792892,41,0,0.871943086,2248.0,7,0,1,0,2.0,0.28914732
0,0.277315328,70,0,0.305322886,3700.0,14,0,0,0,0.0,0.12151018
0,0.006949539,72,0,1.373555247,2162.0,9,0,2,0,1.0,0.26094353
0,0.102289771,61,0,0.159315455,11335.0,10,0,1,0,0.0,0.062269025
0,0.200229759,51,0,0.451069969,4158.0,5,0,1,0,2.0,0.1732324
0,0.113149212,62,0,0.301850049,5134.0,21,0,1,0,0.0,0.12583746
0,0.057890046,69,0,0.560562572,3483.0,11,0,2,0,0.0,0.12939054
0,0.548383876,46,0,0.205784761,66000.0,19,0,2,0,1.0,0.4903806
0,0.003527925,49,0,0.431861589,8900.0,14,0,3,0,2.0,0.12934917
0,0.003134466,63,0,0.234806844,12916.0,11,0,2,0,1.0,0.08372643
0,0.129956681,68,0,0.118584071,2824.0,5,0,0,0,0.0,0.10594029
0,0.0,70,1,0.365832762,5835.0,12,0,1,0,1.0,0.2917526
0,0.085699808,65,0,0.459405413,7500.0,20,0,1,0,0.0,0.14591028
0,0.034837906,52,0,0.126959707,13649.0,8,0,1,0,2.0,0.06465118
0,0.073644303,54,0,1.558256173,2591.0,15,0,3,0,0.0,0.53652877
0,0.16376596,37,0,0.147853032,2258.0,8,0,0,0,0.0,0.18172215
0,0.559305087,52,0,0.247690166,7900.0,6,0,1,0,3.0,0.26292107
0,0.077650486,38,0,0.070697816,6548.0,5,0,0,0,2.0,0.10271188
0,0.718705378,28,0,0.170125614,3661.0,4,0,0,0,1.0,0.47458282
0,0.304813196,54,0,0.263073693,10000.0,8,0,2,0,1.0,0.13573997
0,0.885939839,31,1,0.23236479,11666.0,8,0,0,0,0.0,0.5228794
0,0.012098162,86,0,0.003149843,6666.0,6,0,0,0,0.0,0.06730119
0,0.046233393,51,0,0.29671347,6480.0,13,0,1,0,0.0,0.080979496
0,0.01746688,32,0,0.12195122,2500.0,6,0,0,0,0.0,0.11021062
0,0.982771474,62,0,0.709602418,4300.0,15,0,0,0,0.0,0.66214347
0,0.9999999,31,0,0.143114853,3325.0,5,0,0,0,0.0,0.48769927
0,0.024381806,69,0,0.388939611,7666.0,9,0,2,0,0.0,0.08331798
0,0.140410902,74,0,0.397700287,8000.0,8,0,2,0,0.0,0.07737989
1,0.62700946,46,4,4.606908393,9900.0,17,0,5,0,2.0,0.92918336
0,0.138211132,51,0,0.31061979,5517.0,13,0,1,0,1.0,0.15316767
0,0.059267746,61,0,0.263122813,6000.0,4,0,1,0,0.0,0.06284949
0,0.081664398,48,0,1317.0,0.0,5,0,0,0,0.0,0.03882936
0,0.189767183,45,0,0.527169949,10967.0,22,0,3,0,0.0,0.24484591
0,0.030389126,39,0,0.222377762,10000.0,10,0,1,0,0.0,0.11302104
0,0.058126035,59,0,0.334776536,7159.0,19,0,2,0,0.0,0.18961097
0,0.0,42,0,0.0,3333.0,4,0,0,0,0.0,0.07263239
0,0.004391595,67,0,0.529161266,5400.0,9,0,1,0,0.0,0.07341743
0,0.048694686,26,0,0.103166987,2083.0,2,0,0,0,0.0,0.14940533
0,0.029313734,68,0,0.209386282,3600.0,8,0,2,0,0.0,0.053356595
0,0.00040025,56,0,0.184971098,6400.0,9,0,2,0,3.0,0.1588851
0,0.776309784,39,0,0.355879752,15833.0,9,0,2,0,1.0,0.54195154
0,0.042570212,53,0,0.248706087,21832.0,8,0,3,0,1.0,0.066462204
0,0.190591881,58,0,0.289176866,12500.0,4,1,1,0,0.0,0.45409203
0,0.98667555,44,1,0.191602799,3000.0,4,1,1,0,1.0,0.852495
0,0.436927179,31,0,0.164579606,3912.0,4,0,0,0,2.0,0.3074121
0,0.087249512,44,0,0.320968166,3800.0,12,0,1,0,0.0,0.12856315
0,0.040987578,71,0,0.799333492,4200.0,15,0,2,0,0.0,0.10668391
0,0.060576091,54,0,0.068418797,7000.0,10,0,0,0,3.0,0.13422492
0,0.008524106,62,0,0.670739836,4500.0,8,0,1,0,1.0,0.058024745
0,0.553196217,41,0,0.37517305,6500.0,5,0,2,0,3.0,0.3590156
0,0.018934116,59,0,0.218129194,7600.0,7,0,1,0,0.0,0.056989722
0,0.592216367,51,0,0.294595832,8733.0,18,0,2,0,0.0,0.44407836
0,0.263993714,36,2,0.098085897,10500.0,15,0,2,0,3.0,0.2673001
0,0.529578404,60,0,0.30130074,8917.0,4,0,1,0,4.0,0.1595903
0,0.702980352,43,1,0.403241694,11166.0,10,0,2,0,3.0,0.5552109
0,0.04656995,33,0,0.35362237,7080.0,8,0,1,0,1.0,0.165083
0,0.010702391,77,0,0.008707608,4363.0,13,0,0,0,0.0,0.047201946
1,0.626933292,42,0,0.714066103,1300.0,12,0,1,0,2.0,0.541955
0,0.687562172,59,0,0.396295955,10852.0,14,0,2,0,2.0,0.3096599
0,0.493670886,26,0,0.551632245,1500.0,8,0,1,0,0.0,0.55180043
0,0.055029363,54,0,0.332461136,6496.0,13,0,2,0,1.0,0.12902498
0,0.277496917,50,0,0.282637954,5200.0,19,0,0,0,0.0,0.21379073
0,0.068940112,85,0,0.007596961,2500.0,5,0,0,0,0.0,0.07285829
0,0.9999999,53,0,0.245688578,4000.0,5,0,0,0,0.0,0.5149816
0,0.133624216,48,0,0.213477161,7508.0,6,0,2,0,0.0,0.11915013
0,0.009268494,62,0,0.090164724,10380.0,10,0,1,0,0.0,0.044372547
0,0.162947552,39,0,0.150896982,16666.0,13,0,1,0,0.0,0.125274
0,0.450703286,42,0,0.32509639,11411.0,13,0,3,0,2.0,0.2151441
0,0.367433439,44,0,0.429955291,4025.0,15,0,0,0,1.0,0.303312
0,0.305205266,44,2,0.311952007,6500.0,9,0,2,0,3.0,0.5222452
0,0.477042494,28,0,0.133560124,6760.0,10,0,0,0,1.0,0.31555888
0,0.068831421,45,0,0.010569919,7000.0,6,0,0,0,2.0,0.20335625
0,0.02333285,87,0,0.291715092,6022.0,14,0,1,0,0.0,0.11532663
0,0.053717518,67,0,0.148148148,3185.0,12,0,0,0,0.0,0.13551502
0,0.742902839,28,0,0.372712146,600.0,2,0,0,0,0.0,0.40566215
0,0.953488372,42,3,0.469394544,3005.0,5,1,0,0,1.0,0.9370259
0,0.9999999,53,2,0.81127549,2500.0,5,0,2,0,0.0,0.78435934
0,0.825400119,61,0,0.564017135,2100.0,7,0,0,0,0.0,0.48281327
0,0.045523862,64,0,0.227388716,7053.0,5,0,2,0,0.0,0.041966464
0,0.130756914,67,0,0.614478114,7127.0,20,0,4,0,0.0,0.23799466
0,0.079213789,74,2,0.127859018,8000.0,17,0,0,0,0.0,0.506294
0,0.013878262,69,0,0.002661505,8265.0,11,0,0,0,0.0,0.05248771
0,0.058798977,47,1,0.236373305,3760.0,11,0,1,0,1.0,0.3277763
0,0.07024122,65,0,0.088358594,3100.0,7,0,0,0,0.0,0.17962733
0,0.010745432,52,0,0.133146671,40000.0,19,0,2,0,3.0,0.21936432
1,1.594810379,47,2,0.379348631,5403.0,4,1,1,0,2.0,0.9395811
0,0.093446522,53,1,0.513474355,3450.0,9,0,2,0,2.0,0.40800488
0,0.323890119,56,0,0.30758044,5500.0,9,0,1,0,1.0,0.23471603
0,0.050193736,45,0,1.049507072,4665.0,14,0,6,0,2.0,0.4933839
1,0.871889008,43,0,0.561109978,4900.0,6,0,0,0,2.0,0.6631877
0,0.071095312,50,1,0.534368932,2574.0,5,0,1,0,1.0,0.49827862
0,0.554229498,41,0,0.554776375,6416.0,7,0,3,0,1.0,0.44602835
0,0.003796988,30,0,0.26089185,1950.0,9,0,1,0,0.0,0.06580161
0,0.537978663,52,0,0.524480215,10436.0,19,0,4,0,3.0,0.4525756
0,0.044014707,53,0,0.192050165,9408.0,5,0,1,0,3.0,0.061923347
0,0.866497503,52,0,0.444336074,7176.0,17,0,2,0,1.0,0.52447313
0,0.023617418,71,1,0.234635382,7500.0,9,0,1,0,1.0,0.2275964
0,0.017506908,68,0,0.139700079,3800.0,15,0,0,0,0.0,0.0497009
0,0.013776233,52,0,0.468238793,4706.0,5,0,1,0,1.0,0.10133946
0,0.028453683,58,0,0.383757312,7350.0,5,0,2,0,0.0,0.06708291
0,0.0,31,0,0.31142381,5400.0,9,0,1,0,0.0,0.16113219
0,0.421508721,27,0,0.403915123,6691.0,4,0,1,0,0.0,0.20062003
0,0.159916802,57,0,0.043627107,11391.0,6,0,1,0,0.0,0.06836626
0,0.9999999,46,0,0.0,6283.0,0,0,0,0,2.0,0.7594312
0,0.178962469,35,0,0.151441945,6622.0,13,0,0,0,0.0,0.13221774
0,0.187522409,73,0,0.057910586,8633.0,7,0,1,0,0.0,0.07786119
1,0.994300142,47,0,0.1020705,11687.0,2,0,0,0,0.0,0.43134338
0,0.0,53,0,0.445627719,6666.0,24,0,3,0,0.0,0.14740069
0,0.191928632,55,0,0.338176887,10322.0,11,0,2,0,1.0,0.12898807
0,0.358565737,39,0,0.064239829,5136.0,3,0,0,0,1.0,0.27299383
0,0.194614634,65,0,0.91804098,2000.0,8,0,2,0,0.0,0.20531073
1,0.977629063,44,0,1.193382154,3686.0,12,0,2,0,4.0,0.7248116
1,0.804101,29,1,0.127740809,9166.0,5,1,0,0,1.0,0.8882401
0,0.196853133,64,0,0.506311711,8000.0,13,0,2,0,1.0,0.1162926
0,0.9999999,25,0,0.140865385,2079.0,1,0,0,0,0.0,0.49995935
0,0.087934066,39,0,0.369979224,5775.0,10,0,2,0,2.0,0.169659
0,0.146512189,37,1,0.132283465,5079.0,6,0,0,0,1.0,0.45258602
0,0.55986436,63,0,0.589572193,2243.0,6,0,1,0,0.0,0.32752314
0,0.138551162,38,0,0.436411872,6030.0,10,0,2,0,1.0,0.27016506
0,0.012426581,33,0,0.3510794,5465.0,8,0,1,0,1.0,0.1776615
0,0.009567931,44,1,0.288263344,6500.0,8,0,2,0,2.0,0.15834148
1,1.015140045,54,2,0.227517294,1300.0,2,0,0,0,1.0,0.9218136
1,0.9999999,58,6,3.972309396,5416.0,12,0,9,1,0.0,0.97470945
0,0.290232337,75,3,0.257828542,7791.0,17,0,3,0,0.0,0.6066206
0,0.114392374,39,0,0.10771748,7333.0,5,0,1,0,0.0,0.0680628
0,0.003142558,55,0,0.637113574,12000.0,4,0,2,0,0.0,0.086570546
0,0.364881756,63,0,0.450060655,4945.0,7,0,1,0,1.0,0.19838016
0,0.004874878,81,0,0.000402414,12424.0,2,0,0,0,1.0,0.010636562
0,0.0,51,0,0.310292786,9938.0,10,0,1,0,2.0,0.12612788
0,0.015317472,80,0,0.114344315,7800.0,7,0,1,0,0.0,0.041802857
0,0.011766584,58,1,0.299056925,8800.0,25,0,1,0,0.0,0.28854984
0,1.047495906,35,2,0.314566116,3871.0,8,0,2,1,3.0,0.8986437
0,0.008449578,41,0,0.166574125,1800.0,10,0,0,0,1.0,0.12223726
0,0.263336114,48,0,0.371611497,7340.0,16,0,2,0,3.0,0.1819873
0,0.057396944,79,0,0.028809803,7670.0,4,0,0,0,0.0,0.040117297
0,0.373358797,36,0,0.759946403,9701.0,11,0,2,0,2.0,0.5535295
0,0.304195613,35,0,0.480053328,9750.0,11,0,2,0,0.0,0.36824933
0,1.00759962,58,0,0.272414358,6100.0,4,0,1,0,0.0,0.49188295
0,0.86234251,34,0,0.370256803,5217.0,6,0,1,1,2.0,0.77590954
0,0.010300854,75,0,0.001940805,6182.0,5,0,0,0,0.0,0.033639126
0,0.185910938,62,0,0.264966879,8000.0,8,0,2,0,0.0,0.094012454
1,0.929253537,36,3,2500.0,0.0,5,0,0,0,0.0,0.7573746
0,0.351029936,38,0,0.401119776,5000.0,7,0,0,0,3.0,0.32525238
0,0.000962927,35,1,0.178748904,6841.0,4,0,1,0,0.0,0.32847327
0,0.140046499,46,0,0.102099767,9000.0,8,0,0,0,2.0,0.17131709
0,0.014284694,62,0,0.286489574,3500.0,4,0,0,0,0.0,0.067759514
0,0.45439527,45,1,2.387225549,500.0,9,1,1,0,1.0,0.6836386
0,0.0,46,0,0.0,4030.0,4,0,0,0,0.0,0.1002407
0,0.000699965,70,0,0.182385803,6085.0,3,0,1,0,0.0,0.12931888
0,0.211330398,62,0,0.039558418,25000.0,6,0,0,0,1.0,0.15111625
1,0.847892221,26,3,0.191120259,3400.0,8,0,0,0,0.0,0.8515494
0,0.041632811,60,0,0.311527357,14200.0,17,0,2,0,1.0,0.12641928
0,0.02513895,72,0,0.007996002,4001.0,4,0,0,0,0.0,0.016098674
0,0.919513414,52,0,0.611129623,3000.0,4,0,1,0,1.0,0.5441792
0,0.070502037,35,0,0.2465993,5145.0,5,0,2,0,0.0,0.18401842
0,0.265184555,42,0,0.608632365,15800.0,9,0,3,0,2.0,0.4822835
0,0.706152217,48,0,0.079229915,2700.0,2,0,0,0,3.0,0.5835378
0,0.0469953,67,0,0.004544078,3300.0,3,0,0,0,0.0,0.04080571
1,0.311568843,40,3,0.740103958,2500.0,4,0,1,0,4.0,0.7497117
1,0.92358804,39,1,0.180880975,3200.0,3,0,0,0,0.0,0.69765997
0,0.011448317,63,0,0.496354926,4800.0,7,0,1,0,0.0,0.105004154
0,0.663733501,34,0,0.463445116,4800.0,8,0,1,0,2.0,0.42473763
0,0.817217804,66,0,0.522173802,3900.0,7,0,1,0,0.0,0.27620158
0,0.042751109,39,0,0.371728253,10391.0,25,0,3,0,3.0,0.3964061
0,0.013680054,80,0,0.089182164,5000.0,11,0,0,0,0.0,0.06491707
0,0.992015968,29,0,0.008064516,2231.0,1,0,0,0,0.0,0.59233314
0,0.0,23,0,0.157602664,900.0,3,0,0,0,0.0,0.17028551
0,0.013066834,80,0,0.332396126,3200.0,24,0,0,0,0.0,0.09886261
0,0.29256376,51,0,0.42473579,3500.0,7,0,1,0,2.0,0.2115299
0,0.0,59,0,0.341207934,4486.0,13,0,1,0,1.0,0.1296605
0,0.009073514,40,0,0.323261497,4500.0,5,0,1,0,1.0,0.059388436
1,0.960693153,41,0,0.138132595,6500.0,7,0,0,0,4.0,0.68739676
0,0.0,44,0,0.159507486,7146.0,4,0,2,0,1.0,0.09225744
0,0.009242549,63,0,0.087771276,13500.0,12,0,1,0,1.0,0.04815669
1,0.302921378,70,5,0.730074979,3600.0,13,0,2,1,0.0,0.839
0,0.20745899,72,0,0.381106561,10500.0,15,0,1,0,0.0,0.15821964
0,0.9999999,24,0,0.0,820.0,1,0,0,0,0.0,0.38947862
0,0.179136565,45,2,0.032585083,9666.0,4,0,0,1,1.0,0.74828464
0,0.191823302,33,0,0.246696665,14000.0,8,0,1,0,0.0,0.09565173
1,0.991654858,30,0,0.95229983,1760.0,6,1,1,0,0.0,0.84528226
0,0.417403941,51,0,0.624895222,7157.0,10,0,2,0,0.0,0.33678827
0,0.021854644,73,0,0.171221788,10500.0,13,0,1,0,0.0,0.043547966
0,1.267017049,33,1,1.353039134,1200.0,8,0,1,0,1.0,0.88537365
0,0.004957567,60,0,0.097092019,27200.0,6,0,1,0,1.0,0.023696193
0,0.006912379,75,0,0.007328448,1500.0,7,0,0,0,0.0,0.026151527
0,0.003396098,41,0,0.35777692,5181.0,6,0,2,0,1.0,0.09770583
0,0.629393971,60,0,0.105464384,17000.0,9,0,2,0,1.0,0.17084244
0,0.008657602,61,0,0.17100604,4800.0,7,0,1,0,1.0,0.05237535
1,0.012339661,60,0,0.154501562,3520.0,22,0,1,0,1.0,0.36691272
0,0.002969011,69,0,0.3712503,8333.0,13,0,2,1,0.0,0.31414524
1,1.316139767,32,0,0.294485294,2719.0,5,2,0,0,1.0,0.9493443
0,0.010638101,69,3,0.29695384,5350.0,20,0,4,0,1.0,0.4016861
0,0.195598768,39,0,0.050440529,4539.0,10,0,0,0,1.0,0.2718409
0,0.120768176,39,0,0.319268073,10000.0,7,0,2,0,0.0,0.15053497
0,0.009890729,80,0,0.00204499,7823.0,8,0,0,0,0.0,0.03421369
0,0.9999999,34,0,0.00155521,4500.0,0,0,0,0,0.0,0.66740614
0,0.062052377,71,0,0.016074856,4167.0,7,0,0,0,0.0,0.033841275
0,0.315506187,50,0,0.353313477,5371.0,10,0,1,0,0.0,0.2656536
0,0.418666209,31,0,0.424702567,6387.0,9,0,2,0,0.0,0.3771074
0,0.820720364,59,0,2.094594595,2515.0,15,0,3,0,0.0,0.7338994
0,0.0,37,0,0.356586522,8858.0,4,0,1,0,2.0,0.10636466
0,0.076318703,35,0,0.033945594,4300.0,9,0,0,0,0.0,0.115289986
0,0.511774928,68,0,2.091954023,2000.0,17,0,2,0,0.0,0.48690197
0,0.205528039,75,0,0.793826048,4437.0,10,0,5,0,0.0,0.27335474
0,0.012132126,49,0,1.874779541,1700.0,14,0,2,0,0.0,0.31055924
0,0.038124255,66,0,0.336951864,7000.0,9,0,2,0,0.0,0.124407135
0,0.003214171,62,0,0.221734641,3873.0,6,0,1,0,0.0,0.08228237
0,0.658249812,49,1,0.59880015,8000.0,8,0,2,0,0.0,0.5131315
1,0.9999999,53,2,0.041739565,4000.0,1,0,0,0,1.0,0.84909004
0,0.462685953,42,0,0.613187336,4200.0,8,0,1,0,1.0,0.36466932
0,0.297683767,59,0,2.7995152,9900.0,13,0,2,0,2.0,0.13032939
0,0.013499663,48,0,0.231213277,9700.0,13,0,2,0,2.0,0.08711529
0,0.854286095,29,0,0.077260755,3416.0,4,0,0,0,0.0,0.50035787
0,0.044929687,46,0,0.166696964,5500.0,14,0,0,0,2.0,0.11926834
0,0.0,42,0,0.339305058,12000.0,10,0,2,0,1.0,0.17759208
0,0.703317656,59,2,0.117018481,11416.0,7,0,0,0,0.0,0.625891
0,0.005713946,73,0,0.240588382,4010.0,6,0,1,0,0.0,0.0273707
0,0.27444146,60,0,0.317325118,5517.0,6,0,1,0,0.0,0.105890445
0,0.558625935,61,1,0.555961171,12052.0,9,0,2,0,1.0,0.44074082
0,0.08457417,53,0,0.346745442,9816.0,15,0,1,0,0.0,0.18340005
0,0.831378581,33,1,0.314092228,3100.0,4,0,0,0,2.0,0.7350035
0,0.9999999,24,0,0.0,0.0,1,0,0,0,0.0,0.46154225
0,0.9999999,51,2,0.249894399,11836.0,5,0,1,0,2.0,0.5750967
0,0.652207275,64,0,0.488975779,18413.0,24,0,3,0,0.0,0.2727844
0,0.508213685,50,0,0.189047944,4400.0,11,0,0,0,0.0,0.4442912
0,0.0,57,0,0.073601361,4700.0,1,0,0,0,2.0,0.1885051
0,0.146517133,48,0,0.232514958,4846.0,12,0,2,1,2.0,0.5468672
0,0.00499975,63,0,0.000581283,5160.0,2,0,0,0,0.0,0.04173617
0,0.588733231,59,0,0.223449969,1628.0,3,0,0,0,0.0,0.3964097
0,0.040226474,29,0,0.020815987,1200.0,7,0,0,0,0.0,0.12718004
0,0.074352251,37,0,0.0105241,4750.0,3,0,0,0,0.0,0.10683137
0,0.0,85,0,0.047330097,823.0,4,0,0,0,0.0,0.08103285
0,0.796441789,36,0,0.381946486,3400.0,12,0,1,0,0.0,0.5322482
0,0.309042926,45,1,0.467306539,3333.0,11,0,0,0,0.0,0.51748544
0,0.046210852,69,0,0.561788392,3600.0,19,0,1,0,0.0,0.13494517
0,0.080817022,34,0,0.069976674,3000.0,12,0,0,1,0.0,0.6184761
0,0.006625564,65,0,0.00046508,12900.0,5,0,0,0,0.0,0.013254347
0,0.025978113,52,0,0.272616715,14800.0,10,0,3,0,0.0,0.11231481
0,0.042531087,62,0,0.003961804,9843.0,6,0,0,0,2.0,0.082379766
0,0.03905426,80,0,0.023840041,3900.0,9,0,0,0,0.0,0.06430044
0,0.2335208,44,2,0.220954053,10250.0,7,0,2,0,1.0,0.49622956
0,0.622683706,63,1,0.347362352,3468.0,7,2,0,1,1.0,0.9422277
0,0.681655657,56,0,0.771450558,12994.0,9,0,6,0,1.0,0.6999979
0,0.118921521,74,0,0.02399808,4166.0,3,0,0,0,0.0,0.10160548
0,0.106909153,39,0,0.213790587,2740.0,9,0,0,0,3.0,0.26041058
0,0.853517878,49,3,0.01398286,6650.0,4,0,0,1,0.0,0.75543004
1,0.9999999,32,0,0.146370726,5000.0,2,2,0,0,0.0,0.88111085
1,0.041555043,54,1,0.13476742,5438.0,8,0,1,2,0.0,0.7966439
0,0.050748791,68,0,1.879624075,5000.0,10,0,3,0,0.0,0.2035492
0,0.014441183,75,0,0.145703611,16059.0,8,0,1,0,0.0,0.02104457
0,0.037055944,51,0,0.385630718,6666.0,16,0,1,0,0.0,0.15894108
0,0.273674723,45,0,0.302717901,3200.0,8,0,0,0,2.0,0.25427693
0,0.037820534,49,0,1.399857194,2800.0,9,0,2,0,1.0,0.28700024
0,0.857555429,52,0,0.437791727,6212.0,5,0,2,0,2.0,0.51107496
0,0.431368024,44,2,0.042988314,9583.0,6,0,0,0,2.0,0.7420456
0,0.668998824,58,2,0.449503795,3425.0,9,1,1,1,1.0,0.9152643
1,0.048878042,35,2,0.097580484,5000.0,6,0,0,0,0.0,0.43481657
0,0.141195293,71,0,0.223093963,10833.0,7,0,1,0,0.0,0.034798175
0,0.9999999,44,0,0.078200321,5600.0,2,0,0,0,2.0,0.52867955
0,0.588735282,48,0,0.51658057,6000.0,6,0,1,0,5.0,0.46856254
0,0.413911981,35,0,0.401588823,7300.0,9,0,2,0,1.0,0.35969815
0,0.9999999,63,0,0.531893621,5000.0,6,0,2,0,0.0,0.3549889
1,0.755557822,44,0,0.245343423,3435.0,6,0,0,0,2.0,0.4701576
0,0.501653399,47,0,0.389573991,12487.0,13,0,4,0,0.0,0.3551651
0,0.979195663,61,0,0.320731136,6400.0,7,0,1,0,0.0,0.352227
0,0.670276071,31,0,0.691281563,2098.0,7,0,1,0,0.0,0.43105704
0,0.580626804,57,0,0.330997635,11416.0,7,0,2,0,0.0,0.16865394
0,0.018953555,67,0,1.508491508,1000.0,10,0,1,0,0.0,0.12452675
0,0.175434349,47,0,0.149077983,4500.0,9,0,0,0,0.0,0.21659124
0,0.123988581,49,0,0.093913337,5930.0,8,0,0,0,1.0,0.16530886
1,1.013986708,63,4,0.464346712,4683.0,10,0,1,1,3.0,0.94197166
0,0.703447841,60,0,0.354541649,7166.0,9,0,0,0,1.0,0.40112782
0,0.004049798,66,0,0.111970141,3750.0,5,0,0,0,0.0,0.050224267
0,0.039203282,62,0,0.047567568,10174.0,7,0,1,0,2.0,0.061460767
0,0.168454608,61,0,0.311337732,5000.0,15,0,1,0,0.0,0.17587735
0,0.07138321,61,1,0.192623468,15833.0,16,0,1,0,1.0,0.21796302
0,0.014996632,57,0,0.006285116,10500.0,19,0,0,0,0.0,0.0931138
0,0.49188299,33,0,0.430101768,5600.0,4,0,1,0,0.0,0.30746254
0,0.116182367,37,0,0.844553244,2450.0,5,0,1,0,0.0,0.16138189
0,0.0,47,0,0.779632721,9583.0,8,0,2,0,2.0,0.24566866
0,0.052389522,27,0,0.00155521,4500.0,1,0,0,0,1.0,0.16776332
0,0.106597625,72,0,0.131373725,5000.0,2,0,1,0,1.0,0.07073904
0,0.45993612,63,0,0.463182089,11746.0,9,0,2,0,1.0,0.19286503
0,0.201424358,29,0,0.176251166,3216.0,5,0,0,0,0.0,0.15290962
0,0.176933841,46,0,0.842831434,1666.0,11,0,1,0,1.0,0.28208777
0,0.990298037,39,0,0.2569992,8750.0,4,0,0,0,3.0,0.47529626
0,0.001122334,32,0,0.79980005,4000.0,6,0,2,0,1.0,0.29618272
0,0.030329508,47,0,0.407130535,10433.0,7,0,3,0,2.0,0.14608298
0,0.497730819,44,0,0.393387816,8075.0,9,0,0,0,2.0,0.33972907
0,0.0,39,0,0.605687533,5766.0,10,0,2,0,0.0,0.17745762
0,0.077145183,48,1,1.448441247,833.0,20,0,2,0,2.0,0.46812767
0,0.0,60,0,0.170392211,14583.0,12,0,1,0,2.0,0.0780304
0,0.022849244,36,1,0.489644337,7000.0,11,0,3,0,0.0,0.52412933
0,0.075276407,49,1,0.131448571,22000.0,16,0,2,0,4.0,0.2586289
0,0.161886672,41,0,0.396864585,8100.0,9,0,2,0,4.0,0.21427362
0,0.108275669,36,0,0.392001666,4800.0,5,0,1,0,3.0,0.12097751
0,0.027854381,71,0,0.346546974,11250.0,17,0,1,0,1.0,0.118012205
0,2.237855855,60,6,2597.0,1.0,16,1,2,1,4.0,0.6360747
0,0.232431057,56,0,0.34524365,15000.0,9,0,2,0,1.0,0.17095192
0,0.0,32,0,0.0,3360.0,3,0,0,0,1.0,0.12562151
0,0.227077932,37,0,0.285234363,6250.0,10,0,1,0,2.0,0.20268065
0,0.521146184,53,0,0.413788487,7469.0,9,0,2,0,2.0,0.25004447
0,0.708729645,30,0,0.95276181,4000.0,14,0,2,0,0.0,0.7252386
0,0.176720582,58,0,0.050635949,4166.0,4,0,0,0,0.0,0.16848859
0,0.000850555,60,0,0.371641034,5916.0,6,0,2,0,0.0,0.09513192
0,0.0,62,0,0.551567469,2200.0,5,0,0,0,0.0,0.13706984
0,0.038838446,84,0,0.283658537,4099.0,5,0,1,0,0.0,0.024386637
0,0.00392934,64,0,0.000499975,20000.0,12,0,0,0,0.0,0.021491254
0,0.00865967,74,0,0.380137747,4500.0,9,0,2,0,0.0,0.059598133
0,0.744553462,40,0,0.326996667,8100.0,12,0,1,0,2.0,0.5270116
0,0.939369148,31,0,0.824674165,5600.0,11,0,2,0,3.0,0.7597375
0,0.026572577,78,0,0.440578903,3592.0,31,0,2,0,0.0,0.047798924
0,0.077618806,39,0,0.031172687,2020.0,8,0,0,0,2.0,0.15043527
0,0.292064358,31,0,0.281282139,5833.0,7,0,1,0,0.0,0.14008391
0,0.445648098,37,0,0.274893759,12000.0,7,0,2,0,2.0,0.17863652
0,0.326158098,47,0,0.280172414,5335.0,10,0,1,0,0.0,0.25125995
0,0.019141034,28,0,0.132622459,3000.0,5,0,0,0,0.0,0.11536855
0,0.012545944,51,0,0.040117059,8200.0,7,0,0,0,0.0,0.18342523
0,0.9999999,68,0,0.14824227,2360.0,3,1,0,0,0.0,0.6852527
0,0.107560312,45,0,0.41928911,4416.0,5,0,2,0,1.0,0.17423321
0,0.965285193,62,0,0.3030721,7974.0,16,0,1,0,0.0,0.4657355
0,0.07066655,43,0,0.420803783,2537.0,8,0,1,0,3.0,0.17617825
0,0.009726831,64,0,0.00174216,3443.0,3,0,0,0,0.0,0.03338326
0,0.016527566,41,1,0.418158184,10000.0,10,0,2,0,0.0,0.3346558
0,0.085811664,66,0,0.223111076,25000.0,11,0,4,0,1.0,0.04581487
0,0.666688358,42,0,0.338582677,8000.0,13,0,2,0,3.0,0.3547436
0,0.024954813,32,0,0.479507558,6416.0,11,0,1,0,0.0,0.16639854
0,0.006900553,57,0,0.702338422,6157.0,14,0,1,0,3.0,0.1538066
0,0.981168236,41,0,0.464468864,4094.0,8,0,0,0,3.0,0.59614795
0,0.843130447,39,0,0.462589568,6000.0,8,0,2,0,2.0,0.47709915
1,0.857544535,56,0,1.21695245,8222.0,14,0,3,0,2.0,0.65917975
0,0.21384348,46,1,0.191830861,9033.0,15,0,1,1,3.0,0.6334047
0,0.000189184,58,0,0.034564554,2950.0,4,0,1,0,0.0,0.13486522
0,0.007859007,62,0,0.29,6499.0,9,0,2,0,1.0,0.07240859
0,0.011976048,35,0,0.271446427,8800.0,6,0,1,0,0.0,0.10874512
0,0.293327478,59,0,0.740503798,2500.0,4,0,0,0,0.0,0.18817203
0,0.730478914,63,0,0.361515748,10159.0,19,0,1,0,0.0,0.40570202
0,0.69089178,45,0,0.161493951,1900.0,7,0,0,0,2.0,0.5216358
0,0.69484189,51,0,0.474747475,4850.0,10,0,1,0,2.0,0.48355702
0,0.15351086,77,0,0.213891081,3800.0,4,0,1,0,0.0,0.059105247
0,0.0,43,0,0.519668338,5185.0,8,0,1,0,0.0,0.11921223
0,0.258346004,42,0,0.492904331,8173.0,14,0,1,0,1.0,0.23686388
0,0.098440033,40,0,1.346362404,4425.0,11,0,4,0,0.0,0.55036026
0,0.067759397,48,0,0.41447944,4571.0,12,0,2,0,2.0,0.25011742
0,0.414309077,55,0,0.329717081,4700.0,11,0,0,0,1.0,0.38140804
0,0.029177297,63,0,0.194565307,12180.0,12,0,1,0,1.0,0.056457173
0,0.006080043,57,0,0.107551717,9957.0,8,0,1,0,0.0,0.08809698
0,0.199768133,43,4,1.420401855,5175.0,13,0,6,0,3.0,0.9169454
0,0.772025431,22,0,0.019215988,1300.0,1,0,0,0,0.0,0.50135785
0,0.851044505,41,1,0.406471323,7200.0,12,0,1,0,0.0,0.6809743
0,0.57101368,51,1,0.510976533,9246.0,14,0,2,0,3.0,0.60379946
0,0.9999999,24,0,0.100073584,1358.0,3,0,0,0,0.0,0.6007087
0,0.003827902,62,0,0.396159075,5883.0,9,0,1,0,0.0,0.09538321
1,0.9999999,54,7,0.128733533,23000.0,10,1,2,2,1.0,0.8431396
0,0.377124899,44,0,0.182742592,6883.0,4,0,1,0,2.0,0.16859265
0,0.013155116,36,0,0.192899837,11041.0,11,0,2,0,2.0,0.13231637
0,0.505377822,36,0,0.325033875,5903.0,9,0,1,0,2.0,0.42465132
0,0.108098649,73,0,0.156810145,8200.0,8,0,1,0,0.0,0.050225016
0,0.286659589,54,0,0.487930296,7000.0,13,0,2,0,1.0,0.12167717
0,0.99094607,64,1,0.743042826,6000.0,14,0,2,0,4.0,0.8104579
1,0.149077983,50,0,0.003250975,6151.0,3,0,0,0,1.0,0.2788247
0,0.760145611,41,0,0.257625721,7277.0,8,0,0,0,1.0,0.42910996
0,1.001982088,30,1,0.172915073,3920.0,5,0,0,0,0.0,0.8185193
0,0.069998523,58,0,0.406152579,17000.0,8,0,3,0,0.0,0.17021392
0,0.107544623,62,0,0.295264624,2871.0,7,0,1,0,0.0,0.1283166
0,0.03569599,33,0,0.503498542,6859.0,13,0,2,0,2.0,0.18472904
0,0.056697729,44,0,0.270229191,25000.0,8,0,1,0,2.0,0.086117566
0,0.0,36,0,0.372424417,5192.0,9,0,2,0,2.0,0.19938713
0,0.066019999,60,0,0.069406077,2895.0,11,0,0,0,1.0,0.24779761
0,0.553432981,51,0,0.806238752,5000.0,16,0,2,0,3.0,0.69721264
0,0.021136163,59,0,0.221970404,7500.0,9,0,1,0,0.0,0.066079214
0,0.795272147,71,0,0.805775501,6440.0,15,0,2,0,0.0,0.55825245
0,0.99640036,38,0,0.290263036,4333.0,4,0,0,0,3.0,0.5669669
0,0.016898559,61,0,0.250107128,7000.0,8,0,1,0,0.0,0.062448144
0,0.068493151,73,0,0.167887324,7099.0,5,0,1,0,1.0,0.06743066
0,0.980446617,42,0,0.316544083,10740.0,9,0,2,0,0.0,0.4366527
0,0.9999999,48,0,0.466680951,4666.0,4,0,1,0,1.0,0.49617288
0,0.934625442,27,0,0.518968417,5350.0,8,0,2,0,0.0,0.60491097
0,0.021606873,47,0,0.231893543,4583.0,7,0,1,0,1.0,0.085854694
0,0.308704347,40,0,0.520094563,2114.0,6,0,2,0,0.0,0.28051108
0,0.001084092,48,1,0.156549064,7000.0,11,0,1,0,2.0,0.21269304
0,0.681631837,50,0,0.794051374,4437.0,5,0,1,0,0.0,0.4988993
0,0.07963395,34,0,0.022279349,3500.0,2,0,0,0,0.0,0.09514539
0,0.479355027,55,0,0.75153225,10278.0,9,0,4,0,0.0,0.58423245
0,0.990854131,53,0,0.442190227,4583.0,7,0,1,0,1.0,0.529151
0,0.917108832,48,0,0.207827453,7000.0,10,0,0,1,2.0,0.78226423
0,0.9999999,26,0,0.174937522,2800.0,1,0,0,0,0.0,0.57319593
0,0.635790241,60,0,0.812591508,4097.0,8,0,2,0,0.0,0.3076099
0,0.001249938,95,0,0.0,1666.0,2,0,0,0,0.0,0.006226935
0,0.000670354,52,0,0.160195873,2858.0,4,0,0,0,0.0,0.14977494
0,0.005874662,48,1,0.370703662,8000.0,14,0,4,0,2.0,0.34353077
0,0.98760248,35,0,0.399314482,2333.0,5,0,0,1,0.0,0.83676845
0,0.0,24,0,0.079960995,2050.0,4,0,0,1,2.0,0.72197056
0,0.548792022,62,0,0.353724803,11409.0,13,0,1,0,1.0,0.21527465
0,0.320059362,61,0,0.500116252,4300.0,9,0,1,0,0.0,0.22776504
1,0.9999999,22,0,0.234853217,1600.0,1,0,0,0,0.0,0.5987117
0,0.131286395,28,0,0.909663088,2700.0,7,0,1,0,0.0,0.31612676
0,0.018403257,44,0,0.50281767,5500.0,13,0,1,0,4.0,0.12180654
0,0.041897905,57,0,0.209089035,9703.0,12,0,2,0,2.0,0.08435154
0,0.141650998,45,0,1.225949789,4500.0,13,0,3,0,0.0,0.5318148
0,0.015474613,54,0,0.238234902,7500.0,9,0,1,0,2.0,0.08287539
0,0.926674814,38,1,0.075805322,5711.0,6,0,0,0,0.0,0.6697399
0,0.031936128,49,0,0.157134925,1800.0,3,0,0,0,0.0,0.090468176
0,0.00119984,32,0,0.128416804,5450.0,4,0,0,0,1.0,0.08920175
0,0.683826253,47,0,0.25606914,10297.0,6,0,2,0,4.0,0.24340644
0,0.324542216,51,0,0.267893661,4400.0,3,0,2,0,2.0,0.22860816
0,0.08543433,62,0,0.141711921,11600.0,14,0,1,0,0.0,0.10107634
0,0.047698723,58,0,0.114353241,11000.0,10,0,2,0,0.0,0.0656714
0,0.093095969,47,0,0.220443858,12120.0,7,0,1,0,3.0,0.047756623
0,0.325503627,76,0,0.482703459,5000.0,9,0,1,0,1.0,0.22091879
0,0.022237736,69,0,0.005114668,6060.0,2,0,0,0,0.0,0.020350846
0,0.174186625,33,0,0.345226615,10369.0,5,0,1,0,1.0,0.09599836
0,0.9999999,38,0,0.021156559,4253.0,3,0,0,0,1.0,0.5726083
0,0.865377706,61,0,1.333410245,4333.0,11,0,1,0,0.0,0.5275255
0,0.753365951,48,1,0.038559229,50000.0,8,0,0,0,2.0,0.7274126
0,0.112611282,43,0,0.522695461,5000.0,4,0,2,0,2.0,0.15708907
0,0.30728212,80,1,0.298500357,4200.0,7,1,2,0,0.0,0.63992834
0,0.007929093,51,0,0.002925878,3075.0,4,0,0,0,1.0,0.05583052
1,0.415452818,45,2,0.233238111,5950.0,6,1,1,0,1.0,0.8702895
0,0.676244125,53,0,0.222412685,4666.0,9,0,0,0,1.0,0.49726713
0,0.234263666,63,0,0.212473441,8000.0,20,0,0,0,0.0,0.25980663
0,0.186176355,62,0,0.114588541,10000.0,10,0,0,0,0.0,0.174723
0,0.0,48,0,0.36934784,15900.0,8,0,3,0,1.0,0.24475339
0,0.0,61,0,0.29463171,800.0,6,0,0,0,0.0,0.12184055
0,0.037069277,74,0,0.014312719,3702.0,7,0,0,0,0.0,0.06835398
0,0.584401155,39,1,0.186856568,12918.0,9,0,1,0,2.0,0.4603987
0,0.401936775,41,0,0.958622605,3600.0,16,0,2,0,0.0,0.42546836
0,0.053223981,66,0,0.3239,9999.0,7,0,1,0,1.0,0.077944644
0,0.046708171,66,0,0.369738339,2636.0,3,0,1,0,0.0,0.08465622
0,0.055462969,80,0,134.5,1.0,7,0,0,0,0.0,0.107689895
0,0.626757076,67,0,0.561275451,5205.0,8,0,2,0,0.0,0.21921813
0,0.078387744,61,0,0.229899834,18668.0,10,0,1,0,1.0,0.051862426
0,0.209328262,68,0,0.744132197,9500.0,18,0,2,0,0.0,0.2344807
0,0.0,49,1,0.0,1200.0,3,0,0,0,2.0,0.26177326
0,0.584284984,34,0,1.477015323,1500.0,9,0,0,0,0.0,0.5921365
0,0.016902162,87,0,0.002587322,10048.0,5,0,0,0,0.0,0.04893343
0,0.981590506,33,1,0.810969638,4083.0,8,0,3,0,1.0,0.77190435
0,0.072532699,57,0,0.367696702,3850.0,10,0,1,0,0.0,0.20751083
0,0.189262358,55,0,0.193277311,6782.0,14,0,0,0,0.0,0.14209856
0,0.001982266,59,0,0.316669398,6100.0,5,0,1,0,0.0,0.05702552
0,0.0,58,0,0.092802399,6001.0,7,0,0,0,0.0,0.15521698
1,0.9999999,59,3,0.279620063,6000.0,2,1,2,1,0.0,0.93725
0,0.535274582,42,0,0.214447978,4401.0,8,0,0,0,1.0,0.39296937
0,0.414905673,93,0,0.053127678,3500.0,3,0,0,0,0.0,0.119819865
0,0.022004198,76,0,0.205838877,2705.0,6,0,0,0,0.0,0.11465957
0,0.992308876,55,0,2.19502244,2450.0,8,0,3,0,0.0,0.62095976
0,0.016176317,88,0,0.011042403,4527.0,11,0,0,0,1.0,0.05344927
0,0.579785018,30,1,0.41466157,4446.0,12,0,1,0,0.0,0.68787277
0,0.353139997,61,0,0.159660005,4352.0,7,0,0,0,0.0,0.23166095
0,0.360537415,41,0,0.5063038,11500.0,12,0,2,0,4.0,0.29457042
1,1.001143511,63,3,1.018883643,3600.0,10,2,1,1,1.0,0.9645829
0,1.008330556,32,2,0.309784058,3750.0,5,0,0,0,2.0,0.8920483
0,0.017992803,42,0,0.197600436,5500.0,7,0,0,0,1.0,0.109041646
1,1.667613935,42,0,0.295540892,5000.0,7,0,0,0,3.0,0.5759153
0,0.516724158,64,1,0.471602493,17166.0,12,0,1,0,0.0,0.3959306
0,0.794056381,54,0,0.286960049,4930.0,21,0,1,0,3.0,0.5918217
0,0.657736905,49,1,0.402999063,3200.0,3,0,1,0,4.0,0.6648629
0,0.037639921,76,0,0.009427674,10500.0,12,0,0,0,0.0,0.028182345
0,0.465914595,64,0,0.52278246,7000.0,13,0,2,0,0.0,0.20436966
1,0.815014346,58,1,1.159063101,11441.0,24,0,5,0,0.0,0.79749686
0,0.048625544,37,0,0.17039559,6167.0,4,0,1,0,3.0,0.112620994
0,0.0,77,0,0.0,2000.0,1,0,0,0,0.0,0.06734665
0,0.457937978,42,0,0.544029417,5166.0,12,0,3,0,1.0,0.45937356
0,0.89365387,59,0,0.41676314,8637.0,13,0,2,0,3.0,0.33743313
0,0.988839473,39,0,0.164106066,8786.0,4,0,0,0,4.0,0.5227167
0,0.0,51,2,0.735977688,6453.0,10,0,1,0,2.0,0.5460115
0,0.027617586,52,0,0.030012005,4164.0,6,0,0,0,0.0,0.19537641
0,0.009788377,80,0,0.040489878,4000.0,6,0,0,0,0.0,0.04452508
0,0.0,64,0,0.001276324,4700.0,2,0,0,0,0.0,0.046559643
0,0.159748582,42,0,0.029384109,4253.0,4,0,0,0,3.0,0.227931
0,0.734439191,44,0,0.337187617,2680.0,6,0,1,0,2.0,0.3940286
0,0.005298426,42,0,0.545310268,6300.0,12,0,2,0,0.0,0.13623148
0,0.824473796,29,0,0.976673146,3600.0,10,0,2,0,0.0,0.67468476
0,0.857142857,33,0,0.422042371,4200.0,6,0,2,0,0.0,0.5590899
0,0.339652828,34,0,0.039570981,15010.0,4,0,0,0,3.0,0.35282868
1,0.001303781,33,2,0.605775922,2873.0,15,0,1,0,1.0,0.8455271
0,0.023308812,69,0,0.122058529,15000.0,13,0,1,0,0.0,0.03560392
0,0.710490971,52,2,0.114173228,6095.0,3,0,0,0,0.0,0.7853349
0,0.014090663,75,0,0.136033229,3851.0,5,0,1,0,0.0,0.032643456
0,0.003785579,46,1,0.335161696,8750.0,17,0,1,0,2.0,0.25396132
0,0.755618159,67,0,0.426760245,8833.0,5,0,2,0,0.0,0.2630614
0,0.104378125,25,0,0.211549139,1800.0,3,0,0,0,0.0,0.18276991
1,0.705515487,31,2,0.539481738,4900.0,9,0,1,0,2.0,0.8575578
0,0.120282907,52,0,0.423152252,9700.0,17,0,2,0,0.0,0.260123
0,0.9999999,25,0,0.054272792,4200.0,3,0,0,0,0.0,0.49420244
0,0.045621781,67,0,0.054155668,12500.0,13,0,0,0,0.0,0.050381027
0,0.075953266,58,0,0.085304743,8580.0,8,0,0,0,0.0,0.086986825
0,0.9999999,31,2,0.396620574,30300.0,13,1,4,0,0.0,0.88853264
0,0.724827056,23,0,0.130699829,4100.0,5,0,0,0,3.0,0.5488396
0,0.042991402,68,0,0.079037801,3200.0,2,0,0,1,0.0,0.48312202
0,0.034361963,49,0,0.224721604,4489.0,3,0,1,0,4.0,0.08678604
0,0.212038637,50,0,0.117707267,12700.0,8,0,1,0,1.0,0.10408936
0,0.045497156,51,1,0.331181004,4800.0,9,0,1,0,3.0,0.38568065
0,0.485836049,40,0,0.390186415,9333.0,9,0,2,0,2.0,0.32630017
0,0.980957587,45,2,0.722570324,7500.0,13,0,2,0,0.0,0.8170574
0,0.325962156,43,0,0.298677562,9300.0,11,0,1,0,4.0,0.24584192
0,0.037868239,75,0,0.395837584,4900.0,23,0,2,0,1.0,0.06493366
0,0.02957002,52,0,0.20174482,2750.0,4,0,0,0,0.0,0.10758661
0,5.299401198,27,0,0.059970015,2000.0,4,0,0,0,0.0,0.6885613
0,0.863713275,30,0,1.33735303,3316.0,14,0,2,0,0.0,0.7543249
0,0.391921856,37,0,0.275829827,6416.0,9,0,1,0,2.0,0.27747783
0,0.187895147,43,1,0.453773456,7300.0,9,0,1,0,2.0,0.44569588
0,0.657241316,76,0,0.890057864,1900.0,20,0,1,0,0.0,0.5240428
0,0.130226445,61,0,0.35951539,17250.0,22,0,2,0,1.0,0.12370199
0,0.346233971,39,0,1280.0,0.0,6,0,1,0,1.0,0.09468805
1,0.471002762,63,1,0.066793321,10000.0,3,0,0,0,0.0,0.5852723
1,0.323335461,51,2,0.415152554,2916.0,6,1,1,0,1.0,0.8963475
0,0.219345902,47,0,3.075636943,1255.0,7,0,2,0,3.0,0.26242903
0,0.166135478,38,0,0.490431305,3500.0,10,0,1,0,0.0,0.23566858
0,0.655497179,66,0,2.379654859,1100.0,12,0,0,0,0.0,0.47704786
0,0.681385611,47,0,0.422332721,9250.0,14,0,1,0,1.0,0.5006307
0,0.024072894,63,0,0.012802768,2889.0,14,0,0,1,0.0,0.70490503
0,0.351239924,50,1,0.547218196,8968.0,12,0,1,0,1.0,0.48098603
0,0.826537601,49,0,0.45482866,8666.0,9,0,2,0,3.0,0.43988594
0,0.133234671,43,0,0.291508238,7100.0,5,0,1,0,2.0,0.1303278
0,0.012525715,47,1,0.084980237,7083.0,15,0,0,0,2.0,0.33217013
0,0.825398132,28,1,0.328826393,5546.0,18,0,0,0,0.0,0.7414069
0,0.256011721,46,1,0.488462248,10833.0,15,0,3,0,3.0,0.5381935
0,0.79060698,50,0,0.251429853,8916.0,11,0,1,0,0.0,0.39760333
0,0.360355332,66,0,0.199707388,2733.0,4,0,0,0,0.0,0.269345
0,0.0,45,0,0.231196534,9000.0,4,0,1,0,0.0,0.10042047
0,0.398759195,51,0,0.344448077,9176.0,20,0,2,0,3.0,0.27634192
0,0.270571454,59,1,0.174527277,4600.0,13,0,0,0,1.0,0.34670946
0,0.107233984,80,0,0.271529889,2960.0,8,0,1,0,0.0,0.07111615
0,1.127744511,31,1,0.273456295,2493.0,5,1,0,0,0.0,0.9261678
0,0.58958205,51,0,0.478969957,8154.0,14,0,2,0,2.0,0.41390944
0,0.810083453,40,0,0.490962697,7800.0,13,0,1,0,3.0,0.47330874
0,0.9999999,44,0,0.086825344,2982.0,2,0,0,1,0.0,0.8338086
0,0.273955372,53,0,1.108803165,1010.0,19,0,1,0,1.0,0.23209447
0,0.451967027,45,0,0.18006993,4575.0,6,0,0,0,1.0,0.28358832
0,0.077440208,41,0,1.317623536,3500.0,14,0,3,1,0.0,0.7590721
0,0.005958225,70,1,1947.0,0.0,21,0,2,0,0.0,0.15955344
0,0.486941103,62,0,0.466087845,9789.0,11,0,2,0,0.0,0.25992796
0,0.295019419,62,0,0.644555128,8833.0,10,0,3,0,0.0,0.26368585
0,1.003502429,38,2,0.600307456,1300.0,6,0,0,0,2.0,0.92001855
0,0.841631674,52,0,0.426048326,9228.0,9,0,2,0,0.0,0.46436733
0,0.099211199,25,0,0.005999077,4333.0,2,0,0,0,0.0,0.12415769
0,0.0,65,0,0.134997052,5088.0,3,0,1,0,1.0,0.092970975
0,0.046047698,64,0,0.175545647,4260.0,5,0,2,0,0.0,0.044731427
0,0.03206497,69,0,0.017208413,4706.0,8,0,0,0,0.0,0.029058002
1,1.014690879,61,0,0.690775227,2308.0,4,0,1,0,0.0,0.55075514
1,0.9999999,34,1,0.683804627,2333.0,4,2,1,2,2.0,0.96007246
0,0.210635787,39,0,0.200999872,7800.0,7,0,1,0,0.0,0.12181115
0,0.152133465,49,0,0.296296296,7802.0,22,0,0,0,1.0,0.18953738
0,0.247488296,73,0,0.283886445,2500.0,20,0,1,0,0.0,0.21278906
1,0.9999999,39,2,0.676172196,3646.0,3,1,2,0,2.0,0.9228207
0,0.564250668,34,1,0.345351609,3355.0,11,0,0,0,0.0,0.6691476
0,0.9999999,27,0,0.028309742,1200.0,0,0,0,0,0.0,0.74170285
0,0.006771692,80,0,0.386453202,4059.0,7,0,1,0,0.0,0.03487605
0,0.012382563,54,0,0.536700868,3800.0,13,0,1,0,1.0,0.15681984
0,0.055889446,71,0,0.184145268,12500.0,28,0,3,0,0.0,0.12964755
1,0.836938738,40,5,0.149403641,4778.0,10,5,0,5,0.0,0.97242326
0,0.201542637,43,0,0.099977278,4400.0,6,0,0,0,2.0,0.1713604
0,0.073326584,86,0,0.03172681,4128.0,6,0,0,0,1.0,0.0521607
1,1.109578084,23,2,0.079654511,2083.0,2,0,0,0,2.0,0.9388782
0,0.011521714,65,0,0.003422245,9934.0,9,0,0,0,0.0,0.092873536
0,0.506305625,78,0,0.074586568,5925.0,1,0,0,0,0.0,0.3317055
0,0.536454745,54,0,0.761136395,7250.0,14,0,3,0,3.0,0.5020662
0,0.940882353,34,0,0.398629883,5400.0,4,0,1,0,1.0,0.5011251
0,0.110025428,44,1,0.508383326,6500.0,12,0,3,0,1.0,0.39546192
0,0.198937173,39,0,0.479152085,10000.0,4,0,2,0,1.0,0.17539415
0,0.004894748,43,0,0.066447285,7900.0,7,0,0,0,4.0,0.087894596
1,0.0,60,2,0.000384468,2600.0,4,0,0,0,0.0,0.59442335
0,0.435273116,83,0,0.530937141,6092.0,22,0,1,0,1.0,0.3815705
0,0.506474676,44,0,0.330316092,6959.0,6,0,1,0,1.0,0.22242247
0,0.203586925,30,0,0.296261899,4306.0,10,0,1,0,3.0,0.19789363
0,0.33928356,49,5,0.664835745,9466.0,12,0,2,0,4.0,0.7221736
0,0.091253018,46,0,0.189380703,10301.0,15,0,2,0,2.0,0.14663482
0,0.253701964,64,0,0.598164922,8500.0,20,0,1,0,0.0,0.1973677
0,0.9999999,48,0,0.445092485,6000.0,8,0,1,0,2.0,0.5005424
1,0.785360291,34,2,0.617794069,3000.0,9,0,0,0,0.0,0.8312838
0,0.033821471,73,0,0.01139772,5000.0,9,0,0,0,0.0,0.058790945
0,0.899050475,35,0,0.805890228,2240.0,7,0,0,0,1.0,0.616833
0,0.034990855,62,0,0.252558915,4200.0,4,0,1,0,1.0,0.063616
0,0.834089685,47,0,0.453791758,4100.0,10,0,3,0,2.0,0.52911067
0,0.002896096,83,0,0.446605037,3136.0,6,0,1,0,1.0,0.08367657
0,0.721986227,45,0,1.798695247,2145.0,12,0,3,0,2.0,0.6902519
0,0.045207287,48,0,0.753298681,2500.0,13,0,1,0,2.0,0.2098271
0,0.584541546,43,0,0.369815092,2000.0,3,1,0,0,2.0,0.8205087
0,0.263610452,61,0,0.693133527,4470.0,17,0,1,0,1.0,0.17289028
0,0.102567987,32,0,0.010397227,3750.0,2,0,0,0,0.0,0.095727555
0,0.9999999,60,0,0.40584166,1300.0,2,0,0,0,0.0,0.4854141
0,0.372992255,47,2,0.661725781,11333.0,21,0,3,0,3.0,0.59049803
0,0.064709664,90,0,0.010795682,2500.0,2,0,0,0,0.0,0.03129156
0,0.01259964,56,0,0.001559688,8334.0,2,0,0,0,0.0,0.06348566
0,0.489556388,54,1,0.23698354,5953.0,4,0,1,0,0.0,0.45970452
0,0.040562519,49,0,0.291666667,6791.0,14,0,2,0,0.0,0.07300521
0,0.252001761,52,0,0.380080996,6666.0,20,0,2,0,2.0,0.27905297
0,0.0,25,0,0.0,1.0,1,1,0,0,0.0,0.5118145
0,0.325830213,38,1,0.666212224,4400.0,13,0,1,1,2.0,0.80996346
0,0.005063578,49,0,0.493606138,4300.0,16,0,1,0,0.0,0.09980122
0,0.883683509,45,0,0.514998148,8100.0,11,0,2,0,1.0,0.5336872
0,0.016101314,71,0,0.09631728,6000.0,5,0,0,0,0.0,0.03799787
0,0.416481487,42,0,0.361895757,8460.0,15,0,2,0,2.0,0.4182539
0,0.120671189,42,0,0.564730219,5800.0,9,0,2,0,0.0,0.26418754
0,0.019371763,92,0,0.002777469,9000.0,5,0,0,0,0.0,0.021244125
0,1.00989901,51,0,0.894503054,1800.0,6,0,1,1,0.0,0.88084733
0,0.219028153,45,0,0.337015802,7150.0,11,0,1,0,2.0,0.19403006
0,0.43124606,48,0,0.415735168,6977.0,16,0,1,0,2.0,0.26171082
0,0.9999999,43,1,0.27129716,7500.0,7,0,2,0,3.0,0.62904185
0,0.860793245,62,0,0.223996471,11334.0,5,0,2,0,0.0,0.166732
1,0.20959114,70,0,0.112881806,9788.0,10,1,1,0,0.0,0.51015633
0,0.618940454,50,1,0.386529529,6027.0,11,0,0,0,1.0,0.62164474
0,0.100148622,57,0,0.315980003,5800.0,11,0,1,0,0.0,0.10566587
0,0.9999999,53,0,0.256217417,11700.0,3,0,2,0,4.0,0.21086054
0,0.884905755,66,0,0.710209856,4240.0,9,0,2,0,2.0,0.4177532
0,0.508174591,47,0,0.151291513,8400.0,3,0,1,0,2.0,0.28949696
0,0.0,69,0,0.311178823,5250.0,4,0,1,0,0.0,0.06433769
0,0.028960166,75,0,0.275980206,5253.0,6,0,1,0,0.0,0.039601628
1,0.643065389,29,0,0.012218828,3600.0,4,0,0,0,1.0,0.47780475
0,0.042290263,88,0,0.017614854,4200.0,11,0,0,0,1.0,0.029041693
0,0.671571402,63,1,0.500146757,3406.0,11,0,2,0,0.0,0.55669844
0,0.570670381,50,2,0.26063904,7166.0,14,0,0,0,2.0,0.7189686
0,0.218932591,53,1,1.886492622,3523.0,19,0,2,0,0.0,0.5503537
0,0.261073893,52,0,0.010831829,7200.0,1,0,0,0,0.0,0.25356472
0,0.234471335,58,0,0.289027345,2888.0,7,0,0,0,1.0,0.30547145
0,0.593482211,60,0,0.686105112,8333.0,10,0,4,0,0.0,0.4418256
0,0.062342585,74,1,0.233794368,6000.0,16,0,1,0,0.0,0.3301894
0,0.152856751,61,0,0.528505701,4998.0,8,0,2,0,0.0,0.13204649
0,0.093726568,40,0,0.101322075,9000.0,3,0,1,0,3.0,0.085733496
0,0.016177223,49,0,0.244079571,9500.0,7,0,1,0,0.0,0.07539573
0,0.019339613,81,1,0.013131313,2969.0,7,0,0,0,0.0,0.15628096
0,0.148201439,46,1,0.063693631,10000.0,6,0,0,0,0.0,0.4255432
0,0.19803919,76,0,0.765429725,5200.0,10,0,3,0,0.0,0.24463724
1,0.414675479,54,1,0.629438347,3097.0,10,0,1,0,0.0,0.5575667
0,0.016514998,65,0,0.446015111,4102.0,6,0,2,0,0.0,0.06924175
0,0.180454886,67,0,0.531387445,2500.0,10,0,2,0,0.0,0.20064797
0,0.142571447,35,0,0.195451137,4000.0,4,0,0,0,0.0,0.12620042
0,0.323213376,42,0,0.437068239,5934.0,12,0,1,0,2.0,0.31311825
0,0.004478831,65,0,0.03912444,5801.0,12,0,1,0,0.0,0.056822486
0,0.2125092,58,0,0.41570651,14146.0,25,0,2,0,2.0,0.11118989
0,0.977365694,58,1,0.405314297,5042.0,8,0,1,0,2.0,0.6493972
0,0.9999999,46,0,0.031390135,1560.0,0,0,0,0,0.0,0.73276633
0,0.201123048,34,0,0.071576334,7250.0,9,0,0,0,0.0,0.15876111
0,0.048417618,48,0,0.018238541,12500.0,13,0,0,0,2.0,0.09720254
0,0.009943278,69,0,0.414799241,19500.0,13,0,3,0,1.0,0.06420183
0,0.21756487,24,0,0.001363017,2200.0,1,0,0,1,0.0,0.7196059
0,0.32199093,68,0,0.776741086,3000.0,7,0,1,0,0.0,0.16186877
0,0.050822123,45,2,0.367482973,6900.0,10,0,1,0,3.0,0.3940303
0,0.95779254,62,2,0.369775447,6100.0,12,0,1,0,1.0,0.79055953
0,0.075748106,69,0,0.295489624,5830.0,7,0,2,0,0.0,0.06885299
0,0.050979657,63,0,0.240613197,4500.0,24,0,2,0,0.0,0.14977683
0,0.068328778,63,0,0.013630168,2200.0,3,0,0,0,0.0,0.1397772
0,0.022498692,72,0,0.267933783,1630.0,7,0,0,0,0.0,0.10983867
0,0.006721931,69,0,0.121515093,5200.0,6,0,1,0,0.0,0.022709765
0,0.61878713,46,0,0.392737162,6250.0,5,0,2,0,1.0,0.37559804
0,0.016871981,40,0,0.392173665,3500.0,7,0,2,0,1.0,0.12774111
0,0.063248243,51,0,0.19298524,6300.0,6,0,1,0,2.0,0.09199408
0,0.024624009,67,0,0.639089969,2900.0,18,0,1,0,0.0,0.21002491
0,0.0,29,0,0.338922928,3100.0,2,0,1,0,1.0,0.25207788
0,0.290593323,36,0,0.185008386,7750.0,8,0,1,0,0.0,0.10665086
0,0.085446803,72,0,2.314803248,1600.0,28,0,0,0,0.0,0.08308138
0,0.353129408,53,0,0.223938803,13333.0,8,0,1,0,2.0,0.1098444
0,0.004155639,75,0,0.002608242,3833.0,12,0,0,0,0.0,0.036752015
0,0.9999999,21,98,0.0,0.0,0,98,0,98,0.0,0.6818807
0,0.025312061,58,0,0.011506556,3736.0,7,0,0,0,0.0,0.16686893
0,0.222364921,49,0,0.129486201,9166.0,4,0,1,0,7.0,0.062539876
0,0.007864652,64,0,0.41948154,2545.0,5,0,1,0,0.0,0.064094506
0,0.054622724,43,0,0.352486335,7500.0,6,0,2,0,0.0,0.13961269
0,0.097814407,69,0,0.13785558,3655.0,16,0,1,0,0.0,0.06773782
0,0.016099831,49,1,0.228936316,11666.0,23,0,2,0,2.0,0.28722453
0,0.139813929,41,0,0.621475705,5000.0,5,0,2,0,0.0,0.2445867
0,0.730648386,32,1,229.0,0.0,7,0,0,0,0.0,0.40439233
0,0.14785293,70,0,0.182554042,10500.0,17,0,1,0,0.0,0.11177987
1,0.232372168,40,2,0.344280043,11083.0,15,0,2,0,2.0,0.66063166
0,0.098513553,73,0,0.053742802,2083.0,3,0,0,0,0.0,0.06720669
0,0.541688491,46,0,0.090135635,8109.0,5,0,0,0,1.0,0.38849464
1,0.694320256,48,0,0.75164156,5177.0,13,0,2,0,0.0,0.6282042
0,0.128222512,48,0,0.195634545,14797.0,8,0,1,0,2.0,0.07176079
1,0.9999999,54,98,0.059411438,1800.0,0,98,0,98,0.0,0.97677785
0,0.757539204,31,0,0.142831796,5635.0,8,0,0,0,0.0,0.27468434
1,0.814098642,68,0,0.183966552,5500.0,16,3,1,0,0.0,0.94128263
0,0.474323732,35,0,0.430883987,6300.0,7,0,2,0,1.0,0.30006957
0,0.9999999,56,0,0.527893422,1200.0,2,0,0,0,0.0,0.5371946
0,0.019762645,55,0,0.502623907,5144.0,21,0,1,0,0.0,0.13789663
0,0.143079565,65,0,0.354502863,3841.0,8,0,1,0,0.0,0.109872796
0,0.070368366,41,0,0.60724698,2400.0,9,0,2,0,0.0,0.2798772
0,0.096387148,34,0,0.152295633,6250.0,5,0,0,0,0.0,0.110454306
1,0.9999999,59,0,0.107477964,7033.0,2,2,0,0,0.0,0.8868617
0,0.9999999,33,0,0.184907546,2000.0,2,0,0,0,1.0,0.58775276
0,0.369919374,49,0,0.146975504,6000.0,4,0,0,0,0.0,0.22311288
0,0.011392143,64,0,0.097144382,3746.0,4,0,1,0,0.0,0.053521134
0,0.042710156,68,0,0.652669466,5000.0,28,0,2,0,1.0,0.14058381
0,0.019394596,83,0,0.00359964,10000.0,6,0,0,0,0.0,0.042417705
1,0.508251362,54,4,0.82712916,3545.0,13,0,0,1,3.0,0.8807571
0,0.367908806,60,0,0.239208222,13134.0,10,0,2,0,0.0,0.13823864
0,0.081538198,61,0,0.528384279,2518.0,8,0,1,0,0.0,0.10403233
0,0.213603453,52,0,0.247455811,5600.0,9,0,2,0,3.0,0.1727622
0,0.0,74,0,0.152738904,2500.0,4,0,0,0,0.0,0.11648422
0,0.302380624,60,0,0.452727668,4600.0,7,0,1,0,1.0,0.18951319
0,0.0,85,0,0.002105042,9500.0,6,0,0,0,0.0,0.08330589
0,0.008915713,46,0,0.282762069,18000.0,7,0,2,0,2.0,0.05747611
0,0.476652335,35,0,0.381197257,7583.0,6,0,1,0,1.0,0.2754452
0,0.30432106,47,0,0.389008879,8333.0,9,0,3,0,0.0,0.27121297
0,0.271216313,51,0,0.642959155,3500.0,9,0,1,0,0.0,0.18202023
0,0.004039176,43,0,0.663936768,10500.0,9,0,2,0,3.0,0.14862071
0,0.990002,30,2,0.131800028,7260.0,5,1,0,1,2.0,0.93939954
0,0.683663267,68,1,0.645,2199.0,7,0,1,0,0.0,0.4065857
0,0.9999999,30,0,0.143879173,2515.0,5,0,0,0,0.0,0.47798893
0,0.439853952,43,0,0.219636125,6100.0,12,0,1,0,0.0,0.26892292
0,0.321952787,51,0,0.030730047,47900.0,4,3,0,0,4.0,0.7506478
0,0.027896071,50,0,0.203303923,5326.0,6,0,1,0,1.0,0.070546545
0,0.0,48,0,5.617304493,600.0,8,0,1,0,2.0,0.17977774
0,0.127728024,36,0,0.159460135,4000.0,4,0,0,0,0.0,0.12149357
0,0.9999999,64,0,0.856731461,1388.0,2,0,1,0,0.0,0.32883945
0,0.143581412,49,0,0.109937273,3028.0,8,0,0,0,4.0,0.28031278
0,0.0,63,0,0.238940885,12500.0,13,0,3,0,0.0,0.10568169
0,0.046656228,61,0,0.626995646,6200.0,18,0,3,0,0.0,0.22028282
0,0.0,54,0,0.230681386,10507.0,9,0,1,0,3.0,0.10034199
0,0.356782511,53,0,0.418175147,8175.0,11,0,2,0,0.0,0.22908983
0,0.040993168,26,0,0.075974675,3000.0,5,0,0,0,0.0,0.16960609
0,0.403012932,64,0,0.33314911,9046.0,5,0,1,0,2.0,0.12243055
0,0.322604174,55,0,0.236233126,9333.0,7,0,1,0,4.0,0.14789194
0,0.281385691,54,0,0.268764165,7500.0,23,0,2,0,0.0,0.11023187
0,0.401190229,62,0,0.400016783,11916.0,14,0,1,0,0.0,0.20899796
0,0.596745314,64,0,0.353682316,20000.0,22,0,2,0,1.0,0.22328264
0,0.594007598,45,1,0.309868421,3039.0,6,1,0,0,3.0,0.8785305
0,0.031117511,41,0,0.18064465,12626.0,6,0,1,0,1.0,0.05620869
0,0.881955902,48,1,0.547337991,4150.0,8,0,1,0,2.0,0.73799866
0,0.045279907,61,0,0.128820337,3500.0,4,0,1,0,1.0,0.046033494
0,0.439179733,41,0,1.913651566,3288.0,8,0,5,0,2.0,0.5611139
0,0.143716097,70,0,0.018672795,3480.0,1,0,0,0,0.0,0.04515232
0,0.381764713,50,0,0.753595398,7300.0,12,0,2,0,3.0,0.3869742
0,0.886571056,45,0,0.321669202,4600.0,9,0,0,1,2.0,0.82395166
0,0.106063131,33,0,0.372405614,5058.0,7,0,1,0,1.0,0.1942773
0,0.180088227,55,3,0.383854331,9500.0,30,0,2,1,1.0,0.7325707
0,0.344329865,53,0,0.219217217,10500.0,24,0,2,0,0.0,0.21676259
0,0.023825855,49,0,0.00379924,5000.0,4,0,0,0,0.0,0.07124061
0,0.050949051,84,0,0.000166639,6000.0,2,0,0,0,0.0,0.08248963
0,0.00164404,49,0,0.00639872,5000.0,5,0,0,0,0.0,0.049174413
0,0.130314251,43,0,0.484404049,4840.0,15,0,1,0,0.0,0.22669889
0,0.030364496,45,0,0.215770935,8800.0,6,0,1,0,4.0,0.062895305
0,0.9999999,43,1,0.170230492,3600.0,2,0,0,0,2.0,0.72929186
0,0.459877812,45,0,0.808150711,2600.0,8,0,1,0,2.0,0.35980174
0,0.828171828,33,0,0.005759539,4166.0,1,0,0,0,0.0,0.57777977
1,0.9999999,51,0,0.095268542,6255.0,1,3,0,0,2.0,0.9188601
0,0.117031116,93,0,0.021468041,47232.0,9,0,1,0,0.0,0.03012702
0,0.9999999,52,0,0.20907195,1917.0,1,0,0,0,0.0,0.6606184
0,0.00019996,44,0,0.0,4500.0,2,0,0,0,1.0,0.055561773
0,0.01306021,54,0,0.029194161,5000.0,7,0,0,0,0.0,0.16666691
1,0.502095833,68,0,0.387224829,2770.0,10,0,1,0,0.0,0.28856602
0,0.162704663,36,0,0.043175147,8175.0,9,0,0,0,4.0,0.23214267
0,0.591081784,39,1,0.460272873,4983.0,6,0,1,0,3.0,0.6107274
0,0.349647429,56,0,0.942264321,6650.0,10,0,4,0,0.0,0.5369459
0,0.004483418,73,0,0.000999833,6000.0,5,0,0,0,1.0,0.0340876
0,0.087426525,52,0,0.164069391,3400.0,5,0,1,0,2.0,0.11137301
0,0.749492803,59,0,0.385131556,5662.0,5,0,1,0,1.0,0.2845336
0,0.0,51,0,0.051532225,7276.0,6,0,0,0,1.0,0.14017294
0,0.831136542,36,0,0.439282429,8695.0,19,0,0,0,4.0,0.63001263
0,0.0,50,0,0.462220058,10269.0,4,0,2,0,0.0,0.12697804
0,0.444211422,52,0,0.287156587,10300.0,7,0,2,0,0.0,0.115387134
0,0.00131572,58,0,0.000150932,13250.0,5,0,0,0,1.0,0.021896122
0,0.51519388,48,0,0.536507937,6299.0,13,0,2,0,2.0,0.42498186
0,0.273301432,50,0,0.478936985,8616.0,23,0,2,0,0.0,0.18621579
0,0.83317488,63,1,0.587220639,6666.0,22,0,2,0,0.0,0.7404661
0,0.021970801,43,0,1696.5,1.0,9,0,2,0,3.0,0.045237634
0,0.008718846,83,0,0.005289929,4914.0,11,0,0,0,0.0,0.0687852
0,0.0,54,0,0.0,45000.0,2,0,0,0,0.0,0.077422455
0,0.12375505,37,0,0.341745966,7250.0,5,0,2,0,1.0,0.18173131
0,0.087121732,55,0,0.482688391,5400.0,18,0,2,0,1.0,0.20068479
0,0.838446364,39,0,0.101228454,10500.0,2,0,0,0,4.0,0.33876956
1,0.169381107,61,2,0.245039225,6500.0,14,0,1,0,0.0,0.55285454
0,0.093863879,51,0,0.058914508,56250.0,11,0,2,0,4.0,0.116815776
0,0.524679692,61,0,0.561421929,6666.0,14,0,1,1,2.0,0.7024316
1,0.312819318,47,2,5497.0,0.0,24,0,2,0,2.0,0.18604122
0,0.412729364,37,1,0.274509804,2345.0,6,0,0,0,2.0,0.61903965
0,0.291440761,34,0,0.266369558,5833.0,5,0,1,0,1.0,0.15788731
0,0.248143553,40,0,0.118284107,7109.0,9,0,0,0,3.0,0.2431687
0,0.179768673,33,0,0.333990401,11667.0,8,0,1,0,0.0,0.1350523
0,0.732957644,55,2,0.380079901,7258.0,13,0,2,0,1.0,0.6742527
0,0.008814652,61,0,2.278177458,416.0,8,0,2,0,0.0,0.038301516
0,0.29882995,72,0,0.770486229,2940.0,8,0,1,0,0.0,0.18815494
0,0.0,83,0,0.0,629000.0,3,0,0,0,0.0,0.01032538
0,0.02659283,76,0,0.194972147,7000.0,18,0,1,0,0.0,0.16180728
0,0.033501346,69,0,0.291813024,3700.0,18,0,0,0,0.0,0.09596245
0,0.053389227,62,0,645.0,0.0,19,0,0,0,0.0,0.053294912
0,0.0,43,0,0.0,1.0,2,0,0,0,3.0,0.15513885
0,0.434778261,56,0,0.123110405,17000.0,5,0,1,0,0.0,0.13557549
0,0.0,37,0,0.37194049,6250.0,6,0,1,0,2.0,0.10660244
0,0.040045317,47,0,0.082164329,8482.0,6,0,0,0,2.0,0.09002336
0,0.362703222,38,0,0.704514825,2967.0,7,0,1,0,0.0,0.32382947
0,0.839478378,56,0,0.500798374,6888.0,15,0,1,0,0.0,0.33379987
0,0.000459765,42,0,0.280474649,7415.0,11,0,2,0,2.0,0.13027142
0,0.143741038,76,1,0.264210226,3500.0,11,0,1,0,0.0,0.31107247
0,0.058375156,35,0,0.699833856,5416.0,9,0,1,0,0.0,0.18557431
0,0.012961289,45,0,0.13247792,6000.0,10,0,1,0,1.0,0.10033838
1,0.914376264,33,7,0.668148062,17100.0,14,0,8,1,0.0,0.9638373
0,0.9999999,64,0,0.364694471,10309.0,7,0,3,0,0.0,0.12659752
0,0.042006888,62,0,0.374527589,5291.0,22,0,1,0,0.0,0.1292817
1,0.0,71,4,0.447393706,8325.0,5,2,1,1,0.0,0.94033253
0,0.9999999,42,1,0.115819545,8400.0,0,0,0,0,0.0,0.6953941
0,0.492132584,65,1,0.380957671,9000.0,8,0,1,0,0.0,0.35511455
0,0.044498517,78,0,0.15352144,4500.0,6,0,0,0,1.0,0.041241426
0,0.907092907,27,0,0.534990003,3500.0,6,0,0,0,0.0,0.5540356
0,0.089993479,33,1,0.061476282,4700.0,5,0,0,0,0.0,0.2963581
0,0.857495576,45,2,0.399340274,9700.0,13,0,1,0,2.0,0.7523151
0,0.433710859,23,0,0.00999474,1900.0,1,0,0,0,0.0,0.4786167
0,0.77420685,45,0,0.442702051,5802.0,7,0,2,0,1.0,0.4731553
0,0.422154479,37,0,0.275877432,20200.0,12,0,3,0,0.0,0.40073645
0,0.423841852,69,0,0.479685096,11050.0,15,0,2,0,0.0,0.26229057
0,0.007483176,39,0,0.239875723,9333.0,9,0,1,0,2.0,0.09496708
0,0.890022699,44,0,0.329485834,6670.0,7,0,0,0,2.0,0.4914816
0,0.305788571,58,0,0.426762206,6000.0,11,0,1,0,0.0,0.22981797
1,0.644174945,28,0,0.117248062,5159.0,5,0,0,0,1.0,0.45385495
0,0.161686286,47,0,7331.0,0.0,23,0,1,0,2.0,0.07602877
0,0.314379774,67,0,0.253490401,2291.0,15,0,0,0,1.0,0.36961892
0,0.017628324,38,0,0.175664096,2333.0,7,0,0,0,0.0,0.12465166
1,0.9999999,53,0,0.039112051,5675.0,0,0,0,0,0.0,0.6986692
0,0.28080934,70,0,0.237330815,3176.0,9,0,0,0,1.0,0.21829925
0,0.0,27,0,2.007936508,251.0,3,0,0,0,1.0,0.15434165
0,0.574156875,43,0,0.923968633,5865.0,13,0,1,0,3.0,0.5490151
0,4881.0,47,0,0.203451912,18018.0,5,0,3,0,3.0,0.16445921
1,0.0,49,4,0.386366527,7862.0,7,0,1,0,2.0,0.6869728
0,0.112668661,38,0,0.412340842,11230.0,7,0,3,0,1.0,0.1380405
0,0.045276948,68,1,0.262373763,10000.0,13,0,2,0,1.0,0.1768395
0,0.004153271,64,0,0.268968064,5416.0,10,0,1,0,0.0,0.059687316
0,0.233565757,53,3,0.534116584,6638.0,11,0,2,1,2.0,0.8436104
0,0.081703107,63,0,0.013522501,4510.0,3,0,0,0,2.0,0.12064553
0,0.996365289,40,1,0.153339605,2125.0,3,0,0,0,3.0,0.78766596
0,0.731072078,50,1,0.207107163,1800.0,2,0,1,0,2.0,0.62561375
0,0.0,85,0,0.0,2485.0,3,0,0,0,0.0,0.051695343
0,0.200043954,38,1,0.146611642,4603.0,8,0,0,0,3.0,0.47228035
0,0.9999999,25,0,0.016943409,2950.0,1,0,0,0,0.0,0.61662835
0,0.815901943,38,1,0.585255299,7500.0,9,0,4,0,4.0,0.7959798
0,0.170900928,62,0,0.181119016,5200.0,5,0,1,0,0.0,0.115267515
0,0.43870351,77,0,0.245748299,3527.0,7,0,0,0,0.0,0.24484445
0,0.034170942,43,0,0.329971182,5551.0,8,0,1,0,3.0,0.08702984
0,0.103057285,38,0,0.441199841,5033.0,5,0,1,0,0.0,0.12297857
0,0.267997119,34,0,0.564833872,3400.0,10,0,1,0,0.0,0.28493002
1,0.9999999,33,96,0.008046818,4100.0,0,96,0,96,0.0,0.96210647
0,0.369987286,44,0,0.3025943,18000.0,7,0,3,0,2.0,0.17497084
0,0.941521058,46,3,0.274215723,8000.0,8,1,1,3,3.0,0.9630073
0,0.176989669,63,0,0.355960573,5376.0,11,0,2,0,0.0,0.15533568
0,0.727670753,45,3,0.18462523,12500.0,5,0,2,0,0.0,0.7294306
0,0.020165859,66,0,0.321136049,9400.0,8,0,1,0,1.0,0.06579742
0,0.0,48,0,0.147384155,3344.0,7,0,0,0,3.0,0.12182531
0,0.013312451,74,0,0.296065259,4167.0,15,0,2,0,0.0,0.082342826
0,0.863997739,33,0,0.351298574,5120.0,10,0,1,0,0.0,0.61404794
1,0.930855316,39,1,0.892384593,3400.0,9,0,2,0,2.0,0.80608916
0,0.0,52,0,0.458451561,2466.0,8,0,0,0,0.0,0.20340356
0,0.408550056,41,0,0.152228343,5990.0,7,0,0,0,3.0,0.34077856
0,0.318227101,56,2,0.581108105,8500.0,19,0,1,0,1.0,0.6344881
0,0.9999999,26,0,18.62376238,100.0,2,0,1,0,0.0,0.16171654
1,0.170144809,39,0,0.740076448,3400.0,11,0,2,0,1.0,0.41255444
0,0.012133406,40,0,0.289177277,4083.0,10,0,1,0,2.0,0.14341924
0,0.06311272,57,0,0.068586283,5000.0,17,0,0,0,0.0,0.1698
0,0.0,60,0,0.0,8200.0,4,0,0,0,0.0,0.06487514
1,0.99191193,48,0,0.599584067,6250.0,5,0,1,1,0.0,0.8779548
1,0.531766412,47,0,0.645153774,4291.0,11,0,2,0,2.0,0.5449767
0,0.168149978,51,0,0.50689862,5000.0,13,0,2,0,0.0,0.26123953
0,0.000296285,64,0,0.0,2000.0,4,0,0,0,0.0,0.06062322
0,0.022975049,61,0,0.27760765,16000.0,8,0,2,0,1.0,0.048385173
0,0.818118188,33,0,0.697534977,1500.0,4,0,0,1,1.0,0.843493
0,0.060769692,41,0,0.006532559,9643.0,3,0,0,0,0.0,0.11304307
0,0.039995556,29,0,0.008326395,1200.0,6,0,0,0,0.0,0.11916613
0,0.800597706,29,0,0.562243776,10000.0,6,0,2,0,0.0,0.54101676
0,0.045825696,88,0,0.003331945,2400.0,1,0,0,0,0.0,0.02827375
0,0.038511779,72,0,1.086317136,1563.0,12,0,2,0,0.0,0.17126174
0,0.592831872,45,0,0.248554913,13666.0,2,0,1,0,1.0,0.22010688
0,0.478811542,62,1,0.465635739,6983.0,11,0,2,0,1.0,0.32893956
0,0.025746941,59,0,0.246572062,16700.0,15,0,1,0,1.0,0.07312585
0,0.569475617,46,1,0.379476216,7483.0,5,0,3,2,2.0,0.8466396
0,0.213601555,61,0,1.290214067,3269.0,17,0,1,0,0.0,0.27185902
0,0.637000701,50,1,0.642277218,10222.0,17,0,1,1,2.0,0.8052939
0,0.295705824,52,0,0.508922323,5715.0,18,0,2,0,1.0,0.3549375
0,0.593768372,28,2,0.086691331,10000.0,10,0,0,0,0.0,0.67085236
1,0.677344917,38,3,0.24227835,13500.0,9,0,1,0,3.0,0.7058175
0,0.355345786,35,0,0.274725275,2911.0,4,0,0,0,1.0,0.30883923
0,0.971378468,49,0,1.095650725,6000.0,9,0,4,0,2.0,0.7447416
1,0.0,50,0,0.004168246,7916.0,7,2,0,0,0.0,0.8587772
0,0.012856408,68,0,0.319011815,1861.0,7,0,0,0,0.0,0.097226776
0,0.839274089,55,0,0.526015228,3151.0,8,0,1,0,0.0,0.46674177
0,0.020748963,52,0,0.128423615,11500.0,5,0,1,0,0.0,0.034048885
0,0.030932744,49,0,0.772556861,4000.0,10,0,2,0,2.0,0.21346192
0,0.91107078,38,0,0.06572457,7500.0,3,1,0,0,0.0,0.7894337
0,0.202485164,36,0,0.154698172,5416.0,7,0,0,0,2.0,0.1860284
0,0.20151423,49,0,0.251631457,9040.0,22,0,1,0,3.0,0.12519737
0,0.001999925,47,1,470.0,1.0,9,0,2,0,4.0,0.09455704
1,0.930243501,41,4,0.325164939,6365.0,6,0,1,1,2.0,0.9104269
0,0.827832293,56,3,0.194065657,15839.0,7,0,2,0,1.0,0.6764566
1,0.849271458,23,0,0.077990825,8500.0,12,0,0,0,0.0,0.7174453
0,0.01752735,40,0,0.141161774,1600.0,5,0,0,0,1.0,0.07262038
0,1.549450549,28,2,0.88527017,1350.0,2,7,0,1,3.0,0.9625115
0,0.342996643,62,0,0.780367232,1415.0,11,0,1,0,0.0,0.2811023
0,0.075883929,36,1,0.43313201,4635.0,7,0,1,0,0.0,0.39364713
0,0.0,47,0,0.146434143,25000.0,6,0,1,0,1.0,0.095724665
0,0.976553341,33,2,0.238136776,5731.0,7,0,0,0,3.0,0.81418926
0,0.001223695,71,0,0.000222173,4500.0,8,0,0,0,0.0,0.006712499
0,0.043699272,50,0,0.061978297,9583.0,3,0,0,0,0.0,0.16842553
0,0.0,38,0,0.497682029,11000.0,9,0,2,0,1.0,0.24230033
0,0.99187741,44,0,0.750617839,4450.0,11,0,1,0,2.0,0.71570176
0,0.117944142,69,0,0.29597831,4425.0,8,0,1,0,0.0,0.04657975
0,0.375905549,71,0,0.789760679,3300.0,9,0,1,0,0.0,0.23338246
0,0.338388473,42,0,3952.0,0.0,16,0,2,0,1.0,0.27837464
0,0.149733669,67,0,0.734828646,8782.0,9,0,4,0,0.0,0.394882
0,0.455345437,44,0,0.640413962,5700.0,8,0,2,0,3.0,0.3308255
0,0.049762247,45,0,0.099440149,3750.0,9,0,0,0,0.0,0.14052624
0,0.9999999,32,2,0.095584668,2060.0,1,0,0,0,0.0,0.8042344
0,0.057878842,54,0,940.0,0.0,8,0,1,0,0.0,0.061816793
0,0.00781901,77,0,0.006331223,3000.0,9,0,0,0,1.0,0.11241722
0,0.9999999,26,0,0.137820513,1871.0,1,0,0,0,0.0,0.5390031
0,0.011990463,82,0,0.003749063,4000.0,5,0,0,0,0.0,0.03263873
0,0.206938057,57,0,0.530264711,5930.0,9,0,1,0,0.0,0.19012548
0,0.090707376,65,0,0.025576166,3557.0,10,0,0,0,0.0,0.15168731
0,0.098173749,59,0,0.149318019,9750.0,9,0,1,0,0.0,0.085312404
0,0.356014391,44,0,0.522822823,6659.0,10,0,1,0,3.0,0.29482687
1,0.522606616,47,0,0.510578935,4300.0,12,0,1,0,1.0,0.5357753
0,0.0,33,0,0.338707662,8000.0,7,0,1,0,2.0,0.18943249
0,0.00273275,47,0,0.264915943,9100.0,5,0,1,0,0.0,0.05106157
0,0.071499856,53,0,0.257640997,14166.0,36,0,3,0,1.0,0.33310062
0,0.827417258,66,2,1.063341251,2525.0,7,0,2,0,0.0,0.7379287
0,0.01117151,54,0,0.248346729,9828.0,8,0,1,0,0.0,0.068000674
0,0.465537928,27,0,0.190615836,3750.0,6,0,0,0,0.0,0.3343651
0,0.804783662,66,3,0.432837785,7600.0,11,0,1,0,0.0,0.75166154
0,0.026675703,53,1,0.154885948,3550.0,17,0,2,0,0.0,0.37026525
0,0.06997587,64,0,0.558800922,1300.0,5,0,0,0,0.0,0.21586804
0,0.0,26,0,0.224882874,1920.0,3,1,0,0,2.0,0.82950574
0,0.73273707,48,1,0.505828271,6090.0,8,0,3,0,0.0,0.59418464
0,0.025426193,64,0,0.138990696,7093.0,8,0,1,0,1.0,0.045635056
0,0.0,54,0,0.180681427,8716.0,10,0,1,0,0.0,0.12721297
0,0.937359588,47,1,0.87956022,2000.0,8,0,1,0,0.0,0.7285526
0,0.130457229,57,0,0.326915027,14333.0,16,0,2,0,2.0,0.14294219
0,0.401279936,36,2,0.345269506,7958.0,9,0,2,0,2.0,0.58782595
0,0.0,52,0,0.263558516,5254.0,14,0,2,0,0.0,0.16582349
0,0.080223626,67,0,0.322066175,4200.0,7,0,1,0,0.0,0.075131014
0,0.013808741,75,0,0.010569734,3878.0,9,0,0,0,0.0,0.061493214
0,0.462811546,29,0,0.2264941,2626.0,4,0,0,0,0.0,0.30034485
0,0.887056472,24,0,0.043978011,2000.0,3,0,0,0,0.0,0.6005117
1,0.71127406,59,2,0.509535271,5400.0,4,0,1,0,1.0,0.7367054
0,0.487717925,49,2,1.889194297,11641.0,9,0,2,0,2.0,0.5016972
0,0.485182716,35,0,0.452208106,3305.0,11,0,0,0,2.0,0.48484826
0,0.053144183,74,0,0.769406393,1751.0,13,0,1,0,0.0,0.13390103
0,0.0,35,0,0.229297234,11966.0,11,0,2,0,1.0,0.13682075
0,0.069132147,52,0,0.322257806,2497.0,7,0,1,0,2.0,0.211195
0,0.313278666,43,2,0.216302696,12500.0,12,0,1,0,0.0,0.36983702
0,0.020469899,39,0,0.426833809,8056.0,12,0,2,0,0.0,0.16013227
0,0.003252947,46,0,0.043440786,5800.0,10,0,1,0,0.0,0.09033324
0,0.663108814,43,2,1.024895021,3333.0,12,0,3,0,2.0,0.7774937
1,0.9999999,29,0,58.0,0.0,2,0,0,0,0.0,0.37329456
1,1.050373741,40,2,0.57920311,3086.0,4,0,0,0,0.0,0.92128646
0,0.074605897,45,1,0.138532861,11000.0,9,0,2,0,1.0,0.33896613
0,0.032438862,86,0,0.141974187,5500.0,14,0,1,0,0.0,0.051413547
1,0.317253368,56,1,1.24915318,2656.0,8,0,2,0,0.0,0.55515337
0,0.722694423,52,0,0.126097867,17533.0,5,0,1,0,0.0,0.30923143
0,0.852882358,54,1,0.788257339,1600.0,5,0,1,0,0.0,0.6556252
0,0.540586164,52,0,0.61246142,5183.0,13,0,2,0,3.0,0.5117784
0,0.027159126,76,0,0.003199488,12501.0,6,0,0,0,0.0,0.03974754
0,0.929655335,34,1,0.009768174,82000.0,7,1,0,0,1.0,0.9002472
0,0.844264231,41,7,0.93440122,3932.0,10,0,1,0,2.0,0.8839044
1,0.920265781,38,0,0.003986049,2006.0,1,0,0,0,1.0,0.7227704
0,0.935799128,40,0,0.658755038,4465.0,6,0,1,0,1.0,0.61381555
0,0.9999999,31,0,0.156196581,4679.0,1,0,0,0,2.0,0.6305882
0,0.921215757,38,0,0.08886027,1552.0,1,0,0,0,0.0,0.6542409
0,0.432134218,54,1,0.732726727,10000.0,19,0,2,0,2.0,0.61157006
0,0.497080234,40,0,0.510354677,4200.0,8,0,2,0,3.0,0.38822085
1,0.0,27,0,0.065620542,700.0,2,0,0,0,0.0,0.14956655
0,0.17790273,70,1,0.383067134,7700.0,13,0,2,0,0.0,0.2633743
0,0.9999999,52,0,0.186892723,10085.0,12,0,2,0,0.0,0.35140896
0,0.732660667,44,2,0.14041952,9200.0,15,0,1,0,0.0,0.6244967
0,0.249408679,52,0,0.459513496,3000.0,14,0,1,0,0.0,0.32437086
0,0.013260424,24,0,0.014464425,2557.0,6,0,0,0,0.0,0.25621718
0,0.37514053,27,0,0.448443302,3500.0,10,0,1,0,0.0,0.42828223
0,0.173450782,63,0,0.222770711,15800.0,13,0,1,0,0.0,0.09773129
0,0.155525949,42,0,0.892586773,7000.0,13,0,4,0,3.0,0.50887424
0,0.418936309,40,0,0.33733883,11400.0,13,0,2,0,0.0,0.29602236
0,0.049914021,66,0,0.071455865,7850.0,7,0,0,0,1.0,0.10980664
1,0.9999999,63,0,0.123377332,9166.0,4,1,1,0,0.0,0.7569001
0,0.0,41,0,0.070755624,5200.0,2,0,0,0,2.0,0.14046022
0,0.019617572,45,0,0.445846227,4200.0,8,0,1,0,2.0,0.12262002
0,0.159172887,62,0,0.645405964,5800.0,10,0,1,0,0.0,0.15829194
0,0.109642823,37,0,1.06931023,3000.0,13,0,2,0,0.0,0.36962387
0,0.008169215,58,0,0.495137453,13058.0,9,0,2,0,0.0,0.08824547
0,0.002866571,56,0,0.062391681,7500.0,4,0,0,0,0.0,0.048770823
0,0.040334012,66,0,0.008570449,5833.0,11,0,0,0,0.0,0.054863624
0,0.0,46,0,0.086125702,22083.0,8,0,1,0,2.0,0.062898844
0,0.006016822,52,0,0.16720639,9263.0,6,0,1,0,0.0,0.07309268
0,0.038814653,37,0,0.473743775,4417.0,6,0,2,0,0.0,0.1337632
0,0.640463211,40,1,0.267941132,6590.0,7,0,1,0,1.0,0.53630537
1,0.792801108,63,4,3.960044395,900.0,12,0,1,2,0.0,0.881547
0,0.01552653,58,0,0.228461723,4166.0,6,0,1,0,0.0,0.06418816
1,0.022324442,74,0,0.745848865,2950.0,9,1,2,0,0.0,0.8203555
0,0.889451782,47,0,0.411025583,8833.0,13,3,1,1,3.0,0.9110993
0,0.306236433,57,0,0.205453306,7334.0,4,0,1,0,2.0,0.14302666
0,0.058368205,43,0,0.470185058,5835.0,4,0,2,0,1.0,0.13703538
0,0.461035026,46,0,0.055490752,6000.0,3,0,0,0,3.0,0.3850218
0,0.0,53,0,0.62158561,1500.0,2,0,0,0,0.0,0.18512395
0,0.9999999,26,0,0.168426104,2083.0,3,0,0,0,0.0,0.5202908
0,0.155804118,55,0,1.201124297,1600.0,13,0,2,0,1.0,0.3195648
0,0.303876381,65,0,0.464606022,6243.0,12,0,1,0,0.0,0.19890988
0,0.819753219,39,0,0.215171618,10400.0,10,0,0,0,3.0,0.4079942
0,0.008186064,71,0,0.002217997,9467.0,8,0,0,0,0.0,0.032526072
0,0.821633673,38,0,0.563508482,2416.0,8,0,0,0,3.0,0.6034754
0,0.461473569,57,0,0.6172,7499.0,10,0,3,0,0.0,0.30897084
0,0.070750544,50,0,0.427134475,8350.0,14,0,4,0,0.0,0.32712528
0,0.053207622,80,0,0.026739801,2916.0,10,0,0,0,2.0,0.17235352
1,0.682694353,39,0,0.271517997,3833.0,5,0,0,0,0.0,0.42147753
0,0.016964752,51,0,0.659869848,2304.0,9,0,1,0,0.0,0.14700215
0,0.736622023,25,0,0.335207748,3200.0,10,0,0,0,0.0,0.7065355
0,0.01835474,68,0,0.322326374,4693.0,8,0,2,0,0.0,0.0393874
0,0.015777077,38,1,0.485502899,5000.0,8,0,1,0,0.0,0.34910083
0,0.394536602,34,0,0.488870152,5929.0,9,0,2,0,0.0,0.32407844
0,0.9999999,42,0,1.197086547,2333.0,2,0,1,0,1.0,0.5452369
0,0.740766057,54,0,0.417388515,9350.0,12,0,2,0,0.0,0.42147616
0,0.686561207,50,0,0.477684564,5959.0,10,0,1,0,3.0,0.4683927
0,0.196628812,41,0,0.038784486,2500.0,3,0,0,0,0.0,0.18299031
0,0.9999999,27,0,0.315854158,2440.0,4,2,0,0,0.0,0.89465773
0,0.329579135,51,0,0.257696469,10166.0,16,0,1,0,1.0,0.31405962
0,0.973810355,42,0,0.314965765,9200.0,8,1,1,0,3.0,0.8153665
0,0.002814287,68,0,0.000869943,2298.0,5,0,0,0,0.0,0.025635412
0,0.121668303,47,0,0.052273915,1912.0,2,0,0,0,2.0,0.22089684
0,0.550612274,40,1,0.166232262,17264.0,5,0,1,0,1.0,0.40757138
1,0.004880588,59,1,0.262496796,3900.0,10,0,2,0,0.0,0.29246387
0,0.455004205,56,0,0.581446715,10865.0,19,0,2,0,0.0,0.3630077
0,0.042997134,37,0,1.134573085,5000.0,5,0,4,0,3.0,0.47794077
0,0.03229677,59,0,0.000857061,10500.0,3,0,0,0,0.0,0.03696685
0,0.001215639,58,0,0.067955917,33300.0,4,0,1,0,1.0,0.04898603
0,0.183509599,47,0,0.727376281,7900.0,20,0,2,0,0.0,0.34476465
0,0.0,56,0,0.049112142,6250.0,12,0,0,0,1.0,0.17597374
0,0.032015733,39,0,0.108126411,4429.0,5,0,0,0,3.0,0.0852298
0,0.090625616,50,0,0.924415117,1666.0,12,0,1,0,1.0,0.19091578
0,0.004519467,66,0,0.231799651,5150.0,21,0,0,0,2.0,0.10654169
0,0.9999999,23,0,0.11555278,1600.0,1,0,0,0,0.0,0.5750232
0,0.200309171,50,0,0.507131304,6800.0,11,0,2,0,0.0,0.15621649
0,0.498585044,52,0,0.701621862,4500.0,8,0,2,0,2.0,0.3979472
0,0.049662564,31,0,0.030372048,77274.0,6,0,1,0,0.0,0.14562552
0,0.020076259,24,0,0.640682095,820.0,6,0,0,0,0.0,0.07727806
1,0.334778337,44,2,0.553089382,5000.0,10,0,1,0,3.0,0.67815834
0,0.852015577,22,0,0.644572526,1040.0,5,0,0,0,0.0,0.59668607
0,0.047135943,73,0,1.080816497,4800.0,10,0,2,0,0.0,0.1697119
1,0.068623853,53,0,0.316318996,10833.0,16,0,2,0,0.0,0.2707172
0,0.107021132,48,0,0.009711511,3500.0,4,0,0,0,1.0,0.11766161
0,0.905866818,37,0,0.310137972,5000.0,4,0,1,0,1.0,0.43864506
0,0.48987523,34,0,0.319171724,2800.0,3,0,0,0,1.0,0.37388402
0,0.035730951,74,0,0.260976275,11000.0,5,0,1,0,1.0,0.035360705
0,0.052480663,52,0,0.039748954,4301.0,8,0,0,0,1.0,0.21407834
0,0.9999999,65,0,90.5,1.0,2,0,0,0,0.0,0.2904738
0,0.0,44,0,0.252366351,7500.0,4,0,1,0,0.0,0.07738382
0,0.305655598,51,0,0.368152031,7629.0,15,0,2,0,1.0,0.29845905
0,0.062238534,74,1,0.278375884,3250.0,11,0,1,0,0.0,0.3956029
0,0.005341734,47,1,0.561430494,5200.0,12,0,1,0,2.0,0.27994406
0,0.034326649,61,0,0.265534129,6533.0,7,0,2,0,0.0,0.07366179
0,0.0451658,55,1,0.226220696,6696.0,11,0,2,0,0.0,0.23500271
0,0.255144223,58,0,0.207094418,3833.0,6,0,0,0,1.0,0.20979697
0,0.683296495,67,0,0.566418029,6300.0,9,0,1,0,0.0,0.34284684
0,0.006608552,72,0,0.00179964,5000.0,3,0,0,0,0.0,0.012718127
0,0.441294664,35,1,0.184717398,6333.0,10,0,0,0,0.0,0.43638778
0,0.9999999,43,0,0.0,2080.0,0,0,0,0,2.0,0.7193008
0,0.040663823,61,0,0.450938649,5166.0,16,0,1,0,1.0,0.100682564
0,0.125387461,37,0,0.510119483,4100.0,10,0,1,0,2.0,0.22322899
0,0.827554311,69,0,0.397758255,3300.0,3,0,0,0,0.0,0.3464765
0,0.631915745,45,0,0.749041826,6000.0,6,0,4,0,3.0,0.5491879
0,0.04222955,35,0,0.310114238,7177.0,3,0,2,0,0.0,0.112489015
0,0.095163495,45,0,0.239076092,10000.0,4,0,1,0,3.0,0.064369515
0,0.963461435,38,0,0.351329734,5000.0,7,0,1,0,3.0,0.514984
0,0.022484138,57,0,0.167961609,4375.0,5,0,1,0,0.0,0.05949863
0,0.124493163,53,0,0.265220053,14700.0,5,0,2,0,0.0,0.07983391
0,0.755456866,63,0,0.759859772,5704.0,15,0,1,0,0.0,0.5732417
0,0.213002974,57,0,0.384130793,20000.0,10,0,1,0,2.0,0.1864072
0,0.005017086,70,0,0.203885344,10500.0,12,0,1,0,0.0,0.051411625
0,0.065658734,35,0,0.458862737,4800.0,15,0,1,0,1.0,0.26045766
0,0.397633531,39,0,0.23673687,3750.0,4,0,0,0,0.0,0.2024418
0,0.41712176,39,0,0.199466904,2250.0,8,0,0,0,1.0,0.37562495
0,0.456317984,63,0,0.819512195,1024.0,6,0,0,0,0.0,0.32841647
0,1.083944037,25,1,0.381954184,6416.0,4,2,0,0,0.0,0.9436155
0,0.038448472,52,0,0.530426398,9333.0,10,0,3,0,3.0,0.15954632
0,0.0,25,0,0.0,0.0,1,0,0,0,0.0,0.20688424
1,0.880370887,43,0,0.461323764,7523.0,6,0,1,0,1.0,0.50063926
0,0.9999999,48,0,0.584924325,10108.0,6,0,2,0,2.0,0.5167472
0,0.050385471,78,0,0.062271898,8767.0,6,0,0,0,0.0,0.09035447
0,0.06598516,74,0,0.075851393,5167.0,7,0,0,0,0.0,0.07837878
0,0.609356416,40,0,0.518751711,3652.0,9,1,1,0,0.0,0.7873277
0,0.15239238,46,0,0.327177732,11100.0,6,0,2,0,3.0,0.08744691
0,0.021883574,63,0,0.037722986,8800.0,5,0,0,0,1.0,0.05447274
0,0.077809934,47,0,0.237305235,8920.0,7,0,1,0,1.0,0.10276648
0,0.204443009,60,0,0.231325301,6639.0,5,0,1,0,0.0,0.11082303
0,0.339306584,29,2,0.075249956,5700.0,10,0,0,0,4.0,0.654144
0,0.328526594,64,0,0.681274256,6183.0,13,0,2,0,0.0,0.25123757
0,0.322941647,71,0,0.096903097,1000.0,5,0,0,0,0.0,0.19230323
1,0.9999999,35,1,0.319822321,1800.0,1,0,0,0,2.0,0.7966636
0,0.498918201,59,0,0.327035419,19000.0,9,0,1,0,2.0,0.14786926
0,0.9999999,53,0,0.093756943,4500.0,7,0,0,0,0.0,0.543786
0,0.019464961,69,0,0.015955325,2506.0,8,0,0,0,0.0,0.05610416
0,0.667168881,55,0,1.139377537,1477.0,8,0,0,0,0.0,0.52184266
0,0.004989649,63,0,0.190944575,6404.0,8,0,1,0,1.0,0.07238561
0,0.85534137,36,0,0.822265153,4140.0,8,0,1,0,0.0,0.54504836
0,0.213179517,60,0,0.414917017,5000.0,13,0,1,0,0.0,0.16506907
0,0.076629451,73,0,0.332344764,5394.0,13,0,2,0,0.0,0.080487736
0,0.297121743,37,0,0.260548897,14100.0,14,0,3,0,1.0,0.35144022
0,0.021967679,64,0,0.136479231,7077.0,16,0,2,0,0.0,0.10060143
0,0.0,46,0,0.221694576,4000.0,7,0,0,0,0.0,0.13363993
1,0.622289402,60,2,0.631648142,8366.0,13,2,1,1,0.0,0.89965653
0,0.016323465,32,0,0.251965246,4833.0,9,0,1,0,0.0,0.10687616
0,0.046946353,62,0,0.236991344,10050.0,21,0,1,0,0.0,0.12850183
0,0.256849469,54,0,0.243207218,9752.0,7,0,0,1,0.0,0.56576866
0,0.661719373,53,0,0.718877223,4666.0,9,0,1,0,1.0,0.52522814
0,0.61872133,56,0,0.386169548,4800.0,10,0,0,0,3.0,0.4814372
0,0.020827976,46,0,0.002054593,10220.0,2,0,0,0,1.0,0.03850291
0,0.279958137,33,1,0.076624098,1800.0,5,0,0,1,4.0,0.8496845
0,0.0,32,0,0.293493309,2166.0,7,0,0,0,0.0,0.19088554
0,0.9999999,27,0,0.009623797,8000.0,7,0,0,0,0.0,0.4789676
0,0.777402825,37,0,0.092953523,2000.0,4,0,0,0,0.0,0.48312312
0,0.731683017,37,0,0.22517321,5195.0,12,0,1,0,1.0,0.5317706
0,0.180117598,79,0,0.398991857,2578.0,6,0,1,0,0.0,0.08386437
0,0.35469545,51,0,0.081877537,5666.0,3,0,1,0,2.0,0.17579514
0,0.303186406,40,1,0.328931452,9919.0,10,0,2,0,3.0,0.4367232
0,0.419240169,25,0,0.229872293,1800.0,6,0,0,0,0.0,0.444046
1,0.725659293,41,0,0.432313495,4771.0,7,0,1,0,0.0,0.48209754
0,0.465403841,42,0,0.017499205,3142.0,4,0,0,0,3.0,0.4395696
0,0.214766362,32,0,0.253129602,5431.0,6,0,1,0,1.0,0.12945834
1,0.982289636,32,0,1.311953353,2400.0,7,1,2,0,1.0,0.9031952
0,0.439654113,59,0,1.0,1400.0,10,0,1,0,0.0,0.34156594
0,0.000571408,68,0,0.126449531,9916.0,4,0,2,0,1.0,0.062199112
0,0.787799212,78,0,0.283053158,2200.0,6,0,0,0,0.0,0.40036777
1,0.9999999,38,0,0.0,1000.0,0,0,0,0,1.0,0.7887044
0,0.9999999,29,0,0.0,3208.0,0,0,0,0,2.0,0.77329177
0,0.723053227,47,1,4.340182648,875.0,11,1,1,0,4.0,0.78809494
0,0.0,73,0,0.374061843,3330.0,5,0,1,0,0.0,0.10324615
0,0.104888662,59,1,0.292647365,4800.0,9,0,1,0,2.0,0.2839363
0,0.173121352,37,0,0.706764662,13333.0,14,0,5,0,2.0,0.76913965
0,0.238032033,61,0,0.172566372,13333.0,8,0,2,0,0.0,0.09731772
0,0.140618979,68,0,0.497210167,3225.0,12,0,1,0,0.0,0.12922448
0,0.336458248,55,2,0.668952218,4666.0,17,0,3,0,0.0,0.6457046
0,0.529633399,65,1,1.400897532,1336.0,9,0,1,0,1.0,0.57231754
0,0.13057163,36,0,0.381949733,7877.0,7,1,2,0,0.0,0.637282
0,0.030827691,37,0,0.49410118,5000.0,7,0,1,0,3.0,0.113927506
0,0.660955971,66,3,0.203015428,2851.0,7,0,0,1,0.0,0.8819366
1,0.9999999,29,4,0.403623868,3200.0,4,1,1,1,0.0,0.95028496
0,0.0474488,58,0,0.279065652,5650.0,15,0,1,0,3.0,0.1010981
0,0.903878719,30,0,0.606393606,1000.0,3,0,0,0,0.0,0.5263195
1,0.9999999,25,0,0.275886032,1438.0,2,0,0,0,1.0,0.6400846
0,0.903132568,31,0,0.161498505,6352.0,4,0,0,0,2.0,0.53461033
1,1.045129963,57,3,0.420315937,5000.0,5,1,1,2,0.0,0.9738481
0,0.398189569,32,0,0.503894345,2952.0,8,0,0,0,3.0,0.36173788
0,0.0,57,2,0.391716997,10430.0,11,0,3,0,0.0,0.51027197
0,0.73945211,63,0,11.31269195,14000.0,5,0,1,0,0.0,0.27191615
0,0.021408248,76,0,0.00733089,3000.0,5,0,0,0,0.0,0.031273156
0,0.612088175,40,1,1.091497573,8032.0,23,0,5,0,2.0,0.8403126
0,0.677526873,56,2,0.352455943,8000.0,7,0,1,0,2.0,0.6382471
0,0.040248994,58,0,0.434359379,3800.0,14,0,1,0,0.0,0.115691304
0,0.004822115,66,0,0.000899955,6666.0,6,0,0,0,0.0,0.049238242
0,0.044823879,44,0,0.010463089,5160.0,4,0,0,0,2.0,0.081122
0,0.007421597,47,0,0.425508277,9000.0,16,0,4,0,1.0,0.1467193
0,0.016559669,48,0,0.26881874,7000.0,3,0,1,0,3.0,0.08242359
0,0.075303678,35,0,0.681486186,3148.0,6,0,1,0,1.0,0.1686314
0,0.048639559,61,0,0.203077546,9877.0,13,0,1,0,0.0,0.062057946
0,0.007940009,43,0,0.312389381,5649.0,5,0,0,0,5.0,0.09253821
0,0.9999999,35,0,0.0,3538.0,4,2,0,0,1.0,0.77679175
0,0.016736161,57,0,0.733362004,9300.0,18,0,4,0,2.0,0.4525382
0,0.378207264,39,1,0.465945581,5916.0,9,0,1,0,1.0,0.4707971
0,0.122083038,56,0,0.235284632,6200.0,12,0,1,0,1.0,0.16250858
0,0.082723513,50,0,0.311240123,6200.0,6,0,1,0,2.0,0.10651503
0,0.365904046,68,0,0.273310557,12000.0,14,0,1,0,1.0,0.17637287
0,0.0,54,0,0.189616921,6760.0,5,0,1,0,0.0,0.11474836
0,0.9999999,62,0,0.392986699,2480.0,5,0,0,1,0.0,0.8106972
0,0.725854229,63,0,0.94337227,3937.0,7,0,2,0,0.0,0.43531242
0,0.755411475,58,0,0.292108082,8400.0,7,0,2,0,3.0,0.21262921
0,0.45268187,47,1,0.727113703,3429.0,12,0,1,0,3.0,0.55454606
0,0.406345174,40,0,0.402112467,6721.0,10,0,1,0,0.0,0.17096643
0,0.07146001,54,1,0.393697606,9900.0,14,0,4,0,1.0,0.6766914
0,0.084964548,45,0,0.835270591,8000.0,5,0,3,0,2.0,0.34320733
0,0.543649935,54,0,0.573010892,5416.0,14,0,2,0,0.0,0.44762394
0,0.130342429,62,0,0.346368715,3400.0,11,0,1,0,0.0,0.16296993
0,0.008244009,50,0,0.098654324,11666.0,6,0,1,0,0.0,0.021272263
0,0.17403905,67,0,0.122027426,5760.0,10,0,0,0,0.0,0.1342181
0,0.335242356,72,0,1.106268161,2408.0,14,0,1,0,0.0,0.40345857
0,0.840404495,67,0,0.228289195,16500.0,19,0,0,0,0.0,0.47416583
0,0.9999999,61,0,0.0970495,4100.0,1,1,0,1,2.0,0.9396941
0,0.080783843,78,0,0.017589577,1534.0,4,0,0,0,0.0,0.05271956
0,0.0,51,0,0.105197401,4001.0,2,0,0,0,2.0,0.22976248
0,0.0,59,0,0.408073991,8000.0,13,0,2,0,0.0,0.08179002
0,0.580903804,41,0,0.506741403,6600.0,11,0,0,0,1.0,0.46528146
0,0.9999999,58,0,992.0,0.0,4,0,1,0,0.0,0.22830574
0,0.204372855,48,0,0.665255234,4250.0,7,0,2,0,1.0,0.28940317
0,0.007338024,37,0,0.352729454,5000.0,14,0,1,0,0.0,0.10135038
0,0.320247463,52,0,0.667698167,4200.0,12,0,3,0,1.0,0.460822
0,0.397872921,32,0,0.135517613,6500.0,3,0,0,0,1.0,0.2579974
0,0.055420423,41,0,0.206118612,5850.0,16,0,2,0,0.0,0.14477408
0,0.600066364,53,1,0.50857819,5070.0,15,0,1,0,1.0,0.71317375
0,0.587098059,72,1,0.270818455,7000.0,23,0,1,0,0.0,0.5845988
0,0.021400592,56,0,0.270236954,7300.0,11,0,1,0,0.0,0.079380244
0,0.01099956,77,0,0.00159968,5000.0,2,0,0,0,1.0,0.023414278
0,0.033561829,65,0,0.085192698,8873.0,5,0,1,0,2.0,0.047192134
0,0.014887222,56,0,0.164786817,12500.0,5,0,1,0,0.0,0.043339733
0,0.907618645,50,1,0.379419654,4100.0,8,0,2,1,0.0,0.80652994
0,0.18054788,51,0,0.393675527,4363.0,9,0,2,0,0.0,0.23449887
0,0.050827151,55,0,0.679960582,17250.0,19,0,10,0,0.0,0.4463633
0,0.011332647,32,0,0.195893698,11250.0,6,0,1,0,0.0,0.0576328
0,0.0,76,0,0.071053934,10104.0,7,0,1,0,0.0,0.05620696
0,0.190565644,50,2,0.231215241,8450.0,11,0,2,0,1.0,0.51495546
0,0.060155831,38,0,0.070727168,15580.0,6,0,0,0,1.0,0.08803941
0,0.133382662,55,0,0.477287877,10500.0,19,0,3,0,0.0,0.26804358
0,0.259083131,53,0,0.535504358,14800.0,8,0,3,0,1.0,0.3293603
0,0.142175356,42,0,0.686475979,3600.0,5,0,2,0,3.0,0.22517702
0,0.9999999,37,0,0.683597002,1200.0,8,0,1,0,1.0,0.5426482
0,0.030032873,62,0,0.22362813,7507.0,16,0,2,0,0.0,0.12614763
0,0.790515791,51,0,0.15921935,13270.0,8,0,1,0,2.0,0.276866
0,0.923173073,66,0,0.644154954,5833.0,9,0,1,0,0.0,0.38734928
0,0.9999999,58,0,0.185642609,2590.0,2,0,0,0,1.0,0.49745256
0,0.029988843,84,0,0.014746313,4000.0,10,0,0,0,0.0,0.11285249
0,0.077864727,69,0,0.237457612,11500.0,12,0,2,0,1.0,0.06562263
0,0.011553468,45,0,0.332504594,9250.0,8,0,2,0,0.0,0.13320571
0,0.046703135,53,0,1.240759241,1000.0,4,1,2,0,3.0,0.8186336
0,0.099376766,45,0,0.235593025,8658.0,9,0,2,0,3.0,0.11769614
0,0.200101426,63,0,2.351917196,4250.0,21,0,6,0,0.0,0.54335093
0,0.949403931,64,0,0.241613013,2950.0,6,0,0,0,0.0,0.39725995
0,0.063204023,62,0,0.599744246,6255.0,6,0,1,0,0.0,0.10993327
0,0.076054402,51,0,2.294274301,750.0,13,0,1,0,2.0,0.20773894
0,0.0,71,1,0.00479904,5000.0,11,0,0,0,0.0,0.16564234
0,0.336222047,44,0,0.234941265,4000.0,14,0,0,0,0.0,0.2693278
0,0.871179757,43,0,0.17613731,6000.0,3,0,0,0,0.0,0.45108882
0,0.041281595,38,0,0.085382923,5000.0,7,0,0,0,0.0,0.104025446
0,0.292004355,46,0,0.275431142,4000.0,8,0,0,0,3.0,0.22169732
0,0.093392956,54,0,1.883509834,1321.0,10,0,2,0,0.0,0.27360773
0,0.972735807,68,1,0.919791026,3253.0,11,0,1,0,0.0,0.66880345
0,0.000975286,55,0,0.122441931,11580.0,15,0,1,0,3.0,0.10263739
0,0.149900067,23,0,0.219830899,1300.0,2,0,0,0,0.0,0.24874444
0,0.41667772,42,0,0.467435504,15000.0,10,0,2,0,0.0,0.30673188
0,0.06308211,39,0,0.894026493,4000.0,6,0,2,0,2.0,0.24995
1,0.9999999,48,1,0.069762275,4500.0,1,0,0,0,0.0,0.7376881
0,0.144668886,66,0,0.107910302,23500.0,7,0,1,0,2.0,0.03354398
0,0.9999999,48,0,0.059217703,6416.0,0,0,0,0,0.0,0.60795254
0,0.434926214,50,0,0.258503401,10436.0,5,0,1,0,2.0,0.12693173
0,0.318597658,58,0,4398.0,0.0,15,0,1,0,0.0,0.07178991
0,0.9999999,39,0,0.0,3565.0,1,1,0,0,1.0,0.7741509
0,0.004648488,56,0,0.194217872,11033.0,12,0,3,0,2.0,0.069504805
0,0.445363576,54,0,0.555422229,6666.0,18,0,2,0,1.0,0.37176841
0,0.001882553,66,0,0.022872141,2666.0,10,0,0,0,0.0,0.12443364
0,0.076923077,24,1,0.000499875,4000.0,3,0,0,0,0.0,0.23449671
0,0.0,44,0,0.235373165,9673.0,6,0,2,0,0.0,0.12114349
0,0.9999999,25,0,0.072565716,2700.0,2,0,0,0,0.0,0.51417285
0,0.82538839,64,0,0.639886578,7405.0,14,0,2,0,0.0,0.36571965
0,0.652298692,49,0,0.585423568,4225.0,7,0,1,0,1.0,0.48434806
0,0.9999999,49,0,0.076285813,5793.0,2,0,1,0,0.0,0.358968
0,0.602071064,39,0,0.422907489,2950.0,5,0,1,1,0.0,0.7804017
0,0.661784288,24,0,0.206494588,1200.0,3,0,0,0,1.0,0.58714366
1,0.907928926,56,0,0.689637033,1900.0,7,1,0,3,1.0,0.95437586
0,0.063891159,61,0,0.00737798,5285.0,4,0,0,0,0.0,0.06700334
0,0.02239225,63,0,0.196015936,3764.0,9,0,1,0,1.0,0.10814117
0,0.002064967,47,2,0.728263147,4772.0,20,0,4,0,2.0,0.7424421
0,0.111568241,43,0,0.925131979,6250.0,7,0,3,0,1.0,0.31969345
1,1.676654182,43,4,0.76184763,3333.0,7,2,1,3,4.0,0.98114794
0,0.500893912,63,0,0.209020317,9400.0,6,0,3,0,2.0,0.21785559
0,0.439905642,59,0,0.346404014,16142.0,8,0,2,0,1.0,0.10002662
1,0.761919913,62,0,0.033650623,14917.0,5,0,0,1,0.0,0.68852395
0,0.234941205,72,0,0.041090478,2530.0,5,0,0,0,0.0,0.17140412
1,0.704118353,65,0,0.285747501,4300.0,4,0,0,0,0.0,0.32702312
0,0.061972075,86,1,0.30021978,2274.0,20,0,1,0,0.0,0.4478361
0,0.155672582,56,0,0.180790034,6100.0,17,0,1,0,0.0,0.17377138
0,0.039025103,41,0,0.108981836,6000.0,7,0,0,0,3.0,0.12526646
0,0.9999999,61,0,0.424143964,4000.0,5,0,1,0,0.0,0.33877254
1,1.02845488,48,2,0.426209839,7500.0,11,0,2,1,0.0,0.9067153
0,0.783534606,26,0,0.32685635,2881.0,5,0,0,0,0.0,0.5797485
0,0.003499865,48,0,0.32941435,9100.0,7,0,2,0,1.0,0.073067546
0,0.9999999,25,0,0.12541654,3300.0,1,0,0,0,1.0,0.6144482
0,0.159603107,42,0,0.213430602,5345.0,4,0,1,0,0.0,0.11144339
0,0.177543152,46,0,0.077792221,10000.0,6,0,0,0,3.0,0.15930656
0,0.201236753,43,0,0.394327258,9765.0,8,0,2,0,1.0,0.18509454
0,0.034186788,68,0,0.281572809,3000.0,6,0,0,0,1.0,0.11779799
0,0.005269744,63,0,0.077203965,3833.0,19,0,0,0,0.0,0.18157169
0,0.905821754,63,0,0.843838604,4584.0,20,0,2,0,2.0,0.69236875
1,0.508252018,51,2,0.588766356,17500.0,12,0,4,0,0.0,0.8226478
0,0.047600659,41,0,0.19730045,6000.0,6,0,1,0,4.0,0.10695065
0,0.0866631,66,0,0.477807117,7952.0,8,0,2,0,2.0,0.08136672
0,3.25e-05,64,0,0.083323047,8100.0,13,0,0,0,1.0,0.0704352
0,0.9999999,27,0,0.617687075,734.0,4,0,0,1,0.0,0.6804217
0,0.717131474,40,0,0.003749639,3466.0,1,1,0,0,0.0,0.8127018
0,0.039489188,61,0,0.006259781,5750.0,4,0,0,0,0.0,0.038995776
0,0.0,33,0,0.729128015,4850.0,3,0,2,0,0.0,0.46829304
0,0.844311377,40,0,0.235640648,2715.0,3,0,1,0,0.0,0.40375537
0,0.336057707,33,0,0.075214071,4320.0,3,0,0,0,0.0,0.24138206
0,0.0,70,0,0.000434594,2300.0,7,0,0,0,0.0,0.021250987
0,0.129029418,46,0,0.029590596,7400.0,3,0,0,0,1.0,0.19079809
0,0.625591146,59,0,0.718537415,5879.0,13,0,3,0,0.0,0.45903
1,0.615692303,73,1,0.82829582,3109.0,15,0,1,1,0.0,0.8202673
0,0.113841545,57,0,0.264536463,9200.0,9,0,1,0,1.0,0.086153805
0,0.090621023,50,0,0.770787042,8550.0,5,0,3,0,3.0,0.29013637
0,0.015678183,54,0,0.167979003,3047.0,11,0,1,0,0.0,0.13936956
0,0.001399907,47,0,0.076461769,2000.0,3,0,0,0,1.0,0.0701663
0,0.003320772,65,0,0.174920598,8500.0,5,0,1,0,1.0,0.051490832
0,0.36214682,69,1,0.984354628,2300.0,11,0,1,0,1.0,0.44495144
0,0.9999999,36,3,0.188384929,4166.0,11,6,0,2,1.0,0.9647937
0,0.978936094,77,0,0.146411908,4500.0,13,0,0,0,0.0,0.31375533
0,0.273736582,66,0,0.418976389,6818.0,14,0,3,0,0.0,0.12712537
0,0.068901481,62,0,0.780917192,4600.0,4,0,2,0,2.0,0.2762578
0,0.013600953,75,0,0.077492251,10000.0,5,0,1,0,0.0,0.039864283
0,1.24567474,56,2,0.684078353,7963.0,10,0,1,0,0.0,0.8479287
0,0.348853205,59,0,403.0,0.0,3,0,0,0,0.0,0.065573014
0,0.915780028,37,1,0.348963274,7378.0,4,0,1,0,1.0,0.6796149
1,0.073300887,58,0,0.022236442,6250.0,9,0,0,0,2.0,0.21216282
0,0.0,54,0,0.101579684,5000.0,5,0,0,0,1.0,0.15740895
0,0.9999999,25,0,0.699845679,1295.0,5,0,0,0,1.0,0.66820496
0,0.997500179,38,0,3.367409685,1300.0,11,0,2,0,2.0,0.72437304
0,0.532054647,46,0,0.285438233,7244.0,7,0,1,0,2.0,0.28810555
0,0.341013632,52,0,0.278836058,13333.0,13,0,2,0,4.0,0.1555231
0,0.000819645,86,0,0.0,7000.0,6,0,0,0,0.0,0.036714803
0,0.0,56,0,0.055257341,3166.0,5,0,0,0,2.0,0.17925854
0,0.9999999,49,0,0.0,4600.0,1,0,0,0,0.0,0.5454051
0,0.197257668,39,0,0.304029927,11761.0,23,0,3,0,3.0,0.17276628
0,0.639509608,56,1,0.382103689,4011.0,9,0,1,0,0.0,0.5809153
1,0.971161154,39,1,0.455424096,6000.0,4,0,2,0,2.0,0.71804065
0,0.67291235,32,0,0.298593581,2772.0,6,0,0,0,1.0,0.50870556
0,0.002894845,88,0,0.001999429,3500.0,11,0,0,0,0.0,0.25565982
0,0.9999999,54,0,0.24348447,2800.0,9,0,0,0,0.0,0.6094236
0,0.0,61,0,0.622632962,11036.0,9,0,2,0,0.0,0.20942749
0,0.033886182,62,0,0.228647613,12000.0,13,0,2,0,1.0,0.056479752
0,0.631684206,50,0,0.288829635,10500.0,7,0,1,0,0.0,0.22979431
0,0.020659988,41,0,0.013071895,2600.0,9,0,0,0,0.0,0.21923944
0,0.049891075,54,0,0.406709109,4083.0,7,0,2,0,0.0,0.15674819
0,0.204062197,57,0,0.561812729,3000.0,15,0,1,0,0.0,0.3015095
0,0.007982621,43,1,0.009691169,208333.0,11,0,1,0,1.0,0.30168006
0,0.160484137,33,0,0.107621736,2833.0,8,0,0,0,0.0,0.19437625
0,0.111065914,51,0,1.117849759,1450.0,15,0,2,0,1.0,0.24924803
0,0.045392047,59,0,0.060424469,12014.0,7,0,0,0,1.0,0.048195053
0,0.229002011,56,0,0.345706737,7569.0,9,0,2,0,0.0,0.1668722
1,0.302565791,59,0,0.602439632,4016.0,13,0,3,0,2.0,0.32639816
1,0.377637497,31,1,1.378232387,8700.0,13,0,6,4,2.0,0.9454859
0,0.135421434,63,0,0.547731397,11019.0,16,0,8,0,0.0,0.29757914
0,0.254713696,28,0,0.564079258,5500.0,7,0,1,0,1.0,0.4050512
0,0.030161713,67,0,0.421879463,3500.0,8,0,2,0,0.0,0.09919435
0,0.015807388,76,0,0.185292157,4500.0,5,0,1,0,0.0,0.026262702
0,0.742003972,40,1,0.572952087,6469.0,6,0,1,0,0.0,0.69787675
0,0.768286896,76,0,0.656126482,4300.0,8,0,1,0,0.0,0.23143168
0,0.000229441,52,0,0.237339173,10958.0,11,0,2,0,2.0,0.16624323
0,0.169216922,41,0,0.107969152,4278.0,20,0,0,0,0.0,0.21638054
0,0.9999999,50,0,0.321525496,7000.0,8,0,2,0,4.0,0.39126572
0,0.584883023,49,3,0.302952722,5858.0,8,0,2,0,2.0,0.65831035
0,0.10978326,65,0,0.323083846,6666.0,12,0,1,0,0.0,0.11440602
0,0.071066515,70,0,0.117952266,2890.0,3,0,1,0,0.0,0.06388685
0,0.03876721,52,3,0.285255266,2800.0,10,0,1,1,1.0,0.84805936
0,0.845288522,52,0,0.166332665,10977.0,5,0,1,0,1.0,0.24936706
0,0.498375406,28,1,0.404397069,1500.0,6,0,0,0,0.0,0.6972187
0,0.086948051,54,0,0.225321615,7850.0,7,0,1,0,1.0,0.09320913
0,0.0,55,0,0.393089333,8305.0,9,0,3,0,2.0,0.15355328
0,0.085706913,67,1,0.640924956,4583.0,5,0,2,0,0.0,0.31160328
0,0.62915322,67,3,0.295582863,3010.0,7,2,0,0,1.0,0.9429654
0,0.003231783,72,0,0.002443901,4500.0,12,0,0,0,0.0,0.031621397
0,0.745521654,37,0,0.799707602,9575.0,16,0,2,0,2.0,0.795587
0,0.004922764,87,0,0.001958864,4083.0,6,0,0,0,0.0,0.066081695
0,0.935288374,66,3,0.597786763,4698.0,9,0,2,0,1.0,0.80109525
1,0.656716418,30,1,0.220610923,3240.0,4,1,0,0,0.0,0.85125643
0,0.877240212,38,1,0.791301298,2850.0,7,0,1,0,1.0,0.72153383
0,0.293413174,24,0,0.027630805,1700.0,3,0,0,0,0.0,0.36598852
0,1.73089701,25,0,0.009369144,1600.0,1,0,0,1,0.0,0.89935386
0,0.152092721,51,0,0.326749573,4100.0,6,0,1,0,2.0,0.16156857
0,0.9999999,49,0,0.0,2710.0,0,3,0,0,2.0,0.940605
0,0.005991822,77,0,0.408054343,6182.0,19,0,2,0,1.0,0.10818154
0,0.0,61,0,0.281516588,2109.0,3,0,0,0,0.0,0.18666458
0,0.179478812,67,0,0.285288764,6042.0,8,0,1,0,0.0,0.08817137
0,0.040037646,81,0,0.007690336,3900.0,4,0,0,0,0.0,0.010467511
0,0.639009702,63,0,0.244801285,12454.0,9,0,1,0,0.0,0.2077351
0,0.457154285,76,0,0.309237932,4080.0,4,0,2,0,0.0,0.070279986
0,0.023044319,82,0,0.165185572,5738.0,5,0,0,0,0.0,0.035919264
0,0.088297057,48,0,0.594488189,3809.0,6,0,2,0,0.0,0.18029809
0,0.043824701,30,0,0.12649424,4600.0,4,0,0,0,3.0,0.14760497
0,0.102526498,46,0,0.005749281,8000.0,4,0,0,0,0.0,0.1028531
0,0.0,63,0,0.148717111,18356.0,7,0,1,0,2.0,0.034480397
0,0.9999999,54,1,0.519812776,18800.0,10,0,5,0,1.0,0.74890715
0,0.0,41,0,0.587462301,4641.0,15,0,1,0,2.0,0.16438998
0,0.012474153,51,0,0.302096398,5580.0,10,0,1,0,0.0,0.122630656
0,0.9999999,24,0,0.0,820.0,1,1,0,0,0.0,0.6483385
0,0.118344083,52,0,0.167255516,15000.0,5,0,1,0,4.0,0.07265386
0,0.315441334,69,3,0.609598172,5250.0,21,0,2,0,0.0,0.65063804
0,0.091680994,58,0,0.150707692,16249.0,11,0,1,0,0.0,0.055610362
0,0.9999999,61,0,0.674347743,5250.0,5,0,2,0,1.0,0.3827717
1,1.035953551,45,2,0.26094781,5000.0,6,1,1,1,0.0,0.96037304
0,0.019872964,70,0,0.211564442,3700.0,6,0,1,0,0.0,0.039615177
0,0.189774148,49,1,0.627062156,6000.0,17,0,2,0,1.0,0.4650919
0,0.090556784,39,0,0.407235706,11000.0,7,0,2,0,3.0,0.11169713
0,0.087714447,66,0,0.231311066,4400.0,13,0,0,0,0.0,0.09252428
0,0.018311519,51,0,0.0094392,1800.0,2,0,0,0,1.0,0.11636408
1,0.9999999,40,0,0.474947228,9000.0,3,3,1,0,2.0,0.93614155
0,0.068494312,36,0,0.398593835,5546.0,7,0,1,0,2.0,0.1693064
0,0.235988201,49,0,0.036370454,8000.0,4,0,1,0,1.0,0.1791417
0,0.12246923,74,0,0.205158968,5000.0,18,0,0,0,0.0,0.2075714
0,0.043980629,82,0,0.008569796,5250.0,8,0,0,0,1.0,0.07464378
0,0.775711214,39,1,0.266122313,6000.0,6,0,1,0,1.0,0.63169813
0,0.106506533,43,0,0.746813297,4000.0,14,0,2,0,0.0,0.3334943
0,0.385961404,64,0,0.445093817,3250.0,5,0,1,0,0.0,0.16850357
0,0.671212671,61,0,0.537115721,4000.0,11,0,1,0,1.0,0.39601752
0,0.501462818,35,0,0.369772137,3466.0,10,0,0,0,0.0,0.47307894
0,0.246166939,63,0,0.154123854,3600.0,7,0,0,0,1.0,0.24840085
0,0.986771266,41,0,0.078143594,2520.0,1,0,0,0,2.0,0.72638035
0,0.008776216,64,0,0.341296027,7576.0,27,0,1,0,0.0,0.12020099
0,1.147410359,33,1,0.149931849,2200.0,3,0,0,0,0.0,0.86362153
0,0.042071449,75,0,0.205406654,4327.0,14,0,1,0,1.0,0.054173928
0,0.457046236,40,0,0.364040367,10800.0,4,0,1,0,0.0,0.15722318
0,0.0,61,0,0.215127491,4666.0,20,0,1,0,0.0,0.06907251
0,0.025151672,33,0,0.273379418,7666.0,7,0,2,0,0.0,0.12982117
0,0.241108769,58,0,0.365245374,8700.0,21,0,2,0,1.0,0.20227294
0,0.018026186,84,0,0.091313042,4500.0,12,0,0,0,0.0,0.06864666
0,0.575044684,53,0,0.277153079,7825.0,8,0,1,0,0.0,0.27039877
0,0.0,60,0,0.168936292,10500.0,11,0,1,0,2.0,0.10445562
0,0.0,51,0,0.338650161,8400.0,8,0,2,0,2.0,0.1531894
0,0.184525445,58,0,0.3666837,9784.0,10,0,3,0,0.0,0.17059514
0,0.293981033,36,0,0.159113013,5140.0,10,0,0,0,0.0,0.18171501
0,0.5031118,65,0,0.995377504,3893.0,13,0,2,0,1.0,0.45265257
0,0.115507263,29,0,0.382769538,6000.0,6,0,1,0,1.0,0.18826649
0,0.0,76,0,0.0,2000.0,6,0,0,0,0.0,0.011740434
0,0.219767919,42,0,0.371457748,7833.0,12,0,1,0,1.0,0.24444371
1,0.0,25,0,0.152896812,2916.0,3,0,0,1,0.0,0.62419355
0,0.319714166,42,0,0.352960894,8949.0,6,0,2,0,2.0,0.24457969
0,0.255193022,64,0,0.420278986,13333.0,17,0,2,0,0.0,0.19527428
0,0.284450338,82,0,0.158276226,7587.0,8,0,1,0,0.0,0.0756781
0,8228.0,38,0,0.273372663,10000.0,10,0,2,0,0.0,0.50018454
0,0.040777652,57,0,0.343656782,11397.0,10,0,2,0,0.0,0.124119945
1,0.556387748,35,0,0.328483085,2748.0,6,0,0,0,0.0,0.4469143
0,0.027392698,61,0,0.19265473,14185.0,14,0,2,0,1.0,0.089939475
0,0.016671733,69,0,0.262794573,4200.0,9,0,1,0,0.0,0.034660887
0,0.140305542,50,0,0.368545294,10166.0,16,0,1,0,2.0,0.21895449
0,0.958271154,42,0,0.695806194,8750.0,7,0,2,0,0.0,0.65551686
0,0.354830646,47,0,0.184489654,5750.0,7,0,1,0,0.0,0.17381048
0,1.026648901,23,0,0.056029233,820.0,1,0,0,0,0.0,0.55867374
0,0.055675647,50,0,0.065683842,6850.0,8,0,0,0,3.0,0.12788315
0,0.004173329,64,0,0.100611189,6380.0,5,0,1,0,2.0,0.04230553
0,0.713479015,57,0,0.209956259,4800.0,6,0,0,0,0.0,0.45333984
0,0.649930383,39,0,0.446827659,6666.0,11,0,2,0,0.0,0.43322656
0,0.261918145,33,0,0.317574996,6366.0,11,0,1,0,2.0,0.23978144
0,0.026133722,39,0,0.186499795,9747.0,13,0,1,0,0.0,0.06549217
0,0.289378268,36,0,0.35994001,6000.0,19,0,0,0,3.0,0.2619945
0,0.002447381,82,0,0.335748792,12833.0,10,0,3,0,1.0,0.15721321
0,0.208142976,50,0,0.35942029,5519.0,10,0,1,0,2.0,0.17682523
0,0.026306722,60,0,5.183228743,14500.0,14,0,3,0,1.0,0.093995094
0,0.080737327,35,0,0.640871826,5000.0,6,0,2,0,0.0,0.23045953
0,0.085997676,77,0,0.248442486,6580.0,5,0,1,0,1.0,0.057518642
0,0.293603986,71,0,0.682526989,2500.0,10,0,2,0,1.0,0.2584589
0,0.115348867,49,0,0.404901762,4936.0,12,0,3,0,0.0,0.21559836
0,0.606824603,41,0,0.339461808,5982.0,9,0,0,0,3.0,0.4601614
1,0.915314538,44,0,0.350547731,3833.0,20,0,0,0,0.0,0.7445489
0,0.213419289,46,0,0.584961719,8750.0,19,0,2,0,1.0,0.2882689
1,0.06782785,52,0,0.269722814,1875.0,5,0,2,0,0.0,0.19009027
0,0.128606459,61,0,0.2546786,8602.0,7,0,1,0,0.0,0.07805344
0,0.0,59,0,0.223497824,10800.0,16,0,1,0,1.0,0.10059568
0,0.03125625,52,0,0.28314431,5113.0,16,0,1,0,0.0,0.12809831
0,0.829759769,61,0,0.47398746,5900.0,12,0,1,0,1.0,0.44097158
0,0.004570993,28,0,0.008594983,5700.0,4,0,0,0,0.0,0.071357846
0,0.403893404,39,0,0.419188464,19000.0,15,0,2,0,2.0,0.44259867
0,0.029065081,82,0,0.192480752,10000.0,10,0,1,0,0.0,0.05242696
0,0.269064109,29,0,1.293877551,734.0,5,0,0,0,0.0,0.15798193
0,0.326578228,66,0,0.129643555,13297.0,2,0,1,0,1.0,0.088424854
0,0.027799143,60,1,0.417937767,4916.0,9,0,2,0,0.0,0.30809194
0,0.785975781,64,0,0.204689245,2686.0,4,0,0,1,0.0,0.78690565
0,0.088747359,47,0,0.072473554,8885.0,9,0,0,0,1.0,0.14455849
0,0.177907824,45,1,2.435215947,300.0,5,0,0,0,0.0,0.20520428
1,0.703703704,52,0,0.03992016,500.0,2,0,0,0,0.0,0.6673299
0,0.0,23,0,0.0,1120.0,2,0,0,0,0.0,0.19251761
0,0.085851939,79,1,0.206523521,6100.0,32,0,0,0,0.0,0.3236794
0,0.894215464,40,0,0.421052632,9100.0,12,0,1,0,3.0,0.5865755
0,0.047296641,55,0,0.273197543,9278.0,19,0,1,0,3.0,0.090415746
0,0.093520243,58,0,0.218088817,4300.0,7,0,1,0,0.0,0.08059853
0,0.0,93,0,0.0,1900.0,2,0,0,0,0.0,0.030339757
0,0.272036835,35,1,0.84871745,10291.0,8,0,5,0,0.0,0.7644514
0,0.9999999,30,0,0.162524993,3500.0,2,0,0,0,2.0,0.5517477
0,0.06875725,38,0,0.323434561,7441.0,9,0,2,0,1.0,0.2772852
0,0.45376353,56,0,0.444104985,7200.0,15,0,2,0,2.0,0.2570764
0,0.412208536,64,1,0.438855561,6500.0,12,0,2,0,0.0,0.41372707
0,0.049774898,55,0,1.898101898,1000.0,11,0,1,0,0.0,0.14530276
0,0.087607546,73,0,0.449616971,5090.0,15,0,2,0,0.0,0.15249373
0,0.438157807,44,0,0.164690505,10710.0,15,0,0,0,2.0,0.30467847
0,0.70849528,25,0,0.176239182,2541.0,3,0,0,0,0.0,0.4794196
0,0.165723968,59,1,0.371630205,7084.0,12,0,1,1,2.0,0.6628618
0,0.434164728,59,0,0.507219548,2700.0,6,0,1,0,0.0,0.23498376
0,0.035976542,32,0,0.176974718,7000.0,16,0,0,0,0.0,0.18323001
0,0.0,37,0,0.0,5400.0,1,0,0,0,2.0,0.12640391
0,0.9999999,44,1,0.113290263,4333.0,1,1,0,0,2.0,0.88490355
1,0.714226203,28,2,0.197586727,1325.0,6,0,0,0,0.0,0.82653606
0,0.026505308,73,0,0.198739899,7300.0,15,0,1,0,0.0,0.08177006
0,0.079630531,52,0,0.51129774,5000.0,19,0,1,0,1.0,0.21717177
0,0.046846449,43,0,0.252815493,9500.0,8,0,2,0,4.0,0.06464952
0,0.554489102,52,0,0.301287208,2485.0,5,0,0,0,0.0,0.46813157
0,0.00434959,42,0,0.164285714,3219.0,6,0,0,0,2.0,0.09490746
0,0.000307164,93,0,0.150462384,4000.0,11,0,1,0,0.0,0.043424748
0,0.362733914,44,0,0.925522252,2201.0,5,0,1,0,1.0,0.24914841
0,0.029484324,45,0,0.31628062,6000.0,8,0,2,0,3.0,0.1065826
0,0.086659445,66,0,1.442778611,2000.0,9,1,2,1,0.0,0.8874385
0,0.034203177,48,0,0.359092068,3920.0,10,0,2,0,0.0,0.17022134
0,0.574850299,37,1,0.146864884,8340.0,7,0,0,1,2.0,0.7168569
0,0.004552182,64,0,0.331546153,6900.0,11,0,1,0,1.0,0.06049515
0,0.259772812,68,0,0.391440175,3200.0,7,0,1,0,0.0,0.13226864
0,0.9999999,55,0,0.223209328,1800.0,2,0,0,0,1.0,0.56959486
0,0.02059794,37,0,1.099955575,2250.0,6,0,1,0,0.0,0.11869198
0,0.422694884,65,0,0.492970822,7539.0,11,0,2,0,1.0,0.20671912
0,0.392633947,36,1,0.732021928,3100.0,7,0,2,0,3.0,0.52974653
0,0.019692206,61,0,0.0822,9999.0,6,0,1,0,2.0,0.05338601
0,0.053204815,79,0,0.320541761,3100.0,8,0,1,0,0.0,0.09219518
0,0.066762272,54,0,0.41813136,7566.0,10,0,2,0,1.0,0.17579503
0,0.9999999,48,0,0.15547613,3916.0,4,0,0,0,2.0,0.5178139
0,0.005924455,38,0,0.356656065,2200.0,6,0,1,0,0.0,0.0731226
0,0.296978117,49,0,0.581640058,8267.0,16,0,4,0,3.0,0.4932029
0,0.0,74,0,0.12201068,8613.0,7,0,1,0,0.0,0.08338815
0,0.038480727,30,0,0.095396792,4800.0,12,0,0,0,0.0,0.091317706
0,0.077818517,80,0,0.174872066,5666.0,9,0,0,0,0.0,0.10026565
0,0.316657871,57,0,0.614069691,6083.0,6,0,1,0,4.0,0.23863868
0,0.9999999,47,2,0.337451235,3075.0,3,0,1,2,0.0,0.87216914
0,0.91559307,29,1,0.949871465,4667.0,6,0,2,2,1.0,0.9465831
0,0.033672115,85,0,0.005418185,10150.0,6,0,0,0,1.0,0.016372964
0,0.512379933,59,0,0.449341968,9573.0,18,0,2,0,1.0,0.34737042
1,0.668308581,46,0,0.49310138,5000.0,5,0,1,0,0.0,0.46125224
0,0.736842105,29,2,0.031653478,2400.0,5,0,0,1,1.0,0.8764445
0,0.0,22,0,0.0,820.0,3,0,0,0,0.0,0.05610451
0,0.161289374,49,0,0.613996957,4600.0,9,0,2,0,4.0,0.2848133
0,0.391690208,60,0,0.476960253,12000.0,9,0,2,0,1.0,0.15053432
0,0.081574085,60,0,0.340568202,11333.0,17,0,1,0,1.0,0.12356683
0,0.157873066,44,0,0.592198582,2255.0,9,0,2,0,2.0,0.2459058
0,0.0,36,0,0.401021995,4500.0,12,0,2,0,2.0,0.16114128
0,0.124995833,35,0,0.343432813,6600.0,4,0,2,0,0.0,0.17206919
0,0.127804775,52,0,0.339207599,8000.0,16,0,2,0,1.0,0.20488812
0,0.049864487,33,0,0.391576053,8000.0,17,0,2,0,3.0,0.34019643
0,0.009495252,56,0,0.055031668,7104.0,2,0,0,0,1.0,0.07197449
0,0.363587416,42,0,0.307935208,17100.0,11,0,2,0,2.0,0.28130522
0,0.31018099,44,0,0.225086102,9000.0,13,0,1,0,2.0,0.18362753
0,0.008300864,38,0,0.184721019,15000.0,6,0,1,0,3.0,0.028006144
0,0.087020042,53,0,0.209129512,5651.0,11,0,1,0,2.0,0.104822285
0,0.161908583,40,1,0.297881795,6750.0,6,0,1,0,3.0,0.3110877
0,0.173385824,43,0,0.305897602,10800.0,12,0,2,0,1.0,0.18832713
0,0.037105063,38,0,0.360727854,5000.0,12,0,1,1,0.0,0.52027
0,0.010839566,60,0,0.874612042,1610.0,7,0,1,0,0.0,0.11114956
0,0.402559744,43,0,0.407755582,3403.0,3,0,1,0,0.0,0.19181576
0,0.449005923,34,0,0.288760551,2250.0,7,0,0,0,2.0,0.37449828
1,1.074641786,29,2,0.122696289,3960.0,8,0,0,1,0.0,0.92356753
0,0.135878513,49,0,0.35851677,14400.0,15,0,2,0,0.0,0.23095137
0,3.875122911,32,3,0.907618476,5000.0,12,1,2,2,2.0,0.9795681
0,0.9999999,28,0,0.189873418,1500.0,1,0,0,0,0.0,0.6431597
0,0.035135831,41,0,0.380711302,7900.0,9,0,2,0,1.0,0.18478933
0,0.0,36,1,0.53852419,6138.0,9,0,1,0,2.0,0.3454538
0,0.501166641,55,1,0.486843485,9538.0,17,0,2,0,0.0,0.531067
1,0.9999999,40,0,0.234153169,5000.0,4,0,0,0,0.0,0.4814393
1,0.377623144,44,1,0.185881219,8300.0,5,0,1,0,2.0,0.37147743
0,0.295291832,53,0,0.67017258,13500.0,18,0,3,0,0.0,0.49340793
0,0.069833884,56,0,0.256097561,5083.0,9,0,1,0,3.0,0.1570689
0,0.0,63,0,0.360309278,3879.0,6,0,1,0,0.0,0.11810725
0,0.001759965,46,0,0.214688239,5500.0,5,0,1,0,2.0,0.04543936
0,0.450424929,53,1,0.231176556,13785.0,17,0,2,0,0.0,0.373515
0,0.541856056,57,0,0.446539777,11400.0,9,0,2,0,3.0,0.23872314
0,0.005629926,73,0,0.001614639,5573.0,3,0,0,0,0.0,0.012865497
0,0.700557148,56,0,0.283218889,8300.0,6,0,1,0,2.0,0.29751366
0,0.138031788,35,1,0.368610511,8333.0,10,0,2,0,0.0,0.44873327
0,0.098990101,34,0,0.389995368,2158.0,8,0,0,0,0.0,0.17557853
0,0.494100097,51,0,1575.0,0.0,4,0,0,0,0.0,0.16704
0,0.018423396,42,0,0.000359809,22233.0,2,0,0,0,0.0,0.046403743
0,0.028059786,69,0,0.46529563,6223.0,18,0,2,0,0.0,0.100279234
0,0.089130124,66,1,0.004781569,4600.0,8,0,0,0,0.0,0.22791088
0,0.04864909,42,0,0.253099174,4839.0,4,0,1,0,3.0,0.08560846
0,0.0,59,0,0.409656733,2650.0,6,0,1,0,0.0,0.11983531
0,0.9999999,22,0,965.0,0.0,1,0,0,0,0.0,0.11185851
0,0.616566011,49,0,1.210438645,1800.0,13,0,2,0,0.0,0.6240781
0,0.345956755,29,0,0.229070288,6700.0,5,0,1,0,0.0,0.08014747
0,0.451741393,53,0,0.398375254,6400.0,10,0,1,0,2.0,0.27820644
0,0.381245579,55,0,0.412734769,6548.0,10,0,1,0,0.0,0.15786773
0,0.002279909,73,0,3.593683194,14500.0,26,0,23,0,0.0,0.19325238
0,0.00172229,52,0,0.364746946,4583.0,10,0,0,0,1.0,0.064192325
0,0.168891893,53,0,0.440837937,4343.0,7,0,1,0,2.0,0.20826952
0,0.9999999,40,0,0.0,4000.0,1,0,0,0,1.0,0.58287674
0,0.0408106,53,0,0.330929437,16084.0,14,0,2,0,2.0,0.13018237
0,0.9999999,41,0,0.0,6102.0,0,0,0,0,1.0,0.7310167
0,0.170665445,38,1,0.155162469,5200.0,10,0,0,0,0.0,0.40977988
0,0.097419335,53,0,0.333729964,14286.0,10,0,3,0,2.0,0.22098807
0,0.0,26,0,0.0,1.0,3,0,0,0,0.0,0.19810995
0,0.533817699,65,0,0.219239968,3762.0,6,0,0,0,2.0,0.35259402
0,0.743089616,46,0,0.679414542,4235.0,10,0,2,0,1.0,0.6627415
0,0.489885462,42,3,0.578487101,6860.0,12,0,2,0,1.0,0.7094736
1,0.9999999,42,0,0.132915138,8448.0,2,1,0,1,2.0,0.90540576
0,0.9999999,38,1,0.063860668,6200.0,2,0,0,0,1.0,0.7278454
0,0.0370214,55,0,0.440164193,3166.0,7,0,1,0,2.0,0.136139
0,0.040743034,67,0,0.569620253,1500.0,8,0,1,0,0.0,0.10048165
0,0.0,59,0,0.552684593,11416.0,14,0,5,0,0.0,0.37351573
0,0.0,40,0,0.605544445,14500.0,13,0,6,0,3.0,0.5126229
0,0.0,35,0,0.0,334.0,3,0,0,0,0.0,0.15145683
0,0.292193108,58,0,0.230043048,13240.0,7,0,2,0,0.0,0.05255571
0,0.081796728,77,0,0.528745209,6000.0,4,0,2,0,0.0,0.10772762
0,0.687921496,62,0,0.465639631,6620.0,7,0,2,0,0.0,0.30404624
0,0.10775569,63,0,0.012654223,6321.0,1,0,0,0,0.0,0.10606054
0,0.251517672,49,1,1.657791944,32000.0,12,0,0,0,5.0,0.1580145
0,0.608353281,58,0,0.442141202,8200.0,12,0,2,0,1.0,0.2608174
0,0.0,38,0,0.197560488,5000.0,3,0,0,0,4.0,0.21493354
0,0.008259565,80,0,1.286501377,362.0,12,0,0,0,0.0,0.064719975
0,0.609047209,65,0,0.788092613,4534.0,12,1,0,0,0.0,0.77032435
0,0.171097043,51,0,0.192931991,14600.0,7,0,2,0,3.0,0.10674135
0,0.464578313,70,0,0.140728244,21338.0,11,0,1,0,1.0,0.10384726
0,0.175573517,68,0,0.484251969,5333.0,11,0,1,0,0.0,0.08737592
0,0.267027426,51,0,0.352730528,3350.0,9,0,0,0,0.0,0.23518793
0,0.133693994,55,0,0.139332514,9767.0,6,0,1,0,2.0,0.107772306
0,0.061197552,47,0,0.37947494,3770.0,6,0,2,0,0.0,0.14347765
0,0.180786493,47,0,0.839664134,2500.0,6,0,1,0,3.0,0.19849099
0,0.171566007,47,0,0.314498849,12600.0,14,0,3,0,2.0,0.2238139
0,0.402445249,53,0,0.22516416,9441.0,13,0,0,0,1.0,0.24853182
0,0.800807588,63,0,0.348757498,3500.0,8,0,0,0,0.0,0.47586527
0,0.162761637,25,0,0.136911281,1825.0,3,0,0,0,0.0,0.19154762
0,0.094813059,72,0,0.232323232,9800.0,5,0,1,0,1.0,0.06462819
0,0.036963343,52,0,0.117451772,11144.0,9,0,0,0,2.0,0.122610636
0,0.89272345,47,0,0.439276486,8900.0,11,0,2,0,2.0,0.49081734
0,0.697823984,52,0,0.884647075,7281.0,21,0,2,0,1.0,0.6644992
0,0.71314741,63,1,0.145588874,2300.0,3,0,0,0,0.0,0.5598065
0,0.130554139,62,0,0.273026316,4255.0,13,0,0,0,0.0,0.12650417
0,0.267014191,65,0,0.314758032,7500.0,8,0,1,0,1.0,0.071937524
0,0.317778054,49,0,0.516717325,3289.0,9,1,1,0,2.0,0.7719548
0,0.000484317,63,0,0.269331931,1900.0,11,0,1,0,0.0,0.16777657
0,0.745564404,58,1,0.814382499,12250.0,15,0,4,0,0.0,0.69890803
0,0.154487027,66,0,0.386956522,1839.0,5,0,0,0,0.0,0.1351248
0,0.610978023,79,0,0.440889778,4000.0,6,0,1,0,0.0,0.21942924
0,0.325144688,53,0,0.282747719,13916.0,7,0,1,0,3.0,0.12606424
0,0.311268873,47,0,0.351045595,5833.0,6,0,2,0,1.0,0.2743163
0,0.151998123,52,0,0.113312693,3229.0,11,0,0,0,0.0,0.28425327
0,0.107509088,39,0,0.244783516,7667.0,14,0,2,0,0.0,0.16391465
0,0.054574058,60,0,0.351738241,4400.0,11,0,1,0,0.0,0.120278366
0,0.093030741,52,0,0.127055788,3100.0,8,0,0,0,2.0,0.2249984
0,0.021405414,67,0,0.614580129,3250.0,14,0,1,0,2.0,0.15321617
0,0.0,71,0,0.0,900.0,1,0,0,0,0.0,0.033694975
0,0.520929591,50,0,0.223510596,2500.0,6,0,0,0,1.0,0.42925718
0,0.0,29,0,0.802003817,4191.0,5,0,0,1,2.0,0.635097
0,0.647584114,64,2,0.822658275,2700.0,9,0,2,0,0.0,0.73520184
0,0.086026114,72,0,0.42927389,6100.0,12,0,2,0,0.0,0.11382899
0,0.309954812,56,0,0.450438717,14587.0,23,0,2,0,1.0,0.24072404
0,0.418913525,43,0,0.970563732,3600.0,7,0,1,0,0.0,0.30520642
0,0.255914153,64,0,0.272727273,1000.0,4,0,1,0,0.0,0.10279852
0,0.064811055,53,1,1.219945014,4000.0,17,0,2,0,0.0,0.5955855
0,0.013023054,92,1,0.049497525,6666.0,7,0,0,0,0.0,0.10318798
0,0.309011516,32,0,0.133111155,5100.0,7,0,0,0,1.0,0.29872712
0,0.230117992,54,0,0.318434078,6666.0,5,0,1,0,2.0,0.14709203
0,0.054578908,79,0,0.106361705,8000.0,5,0,1,0,0.0,0.03912739
1,0.0,33,0,0.078867381,6250.0,3,1,0,0,3.0,0.9278815
0,0.019345782,63,0,0.445763627,1852.0,6,0,1,0,0.0,0.09718143
0,0.021191566,63,0,0.575489407,11186.0,20,0,6,0,0.0,0.3671323
0,0.171955606,78,0,0.166547636,7000.0,8,0,0,0,1.0,0.15697454
0,0.002008114,65,0,0.269137303,6583.0,10,0,1,0,2.0,0.07632955
1,0.99640036,47,3,0.380861914,10000.0,5,5,1,4,4.0,0.9860934
0,0.11227237,54,0,0.318268173,10000.0,12,0,2,0,0.0,0.09659524
0,0.624252356,63,0,0.46245718,10800.0,11,0,2,0,0.0,0.2726721
0,0.003466248,67,0,0.303787733,5200.0,7,0,1,0,0.0,0.042000066
0,0.009397342,58,0,0.363167887,3686.0,15,0,1,0,0.0,0.1444423
0,1.011653259,53,0,0.12471882,4000.0,4,0,0,0,1.0,0.7099907
0,0.15493755,45,0,0.495078873,7416.0,4,0,1,0,0.0,0.163561
0,0.056242353,33,0,0.177528988,2500.0,5,0,0,0,0.0,0.10773701
0,0.033046832,57,0,0.352095986,6750.0,12,0,1,0,0.0,0.07919381
0,0.111296626,37,0,0.348982786,5750.0,7,0,2,0,2.0,0.11248197
0,0.465362261,31,0,0.846932321,1580.0,11,0,0,0,0.0,0.5588722
0,0.826243365,70,0,0.95334111,6000.0,21,0,2,0,2.0,0.5468595
0,0.171089654,51,0,0.661239749,8291.0,14,0,2,0,1.0,0.25483534
0,0.9999999,70,0,0.185541278,10816.0,1,0,1,0,0.0,0.17154074
0,0.233076692,78,1,0.388261433,5400.0,10,0,1,0,4.0,0.38930923
0,0.005071968,37,0,0.191961925,20800.0,11,0,1,0,2.0,0.071254544
0,0.018713617,76,0,0.038838017,3166.0,3,0,1,0,0.0,0.03335516
0,0.596403596,35,1,0.204999302,7160.0,6,0,0,1,3.0,0.7884814
0,0.350443926,41,0,0.4679594,6600.0,9,0,1,0,0.0,0.27237388
0,0.001061731,90,0,0.000753958,7957.0,14,0,0,0,0.0,0.28058243
0,0.086460416,27,0,1.055530875,2250.0,7,0,2,0,0.0,0.44566852
0,0.9999999,43,0,0.155212101,3040.0,1,0,0,0,7.0,0.60646915
0,0.404259411,47,0,0.450497254,6736.0,6,0,2,0,2.0,0.15416762
0,0.028667158,66,0,0.328529259,5758.0,9,0,1,0,0.0,0.10824125
0,0.019498101,58,0,0.577829278,7766.0,15,0,2,0,2.0,0.1335633
0,0.737130515,55,1,0.394058164,12756.0,6,0,2,0,4.0,0.4308946
0,0.934306569,50,0,0.446170327,5600.0,12,0,1,0,2.0,0.5612886
0,0.764284426,52,1,0.515243902,4919.0,14,0,1,1,0.0,0.86935705
0,0.200032727,47,0,0.11621529,5833.0,15,0,0,0,1.0,0.22632301
0,0.826069572,26,0,0.144995323,3206.0,3,1,0,0,0.0,0.6970689
0,0.0,52,1,0.286716671,8265.0,8,0,1,0,2.0,0.32924038
0,0.0,63,0,0.667501445,5190.0,15,0,2,0,0.0,0.17455527
0,0.431243448,72,0,3210.0,0.0,11,0,1,0,0.0,0.08580678
1,0.141997264,53,0,0.172322093,9400.0,11,1,2,0,1.0,0.6593674
0,0.842385167,57,0,0.3115938,18000.0,8,0,3,0,3.0,0.294285
1,0.9999999,30,0,0.158273381,2779.0,1,0,0,0,1.0,0.6921168
0,0.304144488,66,0,0.456640214,10458.0,12,0,2,0,2.0,0.15595202
0,0.0,90,0,0.0,6601.0,6,0,0,0,0.0,0.030273808
0,0.966912099,47,0,0.711800522,3448.0,11,0,1,0,2.0,0.66550714
0,0.293848654,51,0,0.660267946,5000.0,12,0,1,0,0.0,0.2652237
0,0.321276535,48,0,1.092236741,1300.0,12,0,0,0,1.0,0.42616236
0,0.617454825,36,1,0.185226326,3600.0,6,0,0,1,0.0,0.7841707
1,0.945346698,55,4,1.608956417,2500.0,17,0,1,6,1.0,0.95764095
0,0.065421016,56,1,0.238432226,1836.0,9,0,0,0,0.0,0.48893186
0,0.115116296,52,0,0.14979209,10340.0,9,0,1,0,2.0,0.16203499
0,0.362942902,44,0,0.443978603,6916.0,10,0,1,0,3.0,0.1782039
0,0.096829477,36,0,0.19957339,7500.0,3,0,1,0,5.0,0.09259785
0,0.090613886,45,0,0.254485202,8750.0,7,0,3,0,4.0,0.10052493
0,0.093758392,26,0,0.044032357,13103.0,13,0,0,0,0.0,0.10599015
0,0.029850746,32,1,0.55910337,6200.0,4,5,1,2,2.0,0.973244
0,0.805812338,26,0,0.292048193,2074.0,7,0,0,0,1.0,0.65534425
0,0.9999999,68,0,0.096405618,4200.0,1,0,0,0,0.0,0.24915138
1,0.9999999,48,1,0.807192807,1000.0,3,0,1,0,2.0,0.7103125
0,0.783325451,41,7,0.647143313,6265.0,13,0,1,0,2.0,0.8712981
0,0.010874806,73,0,2.821505376,929.0,14,0,2,0,0.0,0.06637263
0,0.047676186,43,0,0.002164209,7392.0,3,0,0,0,0.0,0.07978609
0,0.191559375,69,0,0.079731028,3122.0,13,2,1,0,0.0,0.75134975
0,0.069862673,52,0,0.24256312,12000.0,10,0,1,0,1.0,0.12928014
0,0.071459706,55,0,0.009221198,9000.0,3,0,0,0,0.0,0.11870144
0,0.287456825,53,0,0.203982262,11500.0,12,0,1,0,3.0,0.098956704
1,0.562254343,37,0,0.509432704,15000.0,20,0,5,0,2.0,0.7488025
0,0.124257342,40,0,0.573303337,8000.0,12,0,3,0,3.0,0.35717818
0,0.018065186,77,0,0.382069543,2386.0,5,0,0,0,0.0,0.08662101
0,0.458988619,47,0,0.296560459,15001.0,20,0,2,0,2.0,0.32029405
0,0.123872895,51,0,0.522079653,6000.0,9,0,1,0,2.0,0.17745776
0,0.142659461,54,0,0.900549725,2000.0,10,0,1,0,0.0,0.2069992
0,0.016568889,38,0,0.323345523,8476.0,9,0,2,0,3.0,0.12390477
0,0.0,49,0,0.15350997,7321.0,8,0,2,0,1.0,0.10691765
0,0.786172232,50,0,0.635830445,3750.0,8,0,0,0,2.0,0.5357922
0,0.091610193,42,0,0.256582894,15000.0,17,0,2,0,3.0,0.13231505
0,0.043924299,71,0,0.178601166,2401.0,3,0,0,0,0.0,0.07640481
1,1.004133058,53,1,0.388345196,4495.0,8,0,1,0,0.0,0.7975183
0,0.893501413,30,0,0.280378748,1900.0,4,0,0,0,0.0,0.52882296
0,0.201665781,66,1,0.674497622,10300.0,13,0,7,0,0.0,0.43601674
0,0.568140369,36,0,0.037427375,7400.0,6,0,0,0,1.0,0.44156206
0,0.261922774,59,0,0.900544569,3488.0,11,0,2,0,0.0,0.24996251
0,0.749133564,50,2,0.432119554,4750.0,17,0,1,0,0.0,0.8219253
0,0.068487001,33,0,0.015673981,3189.0,5,0,0,0,0.0,0.14374052
0,0.160418657,45,3,0.392627663,8870.0,16,0,1,0,1.0,0.6709083
0,0.10739323,58,0,0.390521896,5000.0,11,0,2,0,0.0,0.14715882
0,0.081082499,41,0,0.968917161,6916.0,13,0,3,0,2.0,0.36023358
0,0.68107973,48,2,0.504033672,2850.0,9,0,1,1,3.0,0.8536258
0,0.110751908,48,1,0.449061215,9000.0,15,0,3,0,2.0,0.36815763
0,0.002216381,44,0,0.181853133,2600.0,8,0,0,0,0.0,0.09009479
0,0.125473787,52,0,0.585416308,5800.0,13,0,1,0,3.0,0.19973333
0,0.065102534,60,0,0.006313258,9978.0,6,0,0,0,0.0,0.117145576
0,0.937212557,29,0,0.22287258,2220.0,2,0,0,0,0.0,0.5040911
0,0.938369781,32,1,0.191269577,3000.0,7,0,0,0,0.0,0.72397
0,0.039631787,53,0,0.210973628,8000.0,8,0,1,0,0.0,0.069202855
0,0.929639796,54,0,0.689596747,2950.0,7,0,2,0,3.0,0.5093122
0,0.016132975,44,0,0.047807504,6316.0,3,0,0,0,2.0,0.12854536
0,0.400750298,37,0,0.23100304,8224.0,13,0,0,0,1.0,0.26496196
0,0.127717513,56,0,0.389902524,4000.0,5,0,1,0,2.0,0.12894116
0,0.787026622,45,2,0.089183335,7848.0,6,1,0,1,1.0,0.93203616
0,0.041340743,37,0,0.233223322,1817.0,6,0,0,0,0.0,0.11880738
0,0.013165935,67,0,0.332218506,4484.0,7,0,2,0,0.0,0.086611785
0,0.291844649,68,1,0.445793458,7000.0,9,0,2,0,1.0,0.33151248
0,0.347921078,42,0,0.373740482,13000.0,11,0,2,0,2.0,0.29851845
0,0.0,33,0,0.097067398,5830.0,4,0,0,0,0.0,0.17990182
0,0.025336432,77,1,0.016005122,1561.0,4,0,0,0,0.0,0.06825214
1,0.484648087,69,4,0.021958243,8333.0,7,3,1,1,0.0,0.88383436
0,0.018615041,56,0,0.621206712,2800.0,13,0,1,0,1.0,0.15813865
0,0.0,48,0,0.195667698,4200.0,6,0,1,0,2.0,0.08270579
0,0.041289345,51,1,0.172261106,7000.0,12,0,1,0,0.0,0.28430876
0,0.095034133,51,0,0.608832507,10483.0,22,0,2,0,1.0,0.29970372
0,0.03009752,57,0,0.117600631,3800.0,4,0,0,0,2.0,0.0702102
0,0.052998738,53,2,0.829034193,3333.0,15,0,2,0,0.0,0.6135029
0,0.129057068,78,0,0.012652508,2212.0,2,0,0,0,0.0,0.08424083
0,0.058665574,61,1,0.070956297,6200.0,20,0,0,1,0.0,0.84841686
0,0.009278799,59,1,2066.0,0.0,6,0,1,0,0.0,0.15849617
0,0.0191869,80,0,0.004169562,4316.0,3,0,0,0,0.0,0.012155035
0,0.199870003,53,0,0.28102305,6333.0,8,0,1,0,2.0,0.14576565
0,0.665333524,30,1,0.399720056,5000.0,7,0,1,1,0.0,0.80499744
0,0.110923834,50,0,0.639222176,4833.0,21,1,1,0,0.0,0.56073743
0,0.051162307,68,0,1.004144891,5548.0,15,0,3,0,0.0,0.32187077
1,0.143781241,38,4,0.311217184,4189.0,7,0,0,2,3.0,0.9304551
0,0.815087397,64,0,0.540803459,5550.0,4,0,1,0,1.0,0.3169787
0,0.014057338,92,0,0.146715139,3850.0,5,0,1,0,0.0,0.010688548
0,0.9999999,62,0,0.000206968,14494.0,3,0,0,0,0.0,0.343625
0,0.006009247,69,0,0.169694409,7100.0,18,0,1,0,0.0,0.07026464
0,0.0,83,0,0.004559635,8333.0,6,0,0,0,0.0,0.059084225
0,0.25932784,53,2,0.12363359,11800.0,8,0,1,0,3.0,0.32714808
0,0.3959901,58,0,0.277340332,5714.0,10,0,1,0,0.0,0.21676259
0,0.624082563,39,0,0.962740764,6333.0,15,0,7,0,3.0,0.8689727
0,0.244609675,62,0,0.779376499,1250.0,14,0,1,0,0.0,0.23449792
0,0.151372971,63,0,0.249038609,6500.0,7,0,2,0,0.0,0.10215657
0,0.9999999,31,1,0.162653339,2200.0,2,0,0,0,0.0,0.7089325
0,0.19047619,49,0,0.11447679,5083.0,17,0,0,0,0.0,0.2363027
0,0.9999999,23,0,0.0,1000.0,1,0,0,0,0.0,0.469174
0,0.522838173,35,0,0.286992954,5250.0,6,0,2,0,0.0,0.30011684
0,0.072853221,36,0,0.016286645,7367.0,2,0,0,0,0.0,0.090020165
0,0.46200371,66,0,0.078643643,11176.0,14,0,0,1,0.0,0.40382406
0,0.124171276,69,0,0.062420835,45000.0,9,0,3,0,1.0,0.032413837
0,0.027206985,68,0,0.082159624,851.0,9,0,0,0,0.0,0.10331878
0,0.543772649,52,0,0.487328528,4300.0,8,0,1,0,3.0,0.3792758
0,0.010024406,49,0,0.330392589,6800.0,12,0,1,0,0.0,0.09160642
0,0.096221621,77,0,35.0,0.0,2,0,0,0,0.0,0.034602873
0,0.233794825,35,0,1.149603585,2900.0,16,0,1,0,1.0,0.439069
0,0.012880128,60,0,0.264147171,5000.0,6,0,1,0,2.0,0.08190512
0,0.0,46,2,0.454354117,3800.0,13,0,1,0,0.0,0.45987514
0,0.733202939,50,0,0.481814855,13664.0,17,0,3,0,2.0,0.5091405
0,0.004120713,44,0,0.891656063,5500.0,4,0,2,0,3.0,0.13491033
0,0.31711697,47,0,0.321613064,6000.0,8,0,1,0,3.0,0.26021704
0,0.499648919,54,0,0.353092415,7000.0,12,0,1,0,1.0,0.29368618
0,0.226774186,45,0,0.493930636,10379.0,16,0,4,0,3.0,0.3486298
0,0.069870578,63,0,0.165798792,4800.0,16,0,1,0,0.0,0.11232871
0,0.282912196,40,0,0.233925217,16500.0,6,0,2,0,2.0,0.119748384
0,0.177136177,60,0,1960.0,0.0,6,0,1,0,2.0,0.07494908
0,0.033787743,59,0,0.168846266,3440.0,4,0,1,0,0.0,0.063368015
0,0.008823241,61,0,0.555123217,3083.0,8,0,2,0,0.0,0.13675773
0,0.33149408,74,0,1.545734051,1300.0,14,0,2,0,0.0,0.43600145
0,0.010396802,61,0,0.0029521,10500.0,20,0,0,0,0.0,0.094223514
0,0.018448897,53,0,0.215361818,12146.0,4,0,1,0,2.0,0.043738253
0,0.052717202,56,0,0.525618595,4000.0,13,0,1,0,2.0,0.1348553
0,0.23347533,36,0,0.223477652,10000.0,7,0,1,0,0.0,0.15595244
0,0.023488256,44,0,0.359567777,12400.0,10,0,3,1,3.0,0.40303704
1,0.833986997,45,3,0.904773807,4000.0,14,1,1,1,1.0,0.9523719
0,0.519660329,64,0,0.696293344,2508.0,9,0,1,0,0.0,0.34051293
1,1.114471382,29,2,0.06333716,5225.0,4,1,0,1,0.0,0.948448
0,0.006119884,29,0,0.146670666,3333.0,5,0,0,0,0.0,0.0481222
0,0.355982783,55,0,0.30696163,8000.0,13,0,1,0,2.0,0.15056893
0,0.032560638,58,0,0.269053118,6061.0,5,0,1,0,2.0,0.062804274
0,0.055800789,52,0,0.319902229,13500.0,13,0,1,0,1.0,0.08742782
1,0.30597719,55,0,0.728305148,8100.0,15,0,4,0,0.0,0.54708993
0,0.1520058,79,0,0.670342562,4261.0,28,0,2,0,0.0,0.13342316
0,0.065409958,84,0,0.169827753,10333.0,26,0,1,0,0.0,0.058890328
0,1.000333317,60,0,0.463894262,3101.0,2,0,1,0,0.0,0.35952422
0,0.328830046,37,0,0.005999,6000.0,5,0,0,0,0.0,0.24688904
0,0.975251031,49,1,0.235378646,13917.0,10,0,2,0,3.0,0.68438405
0,0.0,62,0,0.749204907,2200.0,14,0,1,0,0.0,0.19610454
1,1.31281198,29,0,0.271469741,1734.0,3,0,0,2,0.0,0.90719104
1,0.477849696,46,0,0.131132817,8906.0,16,0,0,0,2.0,0.4488379
0,0.406372908,49,0,0.357757992,6850.0,5,0,1,0,0.0,0.13989536
0,0.206981184,43,0,0.303341902,3500.0,7,0,2,0,2.0,0.13735078
0,0.1139943,64,0,0.440232801,6700.0,5,0,1,0,0.0,0.053292524
0,0.650182408,40,0,0.390921816,5000.0,5,0,1,0,2.0,0.39456198
0,0.109403716,49,0,0.265730734,9900.0,14,0,2,0,0.0,0.13834703
0,0.0,77,0,0.0,0.0,3,0,0,0,0.0,0.05398174
0,1.000109087,61,0,0.424572317,4500.0,7,0,2,0,0.0,0.33950725
0,0.965087282,32,0,0.003547243,3100.0,3,0,0,0,0.0,0.6400056
0,0.031064596,36,0,0.002363207,5500.0,4,0,0,0,0.0,0.062279765
0,0.505164011,74,0,0.529810782,2800.0,7,0,1,0,0.0,0.2753245
1,0.968763418,53,0,0.735305878,2500.0,14,0,2,0,1.0,0.767307
0,0.964711072,24,0,0.184915947,2200.0,6,0,0,0,1.0,0.67604977
0,0.147151138,61,0,0.693653173,2000.0,9,0,1,0,0.0,0.16068558
0,0.038807676,30,0,0.01301944,5606.0,4,0,0,0,0.0,0.053203274
0,0.897797438,31,0,0.311910883,3500.0,6,0,0,0,0.0,0.5082281
0,0.097144054,41,0,0.328846812,8766.0,13,0,1,0,2.0,0.10982598
0,0.000132625,41,0,0.429550908,5833.0,10,0,1,0,2.0,0.12937187
0,0.0,37,0,0.0,1863.0,1,0,0,0,2.0,0.1578846
0,0.0,26,0,0.085082873,5429.0,7,0,0,0,0.0,0.22533125
0,0.053397921,33,0,0.538306452,2975.0,7,0,1,0,0.0,0.19178015
0,0.377161327,49,0,0.372260438,6250.0,15,0,1,0,1.0,0.31956547
0,0.069941883,52,0,0.1759223,12766.0,8,0,1,0,3.0,0.04546461
0,0.399293286,34,0,0.372061605,3700.0,5,0,0,0,0.0,0.22630465
0,1.255602665,25,2,0.12514994,2500.0,6,1,0,0,2.0,0.9611127
0,0.9999999,40,0,0.393569845,901.0,1,0,0,0,2.0,0.6404872
0,0.9999999,44,0,0.734273956,1700.0,4,0,1,0,4.0,0.45727363
0,0.571331662,45,0,0.652986538,7650.0,20,0,2,0,5.0,0.44118765
1,0.025892469,38,0,74.5,1.0,13,0,0,0,2.0,0.3364143
0,0.014752607,48,0,0.216602721,5733.0,9,0,0,0,3.0,0.09630966
0,0.063092552,46,0,0.416486681,8333.0,17,0,2,0,2.0,0.21314184
1,0.864135864,26,1,0.130623126,3000.0,6,0,0,2,2.0,0.9379738
0,0.9999999,44,0,0.555582004,4200.0,6,0,2,0,0.0,0.5673802
0,0.999307958,46,0,0.574411373,2250.0,4,0,0,0,3.0,0.6363664
0,0.236138193,39,0,0.236637992,7090.0,4,0,1,0,1.0,0.14446335
0,0.402347245,69,0,0.11093854,4506.0,9,0,1,0,0.0,0.11532843
1,1.020395921,61,0,0.166568838,15332.0,6,2,1,2,1.0,0.9081219
0,0.013169856,46,0,0.307642696,3100.0,5,0,1,0,0.0,0.084771916
0,0.210533525,60,0,3.245754246,1000.0,12,0,2,0,2.0,0.26855302
0,0.850498086,35,0,0.93697004,3537.0,17,0,1,0,3.0,0.7376184
0,0.025725154,76,0,0.167493201,6250.0,9,0,1,0,0.0,0.05539031
0,0.404207276,46,0,0.432111288,6900.0,8,0,1,0,2.0,0.16542172
0,0.365948566,55,0,22.35294118,50.0,3,0,0,0,2.0,0.12967439
1,0.9920016,45,0,0.280799765,3400.0,7,0,0,0,0.0,0.59924966
0,0.03915408,79,2,0.016396721,5000.0,13,0,0,0,0.0,0.21907556
0,0.230230791,44,0,0.738130935,2000.0,5,0,1,0,5.0,0.16685899
0,0.020552754,73,0,0.019196161,1666.0,11,0,0,0,0.0,0.0639754
0,0.97293309,53,0,4.241758242,1000.0,9,0,2,1,3.0,0.8296013
0,0.115366098,87,0,0.180136644,6000.0,6,0,1,0,0.0,0.086093046
0,0.582197011,53,1,0.898000816,2450.0,5,0,1,0,0.0,0.56389695
0,0.027304329,86,0,0.00742751,7000.0,4,0,0,0,0.0,0.050583854
0,0.9999999,58,0,0.120584756,11833.0,4,0,1,0,1.0,0.18402825
0,0.649783406,27,0,0.106493506,3849.0,5,0,1,0,1.0,0.28140754
0,0.002736503,77,0,0.000653595,4589.0,5,0,0,0,0.0,0.010172677
0,0.183964644,66,0,0.455742502,2733.0,11,0,1,0,1.0,0.20440757
0,0.273886306,45,0,0.104402999,5200.0,3,0,0,0,3.0,0.2164286
0,0.352960856,57,0,0.231824025,7000.0,9,0,1,0,0.0,0.19719346
0,0.115213044,33,0,0.29387298,6250.0,2,0,1,0,0.0,0.15315722
0,0.453777685,42,0,0.45947505,10400.0,8,0,2,0,2.0,0.17229983
0,0.000154409,64,0,0.246323962,8500.0,15,0,2,0,0.0,0.14508949
0,0.9999999,63,0,0.302292076,7634.0,5,0,1,0,0.0,0.28264275
0,0.991152514,60,0,0.789339698,6284.0,7,0,2,0,3.0,0.51449776
0,0.300058217,61,0,0.248343292,9204.0,15,0,1,0,0.0,0.19542651
1,0.85618493,39,0,0.357607065,6000.0,4,0,2,0,0.0,0.4657511
0,0.985244151,33,1,0.418037909,4800.0,12,0,0,0,1.0,0.8492504
0,0.054253011,39,0,0.00684438,5551.0,3,0,0,0,2.0,0.10132819
0,0.065441855,67,0,0.02590799,4129.0,6,0,0,0,0.0,0.06768622
0,0.061431286,52,0,0.573381756,4680.0,10,0,4,0,0.0,0.31230783
0,0.104589541,63,0,0.225939776,5080.0,6,0,1,0,0.0,0.08919092
0,0.06876704,24,0,0.003426613,1750.0,2,0,0,0,0.0,0.38315487
0,0.0,26,0,0.0,2300.0,2,0,0,0,0.0,0.3123486
0,0.0,50,0,0.087300403,6700.0,2,0,0,0,0.0,0.24057451
0,0.213742181,54,0,0.323039325,4500.0,8,0,2,0,2.0,0.14065515
0,0.9999999,70,0,0.01721266,1800.0,3,0,0,0,0.0,0.2716049
1,0.876098152,36,0,0.080819863,6000.0,2,0,0,1,1.0,0.820994
0,0.009272723,56,0,0.065438223,4232.0,6,0,0,0,0.0,0.11740045
0,0.125675804,65,0,0.124556738,2255.0,10,0,0,0,0.0,0.21092744
0,0.148265146,53,0,0.288362979,6633.0,8,0,1,0,2.0,0.14285289
0,0.437360079,50,1,0.12163288,3600.0,7,0,0,0,1.0,0.59038866
0,0.006015218,56,2,0.516328586,6950.0,12,0,3,0,5.0,0.5814304
0,0.03050813,79,0,0.018878401,1800.0,13,0,0,0,0.0,0.055784162
0,0.279441118,57,0,0.001332889,3000.0,1,0,0,0,1.0,0.259925
0,0.192618853,58,1,0.024065161,2700.0,7,0,0,0,0.0,0.4601225
0,0.0,81,0,0.004678041,3633.0,8,0,0,0,1.0,0.05178574
0,0.013048772,50,0,0.003823155,10200.0,9,0,0,0,0.0,0.097678095
0,0.926409812,44,0,0.964150293,2900.0,5,0,1,0,3.0,0.5419696
0,0.264878839,60,0,0.305337195,9667.0,7,0,2,0,1.0,0.08035726
1,1.012329499,68,2,0.403740729,3100.0,2,2,0,0,1.0,0.93953174
0,0.686953149,57,0,0.278324341,3150.0,7,0,0,0,2.0,0.5298706
0,0.025733021,67,0,0.252353701,10833.0,16,0,3,0,0.0,0.15384574
0,0.173247113,52,0,0.503109377,8200.0,10,0,3,0,2.0,0.26090682
0,0.825134846,60,0,0.392076115,14083.0,14,0,3,0,0.0,0.418202
0,0.009519619,46,0,0.001136548,6158.0,3,0,0,0,1.0,0.06839529
0,0.593428151,31,0,0.337736523,2800.0,7,0,0,0,0.0,0.44361335
0,0.002140517,89,1,5.0,0.0,4,0,0,0,0.0,0.066175826
0,0.03633093,59,0,0.384020212,6332.0,10,0,1,0,0.0,0.082995236
0,0.9999999,37,0,0.04220659,2700.0,4,0,0,2,0.0,0.84588486
0,0.015701201,34,0,0.002399852,5416.0,6,0,0,0,0.0,0.111810036
0,0.003327537,69,0,0.003330558,1200.0,10,0,0,0,0.0,0.033798184
1,0.610635901,47,1,0.634480788,7000.0,19,0,2,1,3.0,0.798305
0,0.031904415,39,0,0.373311428,5477.0,5,0,1,0,3.0,0.07136047
0,0.415544196,42,0,1.343332833,6666.0,9,0,6,0,1.0,0.811514
0,0.522891222,45,0,0.257709251,9533.0,7,0,2,0,0.0,0.31293324
0,0.040495673,72,0,0.388631735,5400.0,6,0,2,0,1.0,0.057106905
0,0.191063851,34,0,0.30542477,4884.0,3,0,0,0,0.0,0.14915368
0,0.53396065,54,1,0.323590625,11050.0,19,0,1,0,2.0,0.53899467
0,0.204865494,48,0,0.385253054,6875.0,6,0,1,0,3.0,0.112533756
0,0.361800917,61,0,0.109652322,12338.0,18,0,0,0,0.0,0.2285321
0,0.030099999,62,0,0.459866705,3450.0,15,0,2,0,2.0,0.20581427
0,0.02287005,84,1,0.631278267,4200.0,8,0,1,0,0.0,0.34042305
0,0.969621941,43,0,0.227675528,4400.0,4,0,0,0,0.0,0.50617546
0,0.657864178,31,0,0.352607403,3700.0,12,0,0,0,1.0,0.56353927
0,0.009570229,53,0,0.002117398,8500.0,9,0,0,0,0.0,0.11856234
0,0.054595894,65,0,0.236803824,9623.0,6,0,2,0,0.0,0.080854475
0,0.099201516,61,0,0.353145396,7200.0,6,0,1,0,0.0,0.075822204
0,0.045113443,45,0,0.446271777,7174.0,9,0,2,0,2.0,0.19359338
0,0.079945307,65,0,0.925598165,3050.0,14,0,1,0,0.0,0.18604219
0,0.152442139,31,0,0.077540631,5106.0,6,0,0,0,1.0,0.18548942
0,0.199712737,29,0,0.12539733,6291.0,12,0,0,0,1.0,0.22874719
0,0.619487857,66,0,0.296376032,8360.0,10,0,3,0,1.0,0.23350081
0,0.9999999,40,0,0.207130125,8414.0,3,0,2,0,0.0,0.36175832
0,0.170758652,57,0,0.048454084,6500.0,7,0,0,0,0.0,0.19670801
0,0.279860757,68,0,0.384003033,2637.0,6,0,1,0,0.0,0.10795902
1,0.867379007,35,0,0.149591452,3181.0,5,0,0,0,0.0,0.49432662
0,0.009149447,56,0,0.194195804,14299.0,13,0,2,1,4.0,0.32412872
0,0.167083325,61,0,0.432985853,5371.0,13,0,1,0,0.0,0.11952572
0,0.969445576,74,0,1.205323194,1577.0,5,0,0,0,0.0,0.40715554
0,0.077607155,59,0,0.076521919,19366.0,17,0,0,0,0.0,0.09050361
0,0.063230737,53,0,0.255550654,6800.0,7,0,1,0,1.0,0.07443246
0,0.036391671,71,0,0.172235555,5416.0,7,0,2,0,0.0,0.046407416
0,0.889204162,35,0,0.251021049,6365.0,7,0,0,0,0.0,0.46358788
0,0.896827561,51,0,0.524647535,10000.0,16,0,2,1,1.0,0.8456072
1,0.824476301,42,1,0.716467648,3600.0,6,0,1,0,3.0,0.68740547
0,0.947052947,30,0,0.112756953,3307.0,2,0,0,0,1.0,0.5869857
0,0.306956451,63,0,1.353646354,1000.0,15,0,1,0,0.0,0.31028068
0,0.014756024,32,0,2.14985015,1000.0,5,0,1,0,0.0,0.071176775
0,0.011824674,81,0,0.216046616,2230.0,15,0,0,0,0.0,0.13232952
0,0.706341768,35,0,0.011164806,6000.0,1,0,0,0,0.0,0.5208911
0,0.258682358,45,2,0.225686873,4585.0,6,0,0,0,4.0,0.6039138
0,0.011996718,53,0,0.363000636,12583.0,19,0,2,0,2.0,0.20898321
1,0.9999999,53,1,0.523369158,4000.0,6,4,2,0,1.0,0.94693184
1,0.175832024,41,2,0.147885857,4800.0,3,3,0,0,4.0,0.92749274
0,0.367825287,35,0,0.321303258,5984.0,4,0,1,0,0.0,0.20732884
0,0.9999999,40,0,0.478504299,5000.0,7,0,2,0,0.0,0.51225245
0,0.094437872,66,0,0.221298064,7333.0,8,0,1,0,0.0,0.044769004
0,0.581078829,31,0,0.141990564,4450.0,3,0,0,0,3.0,0.3924231
1,0.989608522,60,1,0.595625872,2148.0,6,0,1,0,0.0,0.6339385
0,0.9999999,31,0,0.104889374,3660.0,4,0,0,0,1.0,0.5504212
0,0.0,48,2,0.384413638,10675.0,11,0,3,0,0.0,0.5656135
0,0.023873514,42,0,0.534945221,5293.0,6,0,2,0,0.0,0.17501934
0,0.014944726,53,0,0.15358883,13750.0,9,0,3,1,0.0,0.5369699
0,0.342471479,47,1,0.120083802,10500.0,8,0,0,0,2.0,0.31560385
0,0.110339705,62,0,0.212638376,2167.0,4,0,0,0,0.0,0.12336519
0,0.157317383,42,0,0.302969703,10000.0,6,0,1,0,1.0,0.13898686
0,0.165208861,47,0,0.662110495,10461.0,7,0,4,0,3.0,0.344174
1,1.0,45,0,0.118255473,5800.0,3,1,0,1,6.0,0.93310475
0,0.9999999,34,0,0.0,1421.0,0,1,0,0,1.0,0.90661466
0,0.0,47,3,0.637613246,3200.0,14,0,2,0,5.0,0.46526414
0,0.953490093,45,0,0.940750323,3864.0,26,0,2,0,2.0,0.769418
0,0.9999999,58,0,0.155176005,4800.0,2,0,0,0,1.0,0.4515972
0,0.9999999,42,0,0.465876061,8600.0,4,0,2,0,0.0,0.4967255
0,0.869214643,51,0,1.802175665,2481.0,5,0,3,0,0.0,0.6093715
0,0.10299485,53,0,0.092393687,9123.0,7,0,1,0,0.0,0.10836147
0,0.994886945,33,0,0.344336392,7300.0,8,0,2,0,2.0,0.4961537
0,0.209814251,67,0,0.097773279,4939.0,7,0,0,0,0.0,0.1097957
0,0.0,50,0,0.0,2709.0,1,0,0,0,2.0,0.19872458
1,0.139643044,85,0,0.020185029,3566.0,3,0,0,1,0.0,0.6182414
0,0.005809413,46,0,0.008639309,925.0,11,0,0,0,0.0,0.10414046
0,0.38044612,46,0,0.326816437,14065.0,16,0,1,0,3.0,0.31352317
0,0.182988675,69,0,0.369452219,2500.0,15,0,0,0,0.0,0.192788
0,0.948017328,34,0,1.779350541,1200.0,7,0,1,0,2.0,0.5977922
0,0.150406011,40,1,0.116376725,5000.0,4,0,0,1,2.0,0.7834463
0,0.099423022,53,0,0.401974066,5166.0,16,0,2,0,1.0,0.23830993
0,0.705709283,68,2,0.193403483,16250.0,10,0,2,0,1.0,0.644916
0,0.211140335,50,0,0.276405011,8700.0,9,0,2,0,5.0,0.1628735
0,0.177870291,37,0,0.465315852,4194.0,6,0,1,0,2.0,0.17826256
0,0.113123952,56,1,0.339926103,4600.0,11,0,1,0,4.0,0.38041386
0,0.047947603,42,0,0.00559888,5000.0,5,0,0,0,0.0,0.07590305
0,0.9999999,51,0,0.085768608,14200.0,2,0,2,0,2.0,0.26236403
1,0.647653676,54,0,0.262126988,7606.0,10,0,1,0,4.0,0.32803103
0,0.082472265,42,0,0.27802652,11613.0,21,0,2,0,2.0,0.19318998
0,0.028419716,62,0,0.33065524,5600.0,18,0,2,0,0.0,0.22843961
0,0.454674087,37,0,0.133624216,3666.0,11,0,0,0,1.0,0.32931873
0,0.014702861,53,0,0.353456864,5018.0,7,0,1,0,3.0,0.112622105
1,0.175310265,55,3,0.086535458,3200.0,17,2,0,1,1.0,0.9501661
0,0.611070844,33,0,0.895688875,3316.0,12,0,1,0,2.0,0.6189797
0,0.070046508,56,0,0.343689736,14000.0,8,0,1,0,0.0,0.1296534
0,0.733266671,56,0,0.484206317,2500.0,11,0,1,0,0.0,0.48346606
0,0.009892886,68,0,0.233709677,6199.0,8,0,1,0,0.0,0.029328855
0,0.540491902,54,0,0.303884609,6100.0,5,0,1,0,0.0,0.24311256
0,0.993006993,55,0,0.006695549,5077.0,1,1,0,0,0.0,0.8369357
0,0.006187113,77,0,0.361659585,4000.0,4,0,1,0,0.0,0.02815257
0,0.0045665,58,0,0.014030612,1567.0,5,0,0,0,0.0,0.08751575
0,0.35293414,55,2,0.372516344,7800.0,7,0,2,0,1.0,0.5100901
0,0.270101759,39,0,0.126850553,6416.0,8,0,2,0,1.0,0.12018304
1,0.385790482,52,0,0.749711649,2600.0,11,0,1,0,1.0,0.4104088
0,0.0,62,0,0.0,14100.0,1,0,0,0,0.0,0.066730894
0,0.9999999,38,0,0.32444062,3485.0,2,1,1,0,0.0,0.82425827
0,0.331057846,38,0,1.437781109,2000.0,19,0,1,0,2.0,0.53275937
0,0.0,31,0,0.017996728,5500.0,7,0,0,0,0.0,0.15981491
0,0.048819787,32,0,0.448995013,6616.0,6,0,1,1,0.0,0.5147736
0,0.9999999,60,0,0.372321854,6300.0,4,0,2,1,1.0,0.739526
1,1.933554817,40,0,0.031458278,3750.0,3,1,0,0,1.0,0.87702537
0,0.491700929,42,0,0.341501197,7100.0,8,0,1,0,2.0,0.27488637
0,0.000941066,25,0,0.097342805,3800.0,7,0,0,0,0.0,0.17531592
1,0.819523465,43,0,2.179937952,966.0,10,0,1,0,2.0,0.6063667
0,0.201810843,33,0,0.620915033,2600.0,7,0,1,0,1.0,0.22543302
0,0.07776404,61,0,0.390569778,11600.0,9,0,2,0,3.0,0.10107392
0,0.129668965,31,0,0.296861983,3600.0,9,0,1,0,0.0,0.16607818
0,0.134726791,51,0,0.334030975,7166.0,10,0,1,0,2.0,0.1592128
0,0.043642456,59,0,0.377225067,4100.0,8,0,1,0,0.0,0.10844495
0,0.895553802,39,0,4.710963455,300.0,11,0,0,0,0.0,0.51173687
0,0.071912231,48,0,0.270363951,7500.0,5,0,2,0,4.0,0.1752557
0,0.204952044,41,0,0.80442541,1400.0,3,0,1,0,2.0,0.19585943
0,0.206812203,41,0,1.132419113,14000.0,10,0,4,0,3.0,0.550601
0,0.006491,62,0,0.575356565,6800.0,9,0,3,0,0.0,0.14278363
0,0.558882236,25,0,0.084824248,4750.0,3,1,0,0,1.0,0.7922605
0,0.370945454,50,0,0.529323534,13333.0,12,0,4,0,0.0,0.40177757
0,0.579221039,42,0,0.398415657,4291.0,7,0,1,0,0.0,0.38779113
0,0.05002405,55,0,0.08854364,7916.0,6,0,0,0,0.0,0.11234438
1,0.006619235,45,2,0.285218146,9213.0,7,0,2,0,4.0,0.29358864
0,0.120809489,57,0,0.217049033,8891.0,9,0,2,0,2.0,0.12300661
0,0.215568862,24,0,3.0,0.0,1,0,0,0,0.0,0.06668389
0,0.35964036,24,0,0.003368137,2968.0,2,0,0,0,0.0,0.41732317
0,0.17552496,58,0,0.217590239,3933.0,4,0,1,0,1.0,0.12454429
0,0.846617624,49,0,0.528291317,7139.0,14,0,2,0,2.0,0.52141076
0,0.340266935,52,0,0.340267459,4710.0,13,0,0,0,0.0,0.29124725
0,0.079452482,63,2,0.201199201,1500.0,10,0,0,0,1.0,0.60438436
0,0.058194181,36,0,0.825217672,3100.0,8,0,2,0,2.0,0.23370054
0,0.4959269,43,0,1090.5,1.0,10,0,2,0,2.0,0.26406747
0,0.117209281,61,0,0.180371004,7600.0,6,0,1,0,0.0,0.12136488
0,0.943891013,65,0,612.5,1.0,10,0,0,0,0.0,0.252372
0,0.631401162,52,1,0.62950621,3300.0,2,0,1,0,0.0,0.63451684
0,0.005899705,70,0,0.0009998,5000.0,3,0,0,0,0.0,0.010451303
0,0.007794291,39,0,0.003263974,2450.0,2,0,0,0,0.0,0.041199323
0,0.08086487,50,0,0.079648306,7733.0,6,0,1,0,0.0,0.09866296
0,0.835675796,55,1,0.509176103,2560.0,5,0,0,0,0.0,0.70084447
0,0.045377274,76,0,0.062946386,10500.0,12,0,0,0,0.0,0.06205356
0,0.0,36,0,0.953441874,3500.0,6,0,2,0,0.0,0.2103393
1,0.942443534,44,0,0.895944149,3007.0,11,0,2,0,3.0,0.68411046
0,0.245250317,58,0,0.527234741,6700.0,5,0,1,0,0.0,0.091336995
0,0.562988509,49,0,0.470180428,11250.0,12,0,2,0,0.0,0.35486314
0,0.595743543,26,0,0.263176144,2883.0,4,0,0,0,1.0,0.5383586
0,0.9999999,51,0,0.264295752,9250.0,6,0,2,0,2.0,0.38616765
0,0.248309577,40,0,0.199515973,10329.0,5,0,1,0,2.0,0.07658325
0,0.031214857,45,0,0.128277531,2478.0,8,0,0,0,1.0,0.17376082
0,0.16029301,64,0,0.233293336,21667.0,14,0,4,0,1.0,0.089393355
0,0.358054016,50,3,0.510989529,10600.0,15,0,3,0,0.0,0.7220815
1,0.0,51,0,0.093255772,5500.0,6,0,0,0,0.0,0.17015627
1,0.532207098,80,0,0.248986212,1232.0,2,0,0,0,0.0,0.40348527
0,0.334929838,33,0,0.138426454,4384.0,8,0,0,0,1.0,0.24863185
0,0.059269804,49,0,0.209947513,4000.0,17,0,0,0,2.0,0.15931073
0,0.009889727,65,0,0.001170703,13666.0,7,0,0,0,1.0,0.02542182
0,0.027017199,34,0,0.212578742,10000.0,5,0,1,0,0.0,0.069581665
0,1.956810631,33,1,0.122481322,4416.0,2,13,0,0,0.0,0.957074
0,0.983077574,60,0,0.506582412,3797.0,6,0,0,0,0.0,0.45988497
0,0.080951606,47,0,0.562946845,3216.0,6,0,1,0,1.0,0.17117174
0,0.9999999,29,0,0.145236509,1500.0,5,0,0,0,1.0,0.5165944
0,0.03848263,63,0,1533.0,0.0,11,0,1,0,0.0,0.045149177
0,0.644938111,35,0,0.362828582,2700.0,8,0,0,0,0.0,0.46076366
0,0.077710585,27,0,1.056647399,864.0,6,0,0,0,0.0,0.18263319
0,0.101431411,68,0,0.317276273,9486.0,12,0,2,0,0.0,0.08222092
1,0.316373262,71,0,0.549633578,1500.0,17,0,1,0,0.0,0.3345703
0,0.07494355,37,0,0.264911696,3000.0,5,0,1,0,0.0,0.13465314
0,0.090839163,46,0,0.367628287,7833.0,8,0,1,0,2.0,0.103473425
0,0.173647645,72,1,0.165917041,2000.0,9,0,1,0,0.0,0.30334964
0,0.178357159,63,0,0.568797685,3800.0,5,0,2,1,0.0,0.5333865
0,0.017609685,61,0,0.269442609,4538.0,7,0,1,0,1.0,0.06317727
0,1.0029998,33,0,0.271408312,9166.0,6,0,1,0,0.0,0.5538144
0,0.384427189,40,0,0.35013785,2538.0,10,0,0,0,0.0,0.32860225
0,0.04257549,46,0,3966.0,0.0,13,0,2,0,2.0,0.24002954
0,0.325339993,46,0,0.709583193,8900.0,12,0,2,0,0.0,0.4157496
0,1.040375615,60,0,0.513617021,11749.0,10,0,1,0,1.0,0.46878093
0,0.418009291,60,0,0.266346731,5000.0,13,0,1,0,0.0,0.27448735
0,0.352883788,61,0,0.393786262,10685.0,10,0,1,0,0.0,0.17861709
0,0.727227277,48,0,0.53930544,13216.0,11,0,3,0,1.0,0.5422927
0,0.041461449,87,0,0.021041557,1900.0,8,0,0,0,0.0,0.05742913
0,0.518584814,50,0,0.17338177,9083.0,5,0,0,0,1.0,0.3487927
0,0.058074479,37,0,0.078600115,12200.0,7,0,1,0,3.0,0.032639958
0,0.014096319,31,0,0.780025284,2372.0,7,0,2,0,3.0,0.24433076
0,0.063264663,57,0,0.154278576,1600.0,13,0,0,0,1.0,0.1897277
0,0.197087809,44,2,0.552367288,7666.0,20,0,2,0,1.0,0.5289547
0,0.002352886,47,0,0.221037086,6093.0,17,0,1,0,2.0,0.11259033
0,0.076601088,48,0,0.014873141,8000.0,5,0,0,0,3.0,0.09277162
0,0.746955519,50,0,1.709953012,2340.0,7,0,2,0,0.0,0.56655896
0,0.121457877,57,0,0.678837556,2683.0,18,0,2,0,0.0,0.30454335
0,0.861706915,46,0,0.384106912,6958.0,6,0,2,0,4.0,0.36422452
0,0.082600657,35,0,0.114268798,5066.0,8,0,0,0,0.0,0.10214478
0,0.02258167,64,0,0.292823621,10227.0,13,0,2,0,0.0,0.081209324
0,0.04574896,69,0,32.5,1.0,4,0,0,0,0.0,0.045715056
0,0.9999999,45,1,0.370062754,10835.0,3,0,2,0,0.0,0.64139766
0,0.27712455,48,1,0.155020157,10417.0,10,0,1,0,1.0,0.27264103
0,0.283578208,67,0,0.138417058,8300.0,10,0,1,0,0.0,0.1788004
0,1.080983803,40,1,0.376108503,3833.0,5,0,0,0,1.0,0.88596153
0,0.185965119,41,0,0.0843483,5500.0,5,0,0,0,1.0,0.16943093
0,0.011904659,64,0,0.005290383,8505.0,16,0,0,0,0.0,0.15001398
1,0.9999999,45,0,0.016935319,4900.0,0,0,0,0,0.0,0.6907302
0,0.035546304,52,0,0.027387881,2920.0,4,0,0,0,0.0,0.1355466
0,0.336975111,56,0,0.385871376,3000.0,9,0,1,0,0.0,0.29079005
0,0.266176376,63,0,0.041401724,7076.0,6,0,1,0,0.0,0.12525573
0,0.33669029,62,0,0.212668198,9140.0,8,0,2,0,1.0,0.09318789
0,0.154597622,42,2,0.402512797,8595.0,13,0,3,1,2.0,0.71714187
0,0.759104545,84,0,0.140833989,5083.0,6,0,0,0,0.0,0.28123704
0,0.081460772,32,0,0.121648461,12083.0,9,0,1,0,3.0,0.09621328
1,0.44658856,43,3,0.060949817,5200.0,10,1,0,0,2.0,0.90506643
0,0.03479652,49,0,0.507199499,9583.0,11,0,3,0,0.0,0.23052436
0,0.265117608,45,1,0.211842105,3799.0,11,0,0,0,1.0,0.46405864
0,0.271052296,48,0,0.479380155,4000.0,7,0,1,0,1.0,0.18650877
0,0.343263212,62,0,0.448767362,13750.0,11,0,4,0,0.0,0.2878627
0,0.392771224,64,2,0.352026652,1800.0,9,0,0,0,0.0,0.68514097
0,0.005326455,53,0,79.0,0.0,4,0,0,0,0.0,0.14874639
0,0.229588511,55,0,1850.5,1.0,15,0,1,0,0.0,0.11808161
0,0.9999999,27,0,0.282559456,1765.0,5,0,0,0,0.0,0.60184175
0,0.841513207,66,1,0.213615302,8416.0,5,0,1,0,0.0,0.4722593
0,0.146550493,34,0,1.120786517,2135.0,5,0,1,0,0.0,0.18189906
0,0.036459189,58,0,0.128316976,2750.0,6,0,0,0,1.0,0.20371908
0,0.766907699,34,2,0.021596859,4583.0,3,0,0,1,0.0,0.77557796
0,0.075085324,45,0,0.247094856,11100.0,15,0,2,0,1.0,0.14936611
0,0.0,50,0,0.381284022,12491.0,10,0,3,0,1.0,0.34295565
0,0.0,67,0,0.259592551,8000.0,10,0,1,0,0.0,0.10585686
0,0.11938366,53,0,0.268210368,10666.0,18,0,1,0,4.0,0.1824268
0,0.086430452,75,0,19.99000999,1000.0,4,0,1,0,0.0,0.051200453
0,0.454086871,63,0,0.045515595,6700.0,6,0,0,0,0.0,0.22405934
0,0.778886688,48,0,0.449637591,4000.0,6,0,0,0,0.0,0.5021964
0,0.019874324,64,0,0.255923111,4473.0,9,0,1,0,0.0,0.052983675
0,0.007424814,78,0,0.161413199,10500.0,8,0,1,0,0.0,0.034754463
1,0.9999999,31,1,0.294856601,4218.0,4,1,0,0,2.0,0.89909697
0,0.045564919,54,0,0.114469972,2480.0,8,0,0,0,1.0,0.19381095
0,0.509542563,42,1,0.693628465,4833.0,7,0,2,2,3.0,0.9124903
0,0.020453616,48,0,0.471968709,2300.0,13,0,2,0,2.0,0.16552451
0,0.013578161,56,0,0.378476641,5500.0,22,0,1,0,0.0,0.14756963
0,0.0,58,0,0.499242807,3961.0,12,0,1,0,0.0,0.096756
0,0.062991726,63,1,0.256227758,5900.0,7,0,2,0,2.0,0.27890626
0,1.218945935,44,3,0.494635741,9786.0,16,0,2,0,0.0,0.8668012
0,0.378824565,32,0,0.450727464,6666.0,18,0,1,0,1.0,0.2727726
0,0.027032373,64,0,0.181138346,4813.0,7,0,1,0,0.0,0.04237523
0,0.072246842,62,0,0.634243837,1500.0,14,0,1,0,0.0,0.2372076
0,0.930199019,64,0,1.142979087,4685.0,13,0,1,0,1.0,0.4885528
0,0.105526298,64,0,0.058676654,800.0,6,0,0,0,0.0,0.1251147
0,0.004584755,37,0,0.263052496,6990.0,13,0,1,0,3.0,0.050153315
0,0.0,29,0,0.377624475,3333.0,6,0,1,0,0.0,0.21574284
0,0.895540297,49,0,0.477328133,2050.0,8,0,0,0,1.0,0.6020327
0,0.140113408,32,0,0.687541639,1500.0,9,0,0,0,0.0,0.29931635
0,0.020323535,67,0,0.001999846,13000.0,4,0,0,0,0.0,0.017439723
0,0.057423432,67,0,0.24910036,2500.0,6,0,0,0,0.0,0.12231962
0,0.0,66,0,0.170689901,7000.0,5,0,2,0,2.0,0.07710736
0,0.059867543,54,0,1.323896753,1200.0,7,0,1,0,1.0,0.18429331
0,0.369115301,56,0,0.733754275,3800.0,7,0,2,0,2.0,0.25212687
0,0.0,40,1,0.0,3800.0,7,0,0,0,0.0,0.11985997
0,1.628951747,45,2,0.20951967,4600.0,6,0,0,2,1.0,0.92406046
0,0.038875134,76,0,0.55521378,3250.0,14,0,1,0,0.0,0.1474113
0,0.007436228,70,0,0.693359861,16083.0,14,0,8,0,0.0,0.25583437
0,0.0,69,0,0.406288788,4833.0,7,0,2,0,1.0,0.06380834
0,0.0,82,0,0.006665278,4800.0,8,0,0,0,0.0,0.09392629
0,0.417846987,42,0,0.191705233,5617.0,5,0,0,0,2.0,0.2601548
0,0.031064596,70,0,0.201457241,7822.0,2,0,1,0,0.0,0.037079044
0,0.14464738,58,1,0.233218447,6092.0,11,0,0,0,0.0,0.41456023
0,0.1141528,46,0,0.235702963,8200.0,4,0,2,0,0.0,0.08085579
0,0.440137656,29,2,0.090780393,5650.0,4,0,0,0,0.0,0.55290633
0,0.896155192,37,0,0.107378524,5000.0,2,0,0,0,4.0,0.6218509
0,1.121243938,29,1,0.174206448,4000.0,2,1,0,0,0.0,0.9102275
0,0.335110942,35,0,687.0,0.0,9,0,0,0,0.0,0.15243623
0,0.029917177,47,1,0.261343805,6875.0,9,0,1,0,0.0,0.22333193
0,0.189818004,62,0,15.47011952,250.0,12,0,2,0,2.0,0.10608039
0,0.065157824,39,0,12.42288557,200.0,9,1,2,0,2.0,0.65563136
0,0.836522725,52,1,1.449843804,2880.0,12,0,1,0,1.0,0.7841506
0,0.623344958,53,3,0.400786557,11187.0,10,0,2,2,1.0,0.8294266
0,0.0,65,0,0.25914817,5000.0,3,0,1,0,0.0,0.102664694
0,0.043935113,66,0,0.099571465,7933.0,8,0,1,0,0.0,0.043759495
0,0.004973272,53,0,0.657276727,17500.0,12,0,5,0,2.0,0.49605703
0,0.439161856,61,0,0.331118494,2708.0,5,0,0,0,0.0,0.30791855
0,0.802568526,35,0,0.247646118,5628.0,10,0,0,0,0.0,0.49993217
0,0.0,60,0,0.05701592,2700.0,1,0,0,0,0.0,0.19549775
1,0.778911799,56,0,0.588584766,4712.0,15,0,1,0,2.0,0.6866659
0,0.412220608,35,0,0.053089382,3333.0,3,0,0,0,1.0,0.29693606
0,1.012941762,29,0,1.326431181,820.0,4,0,0,1,0.0,0.78721833
0,0.0,52,1,0.0,6009.0,4,0,0,1,2.0,0.75451326
0,0.038219521,44,0,0.045581767,2500.0,16,0,0,0,1.0,0.117829084
0,0.050364341,54,0,0.12242222,25166.0,17,0,1,0,0.0,0.08401547
0,0.990049751,68,1,0.019810896,2220.0,4,2,0,0,0.0,0.767061
0,0.9999999,66,1,0.291182796,2324.0,3,1,1,0,0.0,0.7853392
1,1.67179093,73,1,0.406831436,3600.0,6,5,2,1,0.0,0.9724221
0,0.024365943,69,0,0.56323452,5700.0,13,0,2,0,0.0,0.108291246
0,0.52854174,67,0,1.958861976,2600.0,9,0,1,0,0.0,0.38781592
0,0.9999999,60,0,0.335334826,9825.0,6,0,2,0,0.0,0.29157498
0,0.742219053,51,0,0.562538863,20906.0,14,0,3,0,2.0,0.6203987
0,0.635417892,55,0,0.704345435,3635.0,9,0,1,0,1.0,0.4371014
0,0.0,46,0,0.138976837,6000.0,6,0,1,0,2.0,0.15524957
1,0.711237719,40,2,0.57706049,8116.0,9,1,2,0,1.0,0.92768097
0,0.233896098,34,0,685.0,0.0,2,0,0,0,3.0,0.058401734
0,0.211608827,73,0,0.249903883,2600.0,5,0,0,0,0.0,0.119219765
0,0.0,49,0,0.199691596,3890.0,11,0,1,0,0.0,0.10980895
0,0.675047118,77,1,0.455417066,2085.0,13,0,0,0,0.0,0.58380854
0,0.32613768,40,3,0.534038801,2834.0,10,0,0,0,0.0,0.7924379
0,0.774014436,35,0,0.250917993,4084.0,3,0,0,0,2.0,0.4663957
0,0.123274383,36,0,0.070560096,5016.0,7,0,0,0,0.0,0.13761868
0,0.165720783,68,0,0.311916978,8575.0,10,0,1,0,0.0,0.095207185
0,0.029848137,63,0,0.070837684,12450.0,9,0,1,0,2.0,0.061116528
0,0.075380136,64,0,0.760387379,3200.0,11,0,2,0,0.0,0.21596986
0,0.005642143,69,0,0.284219002,1241.0,8,0,0,0,0.0,0.06444351
0,0.9999999,57,0,0.0,5000.0,0,0,0,0,0.0,0.67519367
0,0.806462276,40,0,0.349627422,6709.0,8,0,2,0,2.0,0.2696312
0,0.833691796,60,0,0.640071986,6667.0,11,0,1,0,0.0,0.42841512
0,0.011666498,70,0,0.835459601,3056.0,15,0,1,0,0.0,0.13631245
1,0.0,37,0,0.304529393,9338.0,6,0,2,0,2.0,0.139863
0,0.771564767,49,0,0.424660795,4200.0,12,0,1,0,0.0,0.5831694
0,0.626849753,31,0,0.218329939,2454.0,6,0,0,0,0.0,0.4314945
0,0.279558488,56,0,0.203618239,5416.0,18,0,0,0,0.0,0.19952263
0,0.637736406,54,2,3.382196162,1875.0,9,0,2,0,0.0,0.79406345
0,0.091892365,60,0,0.491431539,5776.0,7,0,2,0,1.0,0.09385965
0,0.038294584,70,0,0.383206775,32000.0,9,0,3,0,0.0,0.059685808
0,0.574923193,36,0,0.296851808,12800.0,16,0,1,0,1.0,0.47112718
0,0.023960617,49,0,0.329207332,4200.0,6,0,2,0,2.0,0.12705864
0,0.0,45,0,0.17115293,8395.0,3,0,2,0,1.0,0.16454978
0,0.296445154,42,0,0.755422243,2166.0,16,0,0,0,0.0,0.41333842
0,0.9999999,24,1,0.026730637,2917.0,1,1,0,0,0.0,0.8481847
0,0.500761615,57,0,0.250480685,5720.0,6,0,1,0,0.0,0.2112905
0,0.0,45,1,0.392801028,7000.0,8,0,1,0,0.0,0.28760746
0,0.9999999,54,0,0.241436139,16989.0,5,0,1,0,1.0,0.2626334
0,0.102578754,44,0,0.264255212,3980.0,13,0,1,0,0.0,0.09087495
0,0.438531193,47,0,0.279136043,6666.0,9,0,0,0,3.0,0.35865435
0,0.142004172,38,0,0.323558814,3000.0,4,0,2,0,3.0,0.18735836
0,0.133866134,58,0,0.000888691,4500.0,3,0,0,0,0.0,0.12771583
0,0.015012792,69,0,0.008105802,9375.0,9,0,0,0,0.0,0.039336737
0,0.016452209,65,0,0.228290531,26750.0,4,0,2,0,1.0,0.013670768
1,0.45711431,65,0,0.66651439,6566.0,18,0,2,0,1.0,0.2965099
1,0.446267499,61,0,0.03583169,9125.0,3,0,0,0,0.0,0.31912872
0,0.659144695,51,0,1.472531293,2875.0,9,0,6,0,2.0,0.7244028
0,0.150110375,31,0,0.44955045,1000.0,4,0,0,0,0.0,0.16586348
0,0.165524871,32,0,0.607826335,3500.0,11,0,2,0,0.0,0.33888152
0,0.009565051,57,0,0.197267577,3000.0,3,0,1,0,0.0,0.056518745
0,0.307817722,49,0,0.349853618,4781.0,8,0,2,0,2.0,0.24756274
0,0.021316387,54,0,0.144965484,4200.0,11,0,1,0,2.0,0.07808276
0,0.849061772,41,2,2.063573883,2327.0,11,2,1,2,0.0,0.9583861
0,0.138670308,85,0,0.748695004,1340.0,9,0,0,0,0.0,0.09044493
0,0.9999999,39,0,0.191269577,3000.0,6,0,0,0,0.0,0.52760553
0,0.124682962,53,0,2.123125852,2200.0,12,0,2,0,0.0,0.3289902
0,0.9999999,25,0,0.0,1300.0,0,1,0,0,0.0,0.8867108
0,0.079147899,85,0,0.005466302,15000.0,3,0,0,0,0.0,0.022399385
0,0.013760783,56,1,0.16294964,5559.0,7,0,1,0,3.0,0.2678748
0,0.831861356,30,0,0.164650184,1900.0,5,0,0,0,0.0,0.50425386
0,0.99342951,37,0,0.284816096,6361.0,3,0,1,0,3.0,0.5008964
0,0.011691724,75,0,0.003024803,8264.0,5,0,0,0,0.0,0.029665
0,0.0,64,0,0.318380213,4123.0,9,0,1,0,1.0,0.07924699
0,0.095821739,62,0,0.331604996,8485.0,16,0,2,0,1.0,0.1787618
0,0.855375734,39,1,0.380556837,6500.0,5,0,1,0,0.0,0.58077455
0,0.036632112,44,0,0.365704287,8000.0,7,0,2,0,1.0,0.09845711
1,0.186585266,37,1,0.914642012,4650.0,11,0,1,0,3.0,0.6334328
0,0.792811458,30,0,0.194892978,2662.0,9,0,0,0,4.0,0.69639325
0,0.111970347,41,0,2249.0,0.0,7,0,1,0,3.0,0.03796637
0,0.982083831,44,1,0.077482172,14583.0,6,0,0,4,2.0,0.8364965
1,0.98708423,54,2,0.674852168,12175.0,16,1,3,0,2.0,0.93669987
0,0.247984025,57,0,0.186937408,4776.0,16,0,0,0,0.0,0.25934485
0,0.204553382,44,0,0.098686679,2664.0,5,0,0,0,1.0,0.17444386
0,0.23010685,26,0,0.096619132,6240.0,5,0,0,0,0.0,0.22673386
0,0.05648398,59,0,0.011877167,52200.0,8,0,0,0,1.0,0.0946579
0,0.065187654,76,0,0.275590551,5333.0,7,0,1,0,0.0,0.052035134
0,0.007383479,52,0,0.462717481,7241.0,8,0,2,0,1.0,0.089309976
0,0.414368057,43,0,0.370169275,3130.0,16,0,0,0,0.0,0.53727084
0,0.017997231,39,0,0.233950774,3940.0,3,0,1,0,1.0,0.059235677
0,0.0,38,0,0.350332594,1352.0,4,1,0,0,4.0,0.7952492
0,0.112117156,71,0,0.012205754,3440.0,7,0,0,0,1.0,0.06098301
0,0.001607447,67,0,0.133457336,4300.0,7,0,0,0,0.0,0.040277526
0,0.9999999,65,0,0.314910766,3473.0,2,0,1,0,0.0,0.266233
0,0.018085198,37,0,0.489251075,10000.0,5,0,1,0,1.0,0.106835425
0,0.9999999,72,0,0.028292439,3993.0,1,0,0,1,0.0,0.7189951
0,0.793420416,86,1,0.908223535,2200.0,10,0,1,0,0.0,0.46313426
0,0.019845391,75,0,0.127638191,4974.0,3,0,1,0,0.0,0.022160549
0,0.110409193,38,0,0.345021828,7100.0,12,0,1,0,1.0,0.17632131
0,0.031230235,57,0,0.20189099,7191.0,7,0,1,0,1.0,0.06711657
0,0.278756507,62,0,0.406362379,3614.0,8,0,1,0,0.0,0.14465234
0,0.0,41,1,0.252707053,6833.0,4,0,2,0,0.0,0.23436852
0,0.0,29,0,0.633373934,820.0,4,0,0,0,0.0,0.1580011
0,0.390992274,50,0,0.104133642,8200.0,6,0,0,0,2.0,0.26757002
0,0.050114106,71,0,0.238080869,9941.0,10,0,1,0,0.0,0.071438305
0,0.0,61,0,0.329022797,7500.0,5,0,3,0,1.0,0.14416432
0,0.9999999,62,0,0.053236691,4000.0,4,1,0,0,0.0,0.8497745
0,0.70335311,54,0,1.442416341,2300.0,12,0,2,0,1.0,0.62730145
0,0.747055649,46,0,0.474164134,6250.0,8,0,1,0,0.0,0.44721192
0,0.117136156,58,0,0.526078987,6000.0,9,0,2,0,0.0,0.16349502
0,0.02807998,48,0,0.094932191,1400.0,7,0,0,0,0.0,0.16228876
0,0.004712213,55,0,0.367106176,4322.0,11,0,1,0,0.0,0.098739356
0,0.135652174,41,0,0.025738799,3146.0,2,0,0,0,3.0,0.24611317
0,0.007810778,75,0,0.169264069,2309.0,7,0,0,0,0.0,0.11051085
0,0.9999999,47,0,0.123937625,13530.0,4,0,1,0,2.0,0.37163362
0,0.009056158,67,0,0.014874421,4100.0,17,0,0,0,0.0,0.074987836
0,0.0,52,0,0.217217408,10500.0,9,0,1,0,0.0,0.15572223
0,0.890103362,52,0,0.243957573,5750.0,5,1,0,0,0.0,0.8084316
0,0.025702228,60,0,0.523809524,13250.0,21,0,3,0,0.0,0.26372114
0,0.066750568,66,0,0.274023126,10031.0,14,0,2,0,0.0,0.15941806
0,0.633539441,57,0,0.635485511,5900.0,8,0,2,0,0.0,0.34740764
0,0.955579771,51,0,0.530306186,4800.0,7,0,2,0,3.0,0.59907144
0,0.502349922,70,1,0.38171755,5600.0,4,0,1,0,0.0,0.43040505
0,0.034553771,61,0,0.046936115,2300.0,5,0,0,0,1.0,0.14840132
0,0.111377768,53,0,0.236796655,11000.0,5,0,1,0,2.0,0.050340455
0,0.0,22,0,0.0,820.0,1,0,0,0,0.0,0.058837328
0,0.008705541,36,0,0.060989835,6000.0,3,0,0,0,2.0,0.08554169
0,0.336031618,55,0,0.938676887,6000.0,11,0,3,0,1.0,0.459663
1,0.0,30,0,0.607420076,7600.0,10,0,1,0,0.0,0.33852968
0,0.283711855,33,0,0.119868251,8500.0,11,0,0,0,0.0,0.19514075
0,0.112887113,22,0,0.003225806,929.0,2,0,0,0,0.0,0.18497431
0,0.997818578,41,0,0.192136085,3585.0,2,0,0,0,3.0,0.57601744
0,0.860313969,56,0,0.345730854,5000.0,5,0,1,0,2.0,0.45029575
0,0.291052216,63,0,0.537213952,4500.0,12,0,1,0,0.0,0.18665738
0,0.168854146,46,0,0.431803609,10916.0,21,0,3,0,2.0,0.30473983
1,0.9999999,38,0,0.858428314,5000.0,6,0,1,0,3.0,0.6329885
0,0.009919956,85,0,0.001835121,7083.0,3,0,0,0,0.0,0.01935013
0,0.732174106,56,0,0.394787031,12583.0,15,0,3,0,0.0,0.44759366
0,0.210700925,52,0,0.190306947,18569.0,17,0,1,0,3.0,0.17895442
0,0.036149579,39,0,0.00736418,7196.0,8,0,0,0,0.0,0.087020844
0,0.137486327,60,0,0.127143319,3090.0,9,0,0,0,1.0,0.2924057
0,0.255581473,47,0,0.429401364,3958.0,5,0,1,0,1.0,0.2033887
0,0.041278349,43,0,0.506352843,4800.0,5,0,1,0,1.0,0.095204435
0,0.081855753,54,0,0.296599627,9645.0,7,0,1,0,0.0,0.090947405
0,0.159922672,40,0,0.544863784,4000.0,4,0,1,0,0.0,0.18157998
0,0.964098548,44,0,0.593731975,5200.0,6,0,1,0,3.0,0.5704065
0,0.056756135,54,0,0.319816514,5449.0,5,0,1,0,1.0,0.07708806
0,0.22550045,54,0,0.412764539,6000.0,8,0,1,0,0.0,0.13030839
0,0.19303668,56,0,0.169423216,26300.0,9,0,3,0,0.0,0.20295794
0,0.206684993,42,0,0.591147073,2100.0,9,0,2,0,3.0,0.29534256
1,1.004579978,45,5,1.673565381,3188.0,5,4,1,1,0.0,0.9808235
0,0.168962548,52,0,0.302201193,9721.0,16,0,1,0,4.0,0.19184008
0,0.0,57,0,0.034793041,5000.0,8,0,0,0,2.0,0.16044493
0,0.070822483,31,0,0.085240726,3800.0,10,0,0,0,0.0,0.17744333
0,0.260571686,52,0,0.195075176,13035.0,20,0,0,0,2.0,0.23460963
0,0.001111076,76,0,0.244188953,4000.0,6,0,1,0,0.0,0.031071698
0,0.036376099,28,0,0.131416056,10500.0,10,0,1,0,0.0,0.15286367
0,0.029136797,59,0,0.214022457,11666.0,16,0,1,0,0.0,0.078998074
0,0.016507656,67,0,0.221561531,3867.0,11,0,1,0,0.0,0.07984985
0,0.953006713,35,0,0.207020298,8916.0,7,0,0,0,1.0,0.53306276
0,0.0,58,0,0.247945741,7666.0,7,0,3,0,1.0,0.0973773
0,0.007131829,63,0,0.141557525,12750.0,3,0,1,0,0.0,0.0227769
0,0.988180201,51,0,0.289504487,10251.0,9,0,0,0,3.0,0.4232219
0,0.094379458,41,0,0.368991688,8300.0,10,0,1,0,2.0,0.1336139
0,0.001309043,56,0,0.18025634,11000.0,6,0,1,0,1.0,0.03947226
0,0.04765061,52,1,0.241795641,12340.0,6,0,1,0,0.0,0.17792581
0,0.6007999,32,1,0.068586283,5000.0,6,0,0,1,0.0,0.7846044
0,0.72233674,48,0,0.140214946,4000.0,5,0,0,0,1.0,0.43074045
0,0.342646088,59,0,0.709454456,4050.0,18,0,1,0,1.0,0.32184002
0,1.024973078,41,0,0.147180376,7500.0,2,0,1,0,0.0,0.46599516
0,0.276221037,36,0,0.539596889,6300.0,11,0,1,5,2.0,0.82541186
0,0.115047841,62,0,0.134580877,3900.0,12,0,0,0,3.0,0.35170603
0,0.201423886,52,0,0.174117818,13800.0,4,0,1,0,0.0,0.0903551
0,0.405781293,61,0,0.912527335,3200.0,5,0,1,0,1.0,0.18061426
0,0.73719295,75,0,0.238113949,2544.0,7,0,0,0,0.0,0.39077044
0,0.0,56,0,0.320467953,10000.0,10,0,1,0,0.0,0.1529893
0,0.034150741,49,0,0.370836942,12700.0,6,0,2,0,1.0,0.116883874
0,0.004708322,56,0,0.302935765,12500.0,11,0,2,0,1.0,0.07029377
0,0.200719712,65,0,0.30796819,6412.0,2,0,1,0,0.0,0.092337176
0,0.179829576,44,1,0.289656827,8333.0,7,0,2,0,1.0,0.32053444
0,0.176658333,49,0,0.259616516,8500.0,13,0,1,0,2.0,0.13506562
0,0.090381924,45,0,0.351471181,2480.0,4,0,1,0,0.0,0.13628973
0,0.0,67,0,0.0,1890.0,5,0,0,0,0.0,0.037228685
0,0.149573547,54,0,0.360985533,8847.0,9,0,2,0,1.0,0.15356323
0,1.219560878,25,1,0.26982012,1500.0,3,3,0,1,2.0,0.96195894
0,0.450248868,39,0,0.37413863,7400.0,11,0,2,0,1.0,0.30507356
0,0.566956486,47,0,0.351292829,7850.0,15,0,1,0,2.0,0.51673466
0,0.012563962,80,0,0.434140715,4334.0,11,0,2,0,1.0,0.06730491
1,0.0,27,0,0.0,2300.0,2,0,0,0,0.0,0.29971355
0,0.054374171,59,0,0.287040343,2800.0,15,0,1,0,0.0,0.16526906
0,0.089890936,43,0,0.501101508,5900.0,6,0,1,0,2.0,0.11689323
0,0.441016944,67,0,0.426659804,3885.0,12,0,2,0,0.0,0.20617923
0,0.0,35,0,0.0,7166.0,3,0,0,0,0.0,0.09583743
1,0.027671022,31,0,0.243180546,12500.0,9,0,0,0,2.0,0.27700275
0,0.039377533,40,0,0.19221968,2184.0,9,0,0,0,0.0,0.15848096
0,0.9999999,28,0,0.002396645,1668.0,2,0,0,0,0.0,0.6774741
0,0.004521057,44,0,0.348443126,4720.0,11,0,1,0,0.0,0.070119195
0,0.009590764,74,0,0.295847547,8500.0,7,0,1,0,1.0,0.054562453
0,1.006554827,74,0,0.425295858,1351.0,6,0,0,0,0.0,0.42098272
0,0.566577567,37,1,0.302608294,12996.0,9,0,1,0,4.0,0.3819187
0,0.076269984,56,0,0.170266379,8333.0,7,0,1,0,0.0,0.076321915
0,0.310505414,45,1,0.096085791,9324.0,4,0,0,0,1.0,0.41231447
0,0.0,37,0,1.776447106,500.0,5,0,1,0,2.0,0.14081842
0,0.405567971,66,0,1.114407845,3976.0,22,0,2,0,1.0,0.3949186
0,0.408825978,25,0,0.039555864,1440.0,2,0,0,0,0.0,0.51883304
1,0.705224633,39,0,0.176735306,7332.0,6,0,0,0,2.0,0.46862623
0,0.259124681,31,0,0.323746054,2850.0,8,0,0,0,0.0,0.24313469
0,0.700245335,34,0,0.46597248,2688.0,8,0,0,0,3.0,0.55936295
0,0.006974817,57,1,0.344519263,9058.0,8,0,1,0,2.0,0.18272655
0,0.140344686,39,0,0.333686254,5666.0,10,0,1,0,0.0,0.21466553
0,0.311334433,35,0,0.304596019,6831.0,7,0,1,0,3.0,0.1466666
0,0.0,53,0,0.288859533,6812.0,3,0,1,0,0.0,0.15546308
0,0.148928192,49,0,0.474694939,4998.0,11,0,1,0,4.0,0.21902865
0,0.955474852,31,0,0.563641175,7557.0,17,0,2,0,2.0,0.7034076
0,0.110196327,58,0,0.593650794,10709.0,13,0,4,0,3.0,0.13692005
0,0.042184483,70,0,0.19907755,9322.0,6,0,1,0,1.0,0.044030923
1,0.9999999,49,1,0.101353014,4064.0,3,0,0,1,0.0,0.859426
0,0.526034246,41,0,0.111262612,11000.0,5,0,0,0,1.0,0.22718737
0,0.896215187,47,2,0.284775778,3500.0,4,0,1,1,3.0,0.8311632
0,0.042016955,47,0,0.288523497,9000.0,7,0,1,0,2.0,0.07446568
0,0.181656291,71,0,0.101469081,5853.0,11,0,0,0,0.0,0.14923401
0,0.477480557,61,1,0.207559982,4417.0,8,1,0,0,0.0,0.821143
0,0.052008882,51,0,1.547076923,1624.0,18,0,1,0,0.0,0.24464618
0,0.726477151,47,0,0.203857816,15500.0,11,0,1,0,3.0,0.42741582
0,0.272162983,43,0,0.327681184,11617.0,13,0,1,0,3.0,0.104806006
0,0.417875291,57,1,0.961286805,1833.0,10,0,0,0,0.0,0.6528847
0,0.719632858,46,1,0.827439887,4241.0,13,0,2,0,1.0,0.83554363
1,0.501791088,64,0,1.002320378,12066.0,19,0,2,0,0.0,0.52266645
0,0.353919183,48,0,0.575402236,3666.0,10,0,1,0,2.0,0.3370897
1,0.9999999,30,0,0.142429907,2674.0,2,3,0,0,2.0,0.94067675
0,0.791866555,38,4,0.709716114,2500.0,9,0,1,0,2.0,0.84600145
0,0.179534305,48,0,0.476733321,5350.0,15,0,1,0,1.0,0.2191385
0,0.1844727,56,0,0.376834382,1907.0,11,0,0,0,4.0,0.27261573
0,0.0,56,0,0.278712158,2080.0,4,0,0,0,0.0,0.2322384
0,0.078785118,48,0,0.339387268,5450.0,16,0,2,0,1.0,0.2166381
0,0.040091453,66,0,0.115341545,6250.0,4,0,1,0,0.0,0.032425515
0,0.093332195,33,0,162.0,1.0,7,0,0,0,0.0,0.11773937
0,0.0,35,0,0.963318478,2916.0,4,0,1,0,1.0,0.21188702
0,0.102700892,52,0,1.19047619,1700.0,16,0,2,0,0.0,0.33148992
0,0.334124129,42,0,0.310596271,10833.0,9,0,2,0,3.0,0.23455201
0,0.96258674,49,0,0.633136988,6620.0,11,0,1,0,5.0,0.66877955
0,0.10769878,32,0,0.315020963,6916.0,11,0,1,0,1.0,0.14283547
0,0.629725005,41,0,0.598084132,2400.0,8,0,0,0,0.0,0.4833141
0,0.23461532,53,0,0.056403797,32550.0,16,0,0,0,1.0,0.2783452
0,0.002546769,62,1,0.211024048,3700.0,10,0,1,0,0.0,0.33674604
0,0.275482336,47,3,0.087330677,6274.0,6,0,0,0,3.0,0.62832683
0,0.096714106,54,0,0.538597794,17500.0,8,0,4,0,1.0,0.16935669
0,0.200659586,63,0,0.069993334,10500.0,12,0,0,0,0.0,0.11320148
0,0.014697,43,0,0.518585911,3846.0,4,0,1,0,2.0,0.088701546
0,0.212548254,51,0,0.039756819,12500.0,6,0,0,0,4.0,0.12909609
0,0.95020332,41,0,1.015410246,2400.0,4,0,2,0,3.0,0.5908233
0,0.235225157,37,0,0.335036659,4500.0,5,0,1,0,1.0,0.1871946
0,0.006111017,79,0,0.412326897,5126.0,7,0,2,0,0.0,0.044829566
0,0.299160679,58,0,0.339050273,9328.0,19,0,1,0,1.0,0.24698237
0,0.9999999,43,0,0.177489177,8084.0,3,0,1,0,3.0,0.3898581
0,0.678338132,66,0,0.31992002,4000.0,4,0,0,0,0.0,0.30764917
0,0.028001818,65,0,0.229242979,3275.0,19,0,1,0,0.0,0.15536097
0,0.13203527,42,0,0.296130346,9819.0,14,0,2,0,4.0,0.16586639
0,0.216810084,63,0,0.30940967,7300.0,11,0,1,0,0.0,0.11637044
0,0.037379559,37,0,0.333851794,9000.0,11,0,2,0,0.0,0.1589066
1,0.9999999,30,0,0.0,2700.0,0,0,0,0,0.0,0.70749015
0,0.309248923,44,0,0.521895621,5000.0,7,0,2,0,2.0,0.31337592
0,0.0,32,0,0.0,1800.0,3,0,0,0,0.0,0.13162003
0,0.9999999,58,0,0.245466131,10200.0,2,1,1,2,1.0,0.9272195
0,0.486691826,61,0,0.427178899,6975.0,10,0,2,0,0.0,0.15804133
0,0.884015465,34,0,0.719860221,1716.0,4,0,1,0,0.0,0.50298494
0,0.08875645,55,0,0.331515812,4584.0,7,0,2,0,1.0,0.16756183
1,0.929754426,63,0,0.015996632,4750.0,6,0,0,0,0.0,0.51255375
0,0.01516216,78,0,0.186538946,3966.0,11,0,1,0,1.0,0.059989855
0,0.359400634,49,0,0.33931862,23334.0,9,0,3,0,5.0,0.24183778
0,0.857302,47,0,0.41848208,5691.0,9,0,0,0,2.0,0.60488063
1,0.282679417,45,0,0.233586315,8300.0,10,0,1,0,2.0,0.18014546
0,0.406508294,51,0,0.905205102,2900.0,7,0,2,0,0.0,0.36651093
0,0.140605515,64,0,0.128774245,5000.0,26,0,0,0,0.0,0.16821854
0,0.0,27,0,0.243751077,5800.0,5,0,2,0,1.0,0.16395587
0,0.056410891,63,0,0.03811309,3200.0,10,0,0,0,0.0,0.27916643
0,0.074462807,77,0,0.346057714,4400.0,5,0,1,0,0.0,0.1222258
0,0.169441528,67,0,0.320935813,5000.0,7,0,0,0,0.0,0.10864492
0,0.04462572,40,0,0.015246188,4000.0,8,0,0,0,0.0,0.11748287
0,0.707742773,40,0,0.381984241,5583.0,11,0,1,0,3.0,0.45736188
0,0.165504539,44,0,0.307597662,3250.0,6,0,1,0,3.0,0.15118608
0,0.361656458,37,1,0.482709951,4250.0,10,0,2,0,2.0,0.5412348
0,0.508289,48,0,0.446863409,6200.0,13,0,4,1,4.0,0.73564416
0,0.253876313,70,0,0.333267012,5025.0,9,0,2,0,1.0,0.16828047
0,0.451584666,43,0,0.426397945,10121.0,5,0,2,0,0.0,0.23439755
0,0.011987955,45,0,0.24245959,6000.0,4,0,2,0,0.0,0.07440516
0,0.025787029,43,0,668.0,0.0,8,0,0,0,3.0,0.040748823
0,0.319468053,52,0,0.027992002,3500.0,4,0,0,0,1.0,0.34032232
0,0.093662764,63,0,0.160585366,5124.0,6,0,1,0,1.0,0.07743853
0,0.011727812,52,0,0.99706408,7833.0,9,0,3,0,0.0,0.40843004
0,0.913345445,46,0,8795.0,0.0,11,0,2,1,3.0,0.3068692
1,0.813086133,37,2,0.216222702,4166.0,3,1,0,0,3.0,0.9186722
1,0.153523081,41,1,0.396733696,9000.0,17,0,1,0,2.0,0.44048274
0,0.0,31,0,0.94789167,2916.0,6,0,1,0,0.0,0.19917247
0,0.612465017,59,0,0.763740186,1400.0,4,0,1,0,0.0,0.3017018
0,1.123105042,32,3,0.325199645,2253.0,6,0,0,0,2.0,0.94763136
0,0.091731453,42,0,0.238414634,6559.0,5,0,2,0,0.0,0.09124482
0,0.958225471,59,3,0.402577205,4500.0,11,0,2,0,0.0,0.7670541
0,0.13814039,36,0,4.767116442,2000.0,16,0,8,0,2.0,0.71499103
0,0.0722328,60,1,0.294719568,10358.0,10,0,2,0,0.0,0.27948493
0,0.073926074,23,0,0.000702741,2845.0,2,0,0,0,0.0,0.13557835
0,0.9999999,60,0,0.0,3140.0,1,0,0,0,0.0,0.46575168
0,0.705053245,52,2,0.308990562,12501.0,6,0,1,0,2.0,0.61393636
0,0.108067081,79,0,0.366481427,3418.0,21,0,1,0,0.0,0.17306821
0,0.029567168,63,0,0.015421115,5057.0,11,0,0,0,0.0,0.12161326
0,0.279134882,55,0,0.02929707,10000.0,8,0,0,0,0.0,0.2086057
0,0.659983034,43,1,0.266852812,5013.0,7,0,0,0,2.0,0.65592915
0,0.065034628,60,0,0.939346812,4500.0,11,0,2,0,0.0,0.21857844
0,0.034349672,61,0,0.151150374,10300.0,5,0,1,0,1.0,0.03574819
0,0.014923785,73,0,0.001570369,18466.0,15,0,0,0,0.0,0.028793471
0,0.0,68,0,0.375454846,3022.0,5,0,1,0,3.0,0.10171172
0,0.042823169,77,0,0.282399547,5300.0,9,0,1,0,0.0,0.06472087
0,0.032018353,53,1,0.219163579,11333.0,10,0,1,0,0.0,0.23929247
0,0.496388581,56,0,0.170164956,19580.0,12,0,1,0,1.0,0.25296286
0,0.9999999,26,0,0.008132285,3688.0,4,0,0,0,0.0,0.52248466
0,0.0,47,0,0.748033878,6611.0,16,0,10,0,0.0,0.4431033
0,0.910635093,59,0,0.366842319,7400.0,9,0,2,0,0.0,0.3667568
0,0.123529331,70,0,0.431490604,5480.0,10,0,2,0,0.0,0.092287116
0,0.622963429,31,0,0.235642297,6250.0,6,0,0,0,0.0,0.34732026
0,0.058519029,84,1,0.340531894,5000.0,28,0,2,0,0.0,0.5488301
0,0.053627643,80,0,0.017909204,2400.0,5,0,0,0,1.0,0.047012024
0,0.019849008,47,0,0.044912924,12000.0,4,0,0,0,2.0,0.061355434
0,0.586451129,37,0,0.332998325,2984.0,10,0,0,0,1.0,0.55734926
0,0.013183494,50,0,0.240687679,5583.0,10,0,2,0,5.0,0.11315596
0,0.03131062,67,0,0.593913956,5717.0,14,0,3,0,0.0,0.20409761
0,0.064501603,48,0,0.313195393,10245.0,9,0,2,0,2.0,0.14667413
0,0.051083845,61,0,0.270149729,18833.0,12,0,3,0,1.0,0.0751439
0,0.9999999,22,0,0.0,100.0,1,0,0,0,0.0,0.27338964
0,0.06559672,40,0,0.064985873,4600.0,5,0,0,0,0.0,0.090867676
0,0.063624231,45,0,0.173619271,3403.0,7,1,0,0,0.0,0.70455676
0,0.018879311,69,0,0.124602605,9750.0,11,0,3,0,2.0,0.08273642
0,0.472849007,67,0,0.300560275,5532.0,7,0,2,0,0.0,0.16120489
0,0.014030812,50,0,0.246864207,5500.0,5,0,1,0,0.0,0.064920425
0,0.063430469,43,0,0.4,5829.0,8,0,1,0,3.0,0.10798504
1,0.380287814,60,0,0.54796477,4200.0,9,0,2,0,0.0,0.24576575
0,0.198076765,37,1,0.725284981,15000.0,12,0,4,0,0.0,0.8233616
0,0.021244521,53,0,0.224814422,6600.0,21,0,1,0,0.0,0.14373401
0,0.9999999,95,1,0.131434283,2000.0,7,0,0,0,0.0,0.25963327
0,0.012658228,22,0,0.0,898.0,2,0,0,0,0.0,0.031401306
0,0.300298193,59,0,0.54709727,2600.0,16,0,1,0,0.0,0.3367521
0,0.317667872,36,0,0.430220713,2944.0,5,0,1,0,2.0,0.27798176
1,0.419899171,38,2,0.437962376,4730.0,6,0,0,0,2.0,0.74078244
0,0.282971703,42,1,0.240240788,5481.0,5,0,0,0,1.0,0.4116738
0,0.781459791,55,0,0.077640534,11900.0,3,0,1,0,2.0,0.18059185
1,0.53455425,39,0,0.397639731,6100.0,15,0,1,0,1.0,0.53933084
0,0.973451327,48,0,0.461797462,3860.0,5,0,1,0,4.0,0.57042956
0,0.532595187,23,0,0.177475482,3160.0,8,0,0,0,0.0,0.51393145
0,1.035200657,47,0,0.812773403,8000.0,12,0,2,0,1.0,0.7264679
0,0.247939468,33,1,0.191269577,3000.0,7,0,0,1,0.0,0.81551206
0,0.005310162,67,0,0.107964012,3000.0,16,0,0,0,0.0,0.18973142
1,0.969206159,52,4,1.821305842,3200.0,13,1,2,1,0.0,0.9704747
0,0.014761202,59,0,0.009094427,5167.0,3,0,0,0,0.0,0.06655737
0,0.206543912,57,0,0.334941959,7666.0,16,0,0,0,1.0,0.19560216
0,0.050636213,76,0,0.031193761,1666.0,7,0,0,0,0.0,0.08053031
0,0.49184128,36,0,0.170210334,8747.0,11,0,0,0,3.0,0.35573897
0,0.046239383,62,0,0.253016977,14666.0,10,0,1,0,0.0,0.061775725
1,0.415524099,43,1,1.825489379,2400.0,11,0,2,0,3.0,0.62954617
0,0.122732317,43,0,0.079014754,8200.0,7,1,0,0,1.0,0.65169656
0,0.9999999,56,0,0.035528942,2504.0,1,0,0,0,0.0,0.6394654
0,0.786221378,38,0,0.185381668,3392.0,4,0,0,0,3.0,0.44290507
0,0.101220735,41,0,0.39627629,8700.0,17,0,1,0,2.0,0.14934675
0,0.155132582,62,0,0.389287913,4872.0,7,0,1,0,0.0,0.13063675
0,0.00339932,36,0,0.0,1300.0,2,0,0,0,0.0,0.04766588
0,0.0,61,0,0.41645816,3596.0,13,0,1,0,1.0,0.1318686
0,0.309771259,47,0,0.903594382,4200.0,6,0,2,0,0.0,0.46968454
0,0.171908788,62,0,0.393939394,6500.0,13,0,1,0,0.0,0.1428624
